state_code,district_code,district,households_2011,population_2011,male_population_2011,female_population_2011,literate_population_2011,total_workers_2011,main_workers_2011,marginal_workers_2011,main_cultivators_2011,main_agricultural_labourers_2011,main_household_industry_workers_2011,main_other_workers_2011,marginal_cultivators_2011,marginal_agricultural_labourers_2011,marginal_household_industry_workers_2011,marginal_other_workers_2011,literacy_rate_pct,workers_share_pct,data_status,population_source,population_data_year
1,1,Kupwara,113929,870354,474190,396164,439654,229064,123837,105227,14585,9834,2571,96847,20095,46925,5375,32832,50.51438839828391,26.318486500895037,REAL_OFFICIAL,Census 2011 Primary Census Abstract,2011
1,2,Badgam,103363,753745,398041,355704,335649,214866,132003,82863,34173,11560,14401,71869,21126,25070,14701,21966,44.53084265898944,28.506457754280294,REAL_OFFICIAL,Census 2011 Primary Census Abstract,2011
1,3,Leh(Ladakh),21909,133487,78971,54516,93770,75079,57125,17954,11175,593,502,44855,9694,1052,518,6690,70.24654086165694,56.24442829638841,REAL_OFFICIAL,Census 2011 Primary Census Abstract,2011
1,4,Kargil,18338,140802,77785,63017,86236,51873,28941,22932,1834,524,272,26311,6432,3239,950,12311,61.246289115211425,36.84109600715899,REAL_OFFICIAL,Census 2011 Primary Census Abstract,2011
1,5,Punch,90261,476835,251899,224936,261724,161393,73247,88146,17902,5917,1187,48241,36362,25666,2743,23375,54.88774943114495,33.84671846655552,REAL_OFFICIAL,Census 2011 Primary Census Abstract,2011
1,6,Rajouri,130401,642415,345351,297064,364109,290912,130377,160535,43100,6148,1655,79474,93427,17868,3001,46239,56.678159756543664,45.28412319139497,REAL_OFFICIAL,Census 2011 Primary Census Abstract,2011
1,7,Kathua,119583,616435,326109,290326,389204,200431,142847,57584,46391,10152,2226,84078,23142,11414,1726,21302,63.1378815284661,32.51453924582478,REAL_OFFICIAL,Census 2011 Primary Census Abstract,2011
1,8,Baramula,152635,1008039,534733,473306,545149,304200,187959,116241,31114,19159,7650,130036,26381,43087,7434,39339,54.080149676748626,30.17740385044626,REAL_OFFICIAL,Census 2011 Primary Census Abstract,2011
1,9,Bandipore,58392,392232,207680,184552,185979,149317,75173,74144,10778,9423,9526,45446,17454,23459,10958,22273,47.41556017866977,38.068541067531456,REAL_OFFICIAL,Census 2011 Primary Census Abstract,2011
1,10,Srinagar,191678,1236829,651124,585705,748584,407188,330547,76641,6602,6513,12577,304855,5626,3895,7518,59602,60.52445406761969,32.92193181110727,REAL_OFFICIAL,Census 2011 Primary Census Abstract,2011
1,11,Ganderbal,45361,297446,158720,138726,143276,100890,52949,47941,5227,5539,1931,40252,10110,13773,5699,18359,48.168743234066014,33.91876172481727,REAL_OFFICIAL,Census 2011 Primary Census Abstract,2011
1,12,Pulwama,86241,560440,293064,267376,293958,188420,98306,90114,18816,6992,3711,68787,30930,27088,6904,25192,52.451288273499394,33.62001284704875,REAL_OFFICIAL,Census 2011 Primary Census Abstract,2011
1,13,Shupiyan,44411,266215,136480,129735,136500,87721,54703,33018,29183,3761,1519,20240,18241,7074,1876,5827,51.27434592340777,32.95118607140845,REAL_OFFICIAL,Census 2011 Primary Census Abstract,2011
1,14,Anantnag,153640,1078692,559767,518925,545532,389684,176800,212884,36670,19664,5352,115114,104287,56700,10970,40927,50.57347231647217,36.12560397221821,REAL_OFFICIAL,Census 2011 Primary Census Abstract,2011
1,15,Kulgam,73728,424483,217620,206863,209085,159990,77812,82178,26771,8830,2616,39595,42402,21098,3577,15101,49.25638953739019,37.69055533437146,REAL_OFFICIAL,Census 2011 Primary Census Abstract,2011
1,16,Doda,79636,409936,213641,196295,219083,151912,79377,72535,24049,3938,579,50811,45898,8261,1353,17023,53.443220405136415,37.057491901174814,REAL_OFFICIAL,Census 2011 Primary Census Abstract,2011
1,17,Ramban,55490,283713,149132,134581,124065,87212,52051,35161,21743,3410,985,25913,19651,5400,1553,8557,43.72905013164712,30.739514932343603,REAL_OFFICIAL,Census 2011 Primary Census Abstract,2011
1,18,Kishtwar,45209,230696,120165,110531,107506,82974,44718,38256,19210,3583,398,21527,20061,12713,788,4694,46.60072129555779,35.96681346880744,REAL_OFFICIAL,Census 2011 Primary Census Abstract,2011
1,19,Udhampur,99240,554985,296784,258201,322354,243672,152442,91230,57687,3858,1210,89687,55333,7538,1431,26928,58.083371622656465,43.90605151490581,REAL_OFFICIAL,Census 2011 Primary Census Abstract,2011
1,20,Reasi,56689,314667,166461,148206,150542,144767,88462,56305,48754,1293,282,38133,47393,2716,252,5944,47.84168660838283,46.00641312879965,REAL_OFFICIAL,Census 2011 Primary Census Abstract,2011
1,21,Jammu,314199,1529958,813821,716137,1137135,508622,410344,98278,47745,16414,6597,339588,20868,20459,3992,52959,74.32458930245144,33.24418055920489,REAL_OFFICIAL,Census 2011 Primary Census Abstract,2011
1,22,Samba,65385,318898,169124,149774,228139,92526,74129,18397,12960,2414,1079,57676,3934,3691,441,10331,71.53980269553274,29.014292971420332,REAL_OFFICIAL,Census 2011 Primary Census Abstract,2011
2,23,Chamba,102460,519080,261320,257760,323842,294035,119632,174403,51959,2650,1920,63103,144706,6543,2601,20553,62.3876859058334,56.64541111196733,REAL_OFFICIAL,Census 2011 Primary Census Abstract,2011
2,24,Kangra,338887,1510075,750591,759484,1152640,675170,313915,361255,69424,11122,7658,225711,233583,43727,8004,75941,76.32998361008559,44.71102428687317,REAL_OFFICIAL,Census 2011 Primary Census Abstract,2011
2,25,Lahul & Spiti,6674,31564,16588,14976,21845,19295,15190,4105,8877,263,155,5895,2350,309,12,1434,69.20859206691166,61.129768090229376,REAL_OFFICIAL,Census 2011 Primary Census Abstract,2011
2,26,Kullu,94807,437903,225452,212451,307672,269084,193876,75208,132503,7172,1812,52389,64638,5200,895,4475,70.26030878984615,61.44831161238905,REAL_OFFICIAL,Census 2011 Primary Census Abstract,2011
2,27,Mandi,219145,999777,498065,501712,723747,572671,284154,288517,148342,4809,3926,127077,239602,11013,3208,34694,72.39084315802424,57.27987341177082,REAL_OFFICIAL,Census 2011 Primary Census Abstract,2011
2,28,Hamirpur,105519,454768,217070,237698,358091,241931,126153,115778,53974,3475,1775,66929,93129,5349,1572,15728,78.74146817718045,53.1987738803082,REAL_OFFICIAL,Census 2011 Primary Census Abstract,2011
2,29,Una,110332,521173,263692,257481,399715,215346,134482,80864,35685,7052,2234,89511,49115,12552,1193,18004,76.69526241766171,41.31948508460722,REAL_OFFICIAL,Census 2011 Primary Census Abstract,2011
2,30,Bilaspur,80485,381956,192764,189192,287620,205871,103406,102465,40563,1163,1492,60188,86606,2975,1069,11815,75.3018672307805,53.899140215103316,REAL_OFFICIAL,Census 2011 Primary Census Abstract,2011
2,31,Solan,122425,580320,308754,271566,428578,298737,219235,79502,80066,5764,3046,130359,61201,4519,1923,11859,73.85201268265784,51.4779776674938,REAL_OFFICIAL,Census 2011 Primary Census Abstract,2011
2,32,Sirmaur,98208,529855,276289,253566,362645,280083,193906,86177,115992,5953,2677,69284,66966,4777,2636,11798,68.44230968849968,52.86031083975805,REAL_OFFICIAL,Census 2011 Primary Census Abstract,2011
2,33,Shimla,184362,814010,425039,388971,612642,430926,311770,119156,156511,17486,5382,132391,93275,8628,2585,14668,75.26222036584316,52.93866168720286,REAL_OFFICIAL,Census 2011 Primary Census Abstract,2011
2,34,Kinnaur,19976,84121,46249,37872,60699,56273,46782,9491,25890,1759,614,18519,7105,778,330,1278,72.15677417054005,66.89530557173595,REAL_OFFICIAL,Census 2011 Primary Census Abstract,2011
3,35,Gurdaspur,443666,2298323,1212617,1085706,1634719,757138,625778,131360,136551,70767,21298,397162,11361,29917,9605,80477,71.12659969899792,32.94306326830476,REAL_OFFICIAL,Census 2011 Primary Census Abstract,2011
3,36,Kapurthala ,167989,815168,426311,388857,576567,284165,248208,35957,53045,32888,8206,154069,2207,9499,1655,22596,70.72983728507498,34.859685365470675,REAL_OFFICIAL,Census 2011 Primary Census Abstract,2011
3,37,Jalandhar,461635,2193590,1145211,1048379,1622537,774472,689592,84880,81443,52371,24842,530936,4252,14293,4920,61415,73.96719532820627,35.30614198642408,REAL_OFFICIAL,Census 2011 Primary Census Abstract,2011
3,38,Hoshiarpur,336994,1586625,809057,777568,1199699,499822,411011,88811,82587,49487,11952,266985,7185,24875,4038,52713,75.61326715512487,31.502213818640197,REAL_OFFICIAL,Census 2011 Primary Census Abstract,2011
3,39,Shahid Bhagat Singh Nagar ,129500,612310,313291,299019,438459,204329,173507,30822,40289,16556,7118,109544,2319,6070,1893,20540,71.6073557511718,33.370188303310414,REAL_OFFICIAL,Census 2011 Primary Census Abstract,2011
3,40,Fatehgarh Sahib,118100,600163,320795,279368,426033,214783,192845,21938,42822,17633,6837,125553,1423,3756,1211,15548,70.98621541147988,35.78744441093503,REAL_OFFICIAL,Census 2011 Primary Census Abstract,2011
3,41,Ludhiana,716826,3498739,1867816,1630923,2560225,1284822,1138654,146168,133588,79561,58488,867017,7149,19085,13179,106755,73.17564985556224,36.722430567127184,REAL_OFFICIAL,Census 2011 Primary Census Abstract,2011
3,42,Moga,193256,995746,525920,469826,627889,359172,304880,54292,86659,64215,13518,140488,4963,18182,4580,26567,63.057145095235136,36.07064452179572,REAL_OFFICIAL,Census 2011 Primary Census Abstract,2011
3,43,Firozpur,385994,2029074,1071637,957437,1227511,756695,618362,138333,170993,153627,11182,282560,20692,74344,3497,39800,60.49611793359927,37.29262708013606,REAL_OFFICIAL,Census 2011 Primary Census Abstract,2011
3,44,Muktsar,174360,901896,475622,426274,524848,335326,287205,48121,82163,85122,4338,115582,4402,25892,849,16978,58.19384940170485,37.18011832849907,REAL_OFFICIAL,Census 2011 Primary Census Abstract,2011
3,45,Faridkot,120893,617508,326671,290837,381285,221555,190415,31140,50138,41066,6283,92928,3092,12992,1942,13114,61.745758759400694,35.878887399029644,REAL_OFFICIAL,Census 2011 Primary Census Abstract,2011
3,46,Bathinda,273902,1388525,743197,645328,844868,549986,452678,97308,131204,91364,10918,219192,10331,37018,4020,45939,60.84643776669487,39.609369654849566,REAL_OFFICIAL,Census 2011 Primary Census Abstract,2011
3,47,Mansa,149630,769751,408732,361019,423560,328512,247175,81337,89986,59308,8042,89839,15977,31059,5400,28901,55.025586196055606,42.67769707346921,REAL_OFFICIAL,Census 2011 Primary Census Abstract,2011
3,48,Patiala,372293,1895686,1002522,893164,1266791,660267,570391,89876,108596,65505,19278,377012,4586,23618,4369,57303,66.82493830729351,34.829977116463375,REAL_OFFICIAL,Census 2011 Primary Census Abstract,2011
3,49,Amritsar ,488898,2490656,1318408,1172248,1684770,917856,787254,130602,115642,91248,32961,547403,8975,30351,8681,82595,67.6436248120977,36.851977952796375,REAL_OFFICIAL,Census 2011 Primary Census Abstract,2011
3,50,Tarn Taran,203421,1119627,589369,530258,666162,380702,316310,64392,109788,61212,16087,129223,6065,20004,5241,33082,59.498565147142756,34.00257407154347,REAL_OFFICIAL,Census 2011 Primary Census Abstract,2011
3,51,Rupnagar,135635,684627,357485,327142,502731,233676,194209,39467,40792,14965,8927,129525,4848,6555,3394,24670,73.43137211941685,34.13187034691884,REAL_OFFICIAL,Census 2011 Primary Census Abstract,2011
3,52,Sahibzada Ajit Singh Nagar,205411,994628,529253,465375,736575,355995,316236,39759,38421,17277,11187,249351,2446,4514,2314,30485,74.05532520701207,35.791773406741015,REAL_OFFICIAL,Census 2011 Primary Census Abstract,2011
3,53,Sangrur,318870,1655169,878029,777140,1002077,568758,499792,68966,150338,72139,15130,262185,6853,19660,3448,39005,60.54227695177955,34.36253337272508,REAL_OFFICIAL,Census 2011 Primary Census Abstract,2011
3,54,Barnala,115798,595527,317522,278005,359831,209331,186434,22897,58815,31710,4068,91841,1525,8750,1064,11558,60.42228144147956,35.15054733034774,REAL_OFFICIAL,Census 2011 Primary Census Abstract,2011
4,55,Chandigarh,241173,1055450,580663,474787,805438,404136,385929,18207,2169,1396,4219,378145,409,291,580,16927,76.31228385996495,38.290397460798715,REAL_OFFICIAL,Census 2011 Primary Census Abstract,2011
5,56,Uttarkashi,67602,330086,168597,161489,215126,157276,128367,28909,96836,2389,1960,27182,20428,1998,1162,5321,65.17271256581618,47.646976848457676,REAL_OFFICIAL,Census 2011 Primary Census Abstract,2011
5,57,Chamoli,88964,391605,193991,197614,280556,180940,115115,65825,69612,1072,3115,41316,51545,2773,2269,9238,71.6425990475096,46.20472159446381,REAL_OFFICIAL,Census 2011 Primary Census Abstract,2011
5,58,Rudraprayag,53542,242285,114589,127696,170933,113032,78950,34082,56884,1519,1470,19077,26271,1681,642,5488,70.55038487731392,46.652496027405746,REAL_OFFICIAL,Census 2011 Primary Census Abstract,2011
5,59,Tehri Garhwal,132714,618931,297986,320945,407994,280442,165912,114530,97523,3582,2229,62578,89598,4547,1792,18593,65.91914122898999,45.31070507051675,REAL_OFFICIAL,Census 2011 Primary Census Abstract,2011
5,60,Dehradun,347001,1696694,892199,804495,1259506,582768,488161,94607,60373,20424,17960,389404,16803,17771,5032,55001,74.23294948882946,34.347265918309375,REAL_OFFICIAL,Census 2011 Primary Census Abstract,2011
5,61,Garhwal,161778,687271,326829,360442,494889,274152,164439,109713,75253,4154,3425,81607,75354,9561,2210,22588,72.00783970224263,39.889941522339804,REAL_OFFICIAL,Census 2011 Primary Census Abstract,2011
5,62,Pithoragarh,114730,483439,239306,244133,345550,216490,145481,71009,87189,2204,3299,52789,50143,3228,2756,14882,71.47747699296086,44.78124437622947,REAL_OFFICIAL,Census 2011 Primary Census Abstract,2011
5,63,Bageshwar,58046,259898,124326,135572,179483,123638,78085,45553,54056,2733,1648,19648,31069,6252,1343,6889,69.0590154599112,47.57173968249082,REAL_OFFICIAL,Census 2011 Primary Census Abstract,2011
5,64,"Almora
",140577,622506,291081,331425,436497,298211,201078,97133,132129,4025,2723,62201,75488,6249,1589,13807,70.11932415109253,47.90491979193775,REAL_OFFICIAL,Census 2011 Primary Census Abstract,2011
5,65,Champawat,53953,259648,131125,128523,177726,99566,62698,36868,31971,1980,911,27836,28022,2052,659,6135,68.44882302193739,38.34653068770027,REAL_OFFICIAL,Census 2011 Primary Census Abstract,2011
5,66,Nainital,191383,954605,493666,460939,696500,376181,296424,79757,101221,19618,6873,168712,36309,15124,2894,25430,72.96211522043149,39.40697985030457,REAL_OFFICIAL,Census 2011 Primary Census Abstract,2011
5,67,Udham Singh Nagar,308581,1648902,858783,790119,1037839,591458,450762,140696,94677,107603,16503,231979,28009,57647,9893,45147,62.94121785284996,35.86980912146386,REAL_OFFICIAL,Census 2011 Primary Census Abstract,2011
5,68,Hardwar,338104,1890422,1005295,885127,1178354,578121,495152,82969,87950,75953,14924,316325,5710,27162,5031,45066,62.3328547805728,30.581584429296736,REAL_OFFICIAL,Census 2011 Primary Census Abstract,2011
6,69,Panchkula,117107,561293,299679,261614,405318,211479,182831,28648,19598,8630,8181,146422,7084,4197,1689,15678,72.2114831291322,37.67711337928675,REAL_OFFICIAL,Census 2011 Primary Census Abstract,2011
6,70,Ambala,224334,1128350,598703,529647,818025,372139,319475,52664,49924,41122,13479,214950,2947,16171,2274,31272,72.49745203172775,32.98081269109762,REAL_OFFICIAL,Census 2011 Primary Census Abstract,2011
6,71,Yamunanagar,235423,1214205,646718,567487,832457,389233,339024,50209,58856,54043,10392,215733,2660,19208,1895,26446,68.55983956580644,32.05661317487574,REAL_OFFICIAL,Census 2011 Primary Census Abstract,2011
6,72,Kurukshetra,188143,964655,510976,453679,646893,336780,285904,50876,64853,61286,5170,154595,4055,24604,1556,20661,67.05951868802836,34.9119633444081,REAL_OFFICIAL,Census 2011 Primary Census Abstract,2011
6,73,Kaithal,204274,1074304,571003,503301,646529,373899,290663,83236,112486,49233,6935,122009,15530,36418,2515,28773,60.18119638389133,34.803835785773856,REAL_OFFICIAL,Census 2011 Primary Census Abstract,2011
6,74,Karnal,292084,1505324,797712,707612,978013,516062,411533,104529,101588,82915,11953,215077,10700,50808,3358,39663,64.97026553751883,34.2824534784538,REAL_OFFICIAL,Census 2011 Primary Census Abstract,2011
6,75,Panipat,235640,1205437,646857,558580,786599,412318,339016,73302,61474,36191,12485,228866,10646,26167,3339,33150,65.25426048810515,34.20485682785579,REAL_OFFICIAL,Census 2011 Primary Census Abstract,2011
6,76,Sonipat,277726,1450001,781299,668702,998316,523179,396763,126416,110262,54040,12405,220056,32082,47693,5779,40862,68.84933182804701,36.08128546118244,REAL_OFFICIAL,Census 2011 Primary Census Abstract,2011
6,77,Jind,249736,1334152,713006,621146,832758,523422,385851,137571,172682,56642,6558,149969,57705,45429,2556,31881,62.41852502563427,39.23256120741864,REAL_OFFICIAL,Census 2011 Primary Census Abstract,2011
6,78,Fatehabad,180637,942011,495360,446651,557578,369083,286258,82825,108884,61057,4621,111696,23366,36940,1937,20582,59.19017930788494,39.18032804287848,REAL_OFFICIAL,Census 2011 Primary Census Abstract,2011
6,79,Sirsa,246571,1295189,682582,612607,782897,502003,399169,102834,137976,99117,9422,152654,26321,47925,2530,26058,60.446544867196984,38.759053697954506,REAL_OFFICIAL,Census 2011 Primary Census Abstract,2011
6,80,Hisar,335608,1743931,931562,812369,1114311,691621,531227,160394,206179,86056,12753,226239,54941,58157,3344,43952,63.89650737328484,39.65873649817567,REAL_OFFICIAL,Census 2011 Primary Census Abstract,2011
6,81,Bhiwani,311380,1634445,866672,767773,1069871,623006,445675,177331,210502,52905,9331,172937,78041,50883,5524,42883,65.45775477302693,38.11728140133195,REAL_OFFICIAL,Census 2011 Primary Census Abstract,2011
6,82,Rohtak,206988,1061204,568479,492725,747582,345967,288949,57018,80456,20616,6353,181524,15276,15952,2168,23622,70.44658708410448,32.60136599560499,REAL_OFFICIAL,Census 2011 Primary Census Abstract,2011
6,83,Jhajjar,185334,958405,514667,443738,676091,326534,246457,80077,86313,19433,6520,134191,26076,25412,2734,25855,70.5433506711672,34.070565157736034,REAL_OFFICIAL,Census 2011 Primary Census Abstract,2011
6,84,Mahendragarh,171712,922088,486665,435423,630255,338584,212402,126182,86053,10773,5047,110529,63093,27547,2592,32950,68.35085154562255,36.71927191330979,REAL_OFFICIAL,Census 2011 Primary Census Abstract,2011
6,85,Rewari,178043,900332,474335,425997,636947,337727,250219,87508,73994,10452,6249,159524,28704,17763,3533,37508,70.74579155244955,37.51138468920354,REAL_OFFICIAL,Census 2011 Primary Census Abstract,2011
6,86,Gurgaon,326428,1514432,816690,697742,1111116,544716,487441,57275,44429,15725,16002,411285,11617,11372,2226,32060,73.3684972319655,35.96833664370536,REAL_OFFICIAL,Census 2011 Primary Census Abstract,2011
6,87,Mewat ,160280,1089263,571162,518101,454897,289964,204178,85786,81608,25426,4034,93110,22629,29852,1989,31316,41.76190690402593,26.62020099828967,REAL_OFFICIAL,Census 2011 Primary Census Abstract,2011
6,88,Faridabad,358919,1809733,966110,843623,1272739,579229,495316,83913,23654,19382,27869,424411,4051,9906,4417,65539,70.32744609287668,32.006323584749794,REAL_OFFICIAL,Census 2011 Primary Census Abstract,2011
6,89,Palwal ,171157,1042708,554497,488211,599796,309563,216932,92631,71540,26229,5616,113547,19966,34456,2950,35259,57.522911495835835,29.688369131146974,REAL_OFFICIAL,Census 2011 Primary Census Abstract,2011
7,90,North West,736253,3656539,1960922,1695617,2707855,1188545,1135126,53419,10127,10553,33767,1080679,1306,2736,2129,47248,74.05513793234532,32.504644419217186,REAL_OFFICIAL,Census 2011 Primary Census Abstract,2011
7,91,North,180044,887978,475002,412976,681517,296446,283583,12863,1967,1493,10403,269720,220,298,625,11720,76.7493113568129,33.38438564919401,REAL_OFFICIAL,Census 2011 Primary Census Abstract,2011
7,92,North East,406125,2241624,1188425,1053199,1611588,661386,622443,38943,1738,1893,27587,591225,497,513,3151,34782,71.89376987398421,29.50476975621246,REAL_OFFICIAL,Census 2011 Primary Census Abstract,2011
7,93,East,358937,1709346,907500,801846,1352998,579692,555026,24666,805,2841,18432,532948,351,253,1109,22953,79.15296259505097,33.91308722751275,REAL_OFFICIAL,Census 2011 Primary Census Abstract,2011
7,94,New Delhi,33208,142004,77942,64062,114179,59541,56471,3070,80,223,962,55206,41,52,68,2909,80.40548153573138,41.92910058871581,REAL_OFFICIAL,Census 2011 Primary Census Abstract,2011
7,95,Central,119639,582320,307821,274499,442360,207374,195978,11396,463,511,10342,184662,134,90,560,10612,75.96510509685397,35.611691166369006,REAL_OFFICIAL,Census 2011 Primary Census Abstract,2011
7,96,West,533221,2543243,1356240,1187003,1961179,874320,839621,34699,2433,3725,27623,805840,519,633,1399,32148,77.11331555812795,34.37815419132187,REAL_OFFICIAL,Census 2011 Primary Census Abstract,2011
7,97,South West,494439,2292958,1246046,1046912,1787689,795352,749995,45357,7832,5277,16956,719930,1901,2476,1658,39322,77.9643150899406,34.68672343758586,REAL_OFFICIAL,Census 2011 Primary Census Abstract,2011
7,98,South,574133,2731929,1467428,1264501,2078402,924393,869086,55307,2314,4958,23054,838760,670,950,2027,51660,76.07818504800088,33.836640703327205,REAL_OFFICIAL,Census 2011 Primary Census Abstract,2011
8,99,Ganganagar ,387511,1969168,1043340,925828,1193343,912672,680563,232109,212811,147697,9736,310319,55486,82741,4054,89828,60.6013808877658,46.34810234576227,REAL_OFFICIAL,Census 2011 Primary Census Abstract,2011
8,100,Hanumangarh,336192,1774692,931184,843508,1034136,835260,642109,193151,302515,116715,9977,212902,67937,50118,3862,71234,58.271294399253506,47.06506819211446,REAL_OFFICIAL,Census 2011 Primary Census Abstract,2011
8,101,Bikaner,384944,2363937,1240801,1123136,1278801,986208,752768,233440,375128,54270,19514,303856,124095,49563,6730,53052,54.09623860534354,41.718878294979945,REAL_OFFICIAL,Census 2011 Primary Census Abstract,2011
8,102,Churu,348984,2039547,1051446,988101,1149269,902829,628381,274448,382054,41473,12601,192253,190590,46510,3993,33355,56.34922852966859,44.266153219317815,REAL_OFFICIAL,Census 2011 Primary Census Abstract,2011
8,103,Jhunjhunun,384197,2137045,1095896,1041149,1370360,894649,592813,301836,295411,34464,10695,252243,226281,34414,2777,38364,64.12405915645202,41.863835342727924,REAL_OFFICIAL,Census 2011 Primary Census Abstract,2011
8,104,Alwar,639720,3674179,1939026,1735153,2182476,1708542,1179461,529081,608718,95586,21588,453569,290173,121186,12974,104748,59.40037216477477,46.50132723528168,REAL_OFFICIAL,Census 2011 Primary Census Abstract,2011
8,105,Bharatpur,425414,2548462,1355726,1192736,1480869,1071154,694929,376225,350451,89379,14399,240700,150543,149515,10669,65498,58.108341423179944,42.03138991281801,REAL_OFFICIAL,Census 2011 Primary Census Abstract,2011
8,106,Dhaulpur,203754,1206516,653647,552869,683098,523212,317617,205595,157627,30120,5823,124047,72309,44222,6898,82166,56.617400846735556,43.36552519817391,REAL_OFFICIAL,Census 2011 Primary Census Abstract,2011
8,107,Karauli,262503,1458248,783639,674609,805849,628726,438337,190389,249745,45793,5812,136987,85557,69574,3709,31549,55.26145072717398,43.115162852957795,REAL_OFFICIAL,Census 2011 Primary Census Abstract,2011
8,108,Sawai Madhopur,254716,1335551,704031,631520,741748,578068,418555,159513,243889,39308,7631,127727,69469,49496,4439,36109,55.53872521528568,43.283109368343105,REAL_OFFICIAL,Census 2011 Primary Census Abstract,2011
8,109,Dausa,292502,1634409,857787,776622,938051,684495,506214,178281,302259,32647,11354,159954,88701,43630,5831,40119,57.39389589753849,41.88027598966966,REAL_OFFICIAL,Census 2011 Primary Census Abstract,2011
8,110,Jaipur,1177096,6626178,3468507,3157671,4300965,2464893,2060010,404883,603136,68390,72398,1316086,141238,63133,18613,181899,64.90868491610095,37.199317615675284,REAL_OFFICIAL,Census 2011 Primary Census Abstract,2011
8,111,Sikar,444816,2677333,1374990,1302343,1652117,1006504,698711,307793,313230,42399,16321,326761,188081,45490,6455,67767,61.7075649536311,37.593530576883786,REAL_OFFICIAL,Census 2011 Primary Census Abstract,2011
8,112,Nagaur,578809,3307743,1696325,1611418,1758624,1425882,985927,439955,506175,123675,21682,334395,228439,139726,7965,63825,53.16688751211929,43.10739981915161,REAL_OFFICIAL,Census 2011 Primary Census Abstract,2011
8,113,Jodhpur,649013,3687165,1923928,1763237,2031532,1489741,1056479,433262,398287,103001,32550,522641,194083,139016,9862,90301,55.09739867893083,40.40342648077859,REAL_OFFICIAL,Census 2011 Primary Census Abstract,2011
8,114,Jaisalmer,117171,669919,361708,308211,308653,288903,175383,113520,76728,14731,4573,79351,55738,29141,2262,26379,46.07318198170226,43.1250643734541,REAL_OFFICIAL,Census 2011 Primary Census Abstract,2011
8,115,Barmer,451629,2603751,1369022,1234729,1188322,1202482,741367,461115,459715,50355,17364,213933,294545,82341,13201,71028,45.63884949060029,46.18268029469792,REAL_OFFICIAL,Census 2011 Primary Census Abstract,2011
8,116,Jalor,326134,1828730,936634,892096,829582,896644,660719,235925,387143,87894,15542,170140,106212,70119,6325,53269,45.36383173021715,49.030966845843835,REAL_OFFICIAL,Census 2011 Primary Census Abstract,2011
8,117,Sirohi,201785,1036346,534231,502115,476806,419829,313292,106537,102726,55034,7028,148504,21354,42789,2415,39979,46.008379440843115,40.51050517877234,REAL_OFFICIAL,Census 2011 Primary Census Abstract,2011
8,118,Pali,418157,2037573,1025422,1012151,1085693,842327,605288,237039,200091,115844,19095,270258,43400,121436,7024,65179,53.28363695435697,41.33972132532185,REAL_OFFICIAL,Census 2011 Primary Census Abstract,2011
8,119,Ajmer,494832,2583052,1324085,1258967,1526673,1053722,827181,226541,246431,77796,27762,475192,52425,67727,7840,98549,59.10345591184382,40.79368127316059,REAL_OFFICIAL,Census 2011 Primary Census Abstract,2011
8,120,Tonk,266870,1421326,728136,693190,749659,649161,495797,153364,273513,54875,12084,155325,52570,58551,3920,38323,52.743635168849366,45.67291388464012,REAL_OFFICIAL,Census 2011 Primary Census Abstract,2011
8,121,Bundi,220768,1110906,577160,533746,585044,526091,361070,165021,190117,45911,7088,117954,60336,65477,4084,35124,52.66368171564471,47.35693208966375,REAL_OFFICIAL,Census 2011 Primary Census Abstract,2011
8,122,Bhilwara,498125,2408523,1220736,1187787,1256126,1148165,883329,264836,461822,77499,21262,322746,93346,85553,8887,77050,52.15337366510513,47.67091698937482,REAL_OFFICIAL,Census 2011 Primary Census Abstract,2011
8,123,Rajsamand,243078,1156597,581339,575258,619139,550831,362584,188247,142619,42579,8678,168708,64963,64008,4827,54449,53.53109164211908,47.62514514562981,REAL_OFFICIAL,Census 2011 Primary Census Abstract,2011
8,124,Dungarpur,282029,1388552,696532,692020,681591,641515,216411,425104,108434,22771,4900,80306,119415,161559,7614,136516,49.086458411352254,46.200286341454984,REAL_OFFICIAL,Census 2011 Primary Census Abstract,2011
8,125,Banswara,367797,1797485,907754,889731,829343,916574,542983,373591,371712,56663,10913,103695,174857,142707,8905,47122,46.13907765572453,50.99202496821948,REAL_OFFICIAL,Census 2011 Primary Census Abstract,2011
8,126,Chittaurgarh,329119,1544338,783171,761167,821825,802755,656904,145851,392499,73199,11734,179472,60702,50270,3701,31178,53.215358295917085,51.98052498870066,REAL_OFFICIAL,Census 2011 Primary Census Abstract,2011
8,127,Kota,396501,1951014,1021161,929853,1298345,748811,577548,171263,114308,58088,19591,385561,25954,76904,5534,62871,66.5471903328218,38.380606187346686,REAL_OFFICIAL,Census 2011 Primary Census Abstract,2011
8,128,Baran,241428,1222755,633945,588810,693307,552583,359785,192798,176689,75753,10317,97026,39849,109284,4941,38724,56.70040196114512,45.191636918270625,REAL_OFFICIAL,Census 2011 Primary Census Abstract,2011
8,129,Jhalawar,283295,1411129,725143,685986,739792,685950,475653,210297,260966,96128,7414,111145,67748,113644,3785,25120,52.42554011716859,48.610013684078496,REAL_OFFICIAL,Census 2011 Primary Census Abstract,2011
8,130,Udaipur,623531,3068420,1566801,1501619,1582629,1365783,822355,543428,341510,85328,22095,373422,197596,217640,11440,116752,51.57797824287418,44.51095352005267,REAL_OFFICIAL,Census 2011 Primary Census Abstract,2011
8,131,Pratapgarh,178726,867848,437744,430104,401515,481294,327445,153849,236894,39939,3546,47066,69525,56876,1970,25478,46.26559028770015,55.45832910832311,REAL_OFFICIAL,Census 2011 Primary Census Abstract,2011
9,132,Saharanpur,597656,3466382,1834106,1632276,2077108,1037344,882701,154643,211817,211046,26927,432911,9750,62004,7105,75784,59.92149739988264,29.925841987409353,REAL_OFFICIAL,Census 2011 Primary Census Abstract,2011
9,133,Muzaffarnagar,676642,4143512,2193434,1950078,2417339,1291644,1085491,206153,308688,250584,33137,493082,27361,73057,12815,92920,58.34034027173084,31.172686358818318,REAL_OFFICIAL,Census 2011 Primary Census Abstract,2011
9,134,Bijnor,633197,3682713,1921215,1761498,2135393,1088036,839778,248258,210909,211266,36119,381484,21249,100223,16430,110356,57.984236078130444,29.544414674724855,REAL_OFFICIAL,Census 2011 Primary Census Abstract,2011
9,135,Moradabad,796170,4772006,2503186,2268820,2263848,1417811,1104968,312843,327075,223292,62402,492199,41563,115092,26331,129857,47.44017505426439,29.711006230922592,REAL_OFFICIAL,Census 2011 Primary Census Abstract,2011
9,136,Rampur,393736,2335819,1223889,1111930,1043666,737261,564266,172995,187684,150810,33853,191919,26503,79428,20385,46679,44.68094488485623,31.563276092882198,REAL_OFFICIAL,Census 2011 Primary Census Abstract,2011
9,137,Jyotiba Phule Nagar,314401,1840221,963449,876772,983110,599089,453567,145522,184263,82002,20251,167051,33409,49875,11349,50889,53.42347468048675,32.55527461103856,REAL_OFFICIAL,Census 2011 Primary Census Abstract,2011
9,138,Meerut,579110,3443689,1825743,1617946,2141488,1090539,890810,199729,175944,112247,48232,554387,20124,41748,14864,122993,62.18587102377712,31.667755131197968,REAL_OFFICIAL,Census 2011 Primary Census Abstract,2011
9,139,Baghpat,209916,1303048,700070,602978,797970,416695,334519,82176,112453,49442,13958,158666,12265,25058,6389,38464,61.23872643218055,31.978484292213334,REAL_OFFICIAL,Census 2011 Primary Census Abstract,2011
9,140,Ghaziabad,850676,4681645,2488834,2192811,3123264,1520538,1252911,267627,139829,83227,63604,966251,19039,40453,20068,188067,66.71296093573946,32.47871207663118,REAL_OFFICIAL,Census 2011 Primary Census Abstract,2011
9,141,Gautam Buddha Nagar,327090,1648115,890214,757901,1122947,569109,458492,110617,60899,27618,26065,343910,11769,21227,9335,68286,68.13523328165813,34.53090348671057,REAL_OFFICIAL,Census 2011 Primary Census Abstract,2011
9,142,Bulandshahr ,587529,3499171,1845260,1653911,2031656,1173260,885216,288044,292901,136780,44401,411134,39574,104357,21536,122577,58.0610664640282,33.52965602424117,REAL_OFFICIAL,Census 2011 Primary Census Abstract,2011
9,143,Aligarh,611371,3673889,1951996,1721893,2092567,1174361,865799,308562,249281,149020,49067,418431,32220,118177,29499,128666,56.957817723943215,31.96506481279102,REAL_OFFICIAL,Census 2011 Primary Census Abstract,2011
9,144,Mahamaya Nagar,260860,1564708,836127,728581,942572,484115,337295,146820,111333,77479,20106,128377,12898,77241,12296,44385,60.23948238265542,30.939638577932755,REAL_OFFICIAL,Census 2011 Primary Census Abstract,2011
9,145,Mathura,423125,2547184,1367125,1180059,1507746,840939,594799,246140,190792,89865,27252,286890,45094,89383,17201,94462,59.19266138606398,33.0144583194618,REAL_OFFICIAL,Census 2011 Primary Census Abstract,2011
9,146,Agra,710566,4418797,2364953,2053844,2680510,1389844,1050562,339282,248151,136468,65866,600077,37320,97987,28318,175657,60.66153299189803,31.45299501199082,REAL_OFFICIAL,Census 2011 Primary Census Abstract,2011
9,147,Firozabad,414266,2498156,1332046,1166110,1521806,761521,573649,187872,165410,88445,40811,278983,19185,61776,19131,87780,60.91717250644075,30.48332450015131,REAL_OFFICIAL,Census 2011 Primary Census Abstract,2011
9,148,Mainpuri,313690,1868529,993377,875152,1203885,560840,424782,136058,235836,79622,15288,94036,35052,57552,9496,33958,64.42955929503904,30.01505462318219,REAL_OFFICIAL,Census 2011 Primary Census Abstract,2011
9,149,Budaun,615776,3681896,1967759,1714137,1547477,1107343,875763,231580,521224,157687,23086,173766,54679,101071,17036,58794,42.02935118210835,30.075347049454955,REAL_OFFICIAL,Census 2011 Primary Census Abstract,2011
9,150,Bareilly,756784,4448359,2357665,2090694,2191759,1401971,1043912,358059,323067,210945,80554,429346,42918,115431,51145,148565,49.271180675840235,31.516588476784364,REAL_OFFICIAL,Census 2011 Primary Census Abstract,2011
9,151,Pilibhit,362573,2031007,1072002,959005,1061095,618605,463415,155190,195677,138441,12465,116832,20799,85751,10317,38323,52.24477315932441,30.45804371919939,REAL_OFFICIAL,Census 2011 Primary Census Abstract,2011
9,152,Shahjahanpur,527501,3006538,1606403,1400135,1490930,892214,699503,192711,321484,175020,19505,183494,23489,100172,11636,57414,49.589594410581206,29.675793221306368,REAL_OFFICIAL,Census 2011 Primary Census Abstract,2011
9,153,Kheri,745077,4021243,2123187,1898056,2034044,1264718,958249,306469,479515,257880,28390,192464,49708,164262,19447,73052,50.58246915195127,31.450922015904037,REAL_OFFICIAL,Census 2011 Primary Census Abstract,2011
9,154,Sitapur,801764,4483992,2375264,2108728,2283733,1422602,1023642,398960,501124,262453,44472,215593,69973,211101,26499,91387,50.93080005495103,31.726238583833332,REAL_OFFICIAL,Census 2011 Primary Census Abstract,2011
9,155,Hardoi,730442,4092845,2191442,1901403,2221601,1318946,969871,349075,521512,228938,36280,183141,75301,177892,23369,72513,54.28011566526463,32.22565232741528,REAL_OFFICIAL,Census 2011 Primary Census Abstract,2011
9,156,Unnao,588533,3108367,1630087,1478280,1773584,1124744,761831,362913,367749,156955,28954,208173,82374,175708,20289,84542,57.05838467594078,36.18440164884005,REAL_OFFICIAL,Census 2011 Primary Census Abstract,2011
9,157,Lucknow,860703,4589838,2394476,2195362,3127260,1542806,1152285,390521,136454,102508,70070,843253,39124,100521,29793,221083,68.13443088841044,33.613517514125775,REAL_OFFICIAL,Census 2011 Primary Census Abstract,2011
9,158,Rae Bareli,619707,3405559,1752542,1653017,1965843,1204710,644869,559841,239991,173691,32646,198541,76900,334191,28128,120622,57.72453215463306,35.3748092457068,REAL_OFFICIAL,Census 2011 Primary Census Abstract,2011
9,159,Farrukhabad,314144,1885204,1006240,878964,1092677,592267,474686,117581,218498,96798,26409,132981,26591,38881,17119,34990,57.96067693469779,31.416600007214075,REAL_OFFICIAL,Census 2011 Primary Census Abstract,2011
9,160,Kannauj,280928,1656616,881776,774840,1017087,524676,419027,105649,220006,82537,34597,81887,19344,46980,16733,22592,61.3954591770211,31.671552127952403,REAL_OFFICIAL,Census 2011 Primary Census Abstract,2011
9,161,Etawah,277527,1581810,845856,735954,1062003,506072,361588,144484,146309,84275,13494,117510,24518,73751,7309,38906,67.13846795759288,31.99322295345206,REAL_OFFICIAL,Census 2011 Primary Census Abstract,2011
9,162,Auraiya,248197,1379545,740040,639505,930836,442023,325721,116302,144778,89913,7224,83806,21953,61814,5309,27226,67.47413096346983,32.041216488044974,REAL_OFFICIAL,Census 2011 Primary Census Abstract,2011
9,163,Kanpur Dehat,329817,1796184,963255,832929,1170243,628864,448651,180213,195521,133547,12734,106849,29465,100522,8049,42177,65.15162143744739,35.011112447277114,REAL_OFFICIAL,Census 2011 Primary Census Abstract,2011
9,164,Kanpur Nagar,863338,4581268,2459806,2121462,3243022,1572232,1229166,343066,174576,160204,50941,843445,23971,98586,17797,202712,70.78874233072591,34.31870827028674,REAL_OFFICIAL,Census 2011 Primary Census Abstract,2011
9,165,Jalaun ,288338,1689974,906092,783882,1075196,620764,420266,200498,167462,125266,14606,112932,29151,117769,11503,42075,63.622043889432625,36.73216274333215,REAL_OFFICIAL,Census 2011 Primary Census Abstract,2011
9,166,Jhansi,367779,1998603,1057436,941167,1304513,814914,560041,254873,189840,126789,27248,216164,39041,121283,21400,73149,65.27124196251081,40.77418076526454,REAL_OFFICIAL,Census 2011 Primary Census Abstract,2011
9,167,Lalitpur,222094,1221592,641011,580581,641191,503351,357033,146318,218881,59275,9238,69639,48699,72079,5644,19896,52.48814661523651,41.20451018015835,REAL_OFFICIAL,Census 2011 Primary Census Abstract,2011
9,168,Hamirpur,204863,1104285,593537,510748,653299,443655,290375,153280,109940,89590,10532,80313,20374,91859,9344,31703,59.16036168199332,40.17576984202448,REAL_OFFICIAL,Census 2011 Primary Census Abstract,2011
9,169,Mahoba,158435,875958,466358,409600,488106,349676,238712,110964,96439,66682,8177,67414,17805,63740,5346,24073,55.72253464207188,39.91926553556221,REAL_OFFICIAL,Census 2011 Primary Census Abstract,2011
9,170,Banda,319963,1799410,965876,833534,1002937,701689,483232,218457,202136,155295,11074,114727,49619,118163,8024,42651,55.73699156945888,38.995504081893515,REAL_OFFICIAL,Census 2011 Primary Census Abstract,2011
9,171,Chitrakoot,168232,991730,527721,464009,531072,394197,282614,111583,130790,89510,7966,54348,29304,61185,4589,16505,53.55005898782935,39.74841942867514,REAL_OFFICIAL,Census 2011 Primary Census Abstract,2011
9,172,Fatehpur,472238,2632733,1384722,1248011,1512166,1063929,670156,393773,264317,204936,26625,174278,64441,220430,24930,83972,57.437119525603244,40.411579905748134,REAL_OFFICIAL,Census 2011 Primary Census Abstract,2011
9,173,Pratapgarh,533546,3209141,1606085,1603056,1931559,1066601,553013,513588,206826,128274,35504,182409,98920,258289,33138,123241,60.18928429757371,33.23633956875064,REAL_OFFICIAL,Census 2011 Primary Census Abstract,2011
9,174,Kaushambi,277851,1599596,838485,761111,813424,639086,415312,223774,112235,186914,16743,99420,28867,134496,13748,46663,50.851840089622634,39.9529631231886,REAL_OFFICIAL,Census 2011 Primary Census Abstract,2011
9,175,Allahabad ,976733,5954391,3131807,2822584,3665727,2111907,1286732,825175,337502,234806,107231,607193,136781,306340,78646,303408,61.56342437035123,35.468060461598846,REAL_OFFICIAL,Census 2011 Primary Census Abstract,2011
9,176,Bara Banki,579058,3260699,1707073,1553626,1692458,1192850,834294,358556,385472,226170,51437,171215,73007,195803,25798,63948,51.90476029832867,36.58264684964788,REAL_OFFICIAL,Census 2011 Primary Census Abstract,2011
9,177,Faizabad,423375,2470996,1259628,1211368,1450901,831209,496579,334630,193323,105778,25075,172403,67083,166956,18430,82161,58.71725409510983,33.638621835081885,REAL_OFFICIAL,Census 2011 Primary Census Abstract,2011
9,178,Ambedkar Nagar,368728,2397888,1212410,1185478,1486939,787398,440998,346400,159824,109764,34788,136622,53990,191356,23732,77322,62.010360784156724,32.837146689086396,REAL_OFFICIAL,Census 2011 Primary Census Abstract,2011
9,179,Sultanpur,623523,3797117,1914586,1882531,2239902,1242632,690967,551665,250044,189727,46363,204833,88846,311907,39422,111490,58.9895439092343,32.72567055479196,REAL_OFFICIAL,Census 2011 Primary Census Abstract,2011
9,180,Bahraich,603754,3487731,1843884,1643847,1398368,1152160,743452,408708,359978,223291,19733,140450,70249,259606,18232,60621,40.09391779354543,33.03465777607275,REAL_OFFICIAL,Census 2011 Primary Census Abstract,2011
9,181,Shrawasti,188289,1117361,593897,523464,423313,403755,232762,170993,126006,67766,8927,30063,37443,97352,9567,26631,37.885070268248136,36.13469594875783,REAL_OFFICIAL,Census 2011 Primary Census Abstract,2011
9,182,Balrampur,323881,2148665,1114721,1033944,868357,760253,458727,301526,220491,143090,15642,79504,56123,185678,14274,45451,40.413791819571685,35.382574761537974,REAL_OFFICIAL,Census 2011 Primary Census Abstract,2011
9,183,Gonda,541247,3433919,1787146,1646773,1679994,1170552,739663,430889,353737,200475,36208,149243,86603,231057,29091,84138,48.92351858037421,34.0879327671969,REAL_OFFICIAL,Census 2011 Primary Census Abstract,2011
9,184,Siddharthnagar,379351,2559297,1295095,1264202,1228926,878898,447943,430955,207247,133485,17712,89499,91113,262508,18044,59290,48.018108097653375,34.341383590884526,REAL_OFFICIAL,Census 2011 Primary Census Abstract,2011
9,185,Basti,382212,2464464,1255272,1209192,1393783,783688,443724,339964,218487,94482,20155,110600,78441,187778,16701,57044,56.55521849781535,31.799531257100938,REAL_OFFICIAL,Census 2011 Primary Census Abstract,2011
9,186,Sant Kabir Nagar,256645,1715183,869656,845527,954949,539469,265453,274016,103586,72795,15539,73533,46018,169030,13345,45623,55.67621647369406,31.452562204732672,REAL_OFFICIAL,Census 2011 Primary Census Abstract,2011
9,187,Mahrajganj,426565,2684703,1381754,1302949,1419144,994253,439293,554960,152058,154252,19006,113977,77789,378234,24009,74928,52.86037226464156,37.03400338882923,REAL_OFFICIAL,Census 2011 Primary Census Abstract,2011
9,188,Gorakhpur,692960,4440895,2277777,2163118,2700328,1351629,746381,605248,174804,163544,43134,364899,80856,291387,39831,193174,60.805941144746726,30.435959418090274,REAL_OFFICIAL,Census 2011 Primary Census Abstract,2011
9,189,Kushinagar,561062,3564544,1818055,1746489,1954820,1116973,523258,593715,176058,177147,25260,144793,89628,351241,31789,121057,54.84067527291009,31.33564910406492,REAL_OFFICIAL,Census 2011 Primary Census Abstract,2011
9,190,Deoria,468346,3100946,1537436,1563510,1875239,876246,455382,420864,150884,85751,25061,193686,87353,205265,25357,102889,60.47312658782191,28.257376942391126,REAL_OFFICIAL,Census 2011 Primary Census Abstract,2011
9,191,Azamgarh,665232,4613913,2285004,2328909,2771917,1372032,784272,587760,311060,153665,71164,248383,114570,298390,44827,129973,60.077357332051996,29.736841591941594,REAL_OFFICIAL,Census 2011 Primary Census Abstract,2011
9,192,Mau,324424,2205968,1114709,1091259,1363044,696747,396438,300309,101295,67343,87570,140230,43930,145000,31044,80335,61.788928941852284,31.584637673801254,REAL_OFFICIAL,Census 2011 Primary Census Abstract,2011
9,193,Ballia,480268,3239774,1672902,1566872,1963590,1019483,569522,449961,153930,161192,38130,216270,52298,223240,34064,140359,60.608857284489595,31.467719661927035,REAL_OFFICIAL,Census 2011 Primary Census Abstract,2011
9,194,Jaunpur,663513,4494204,2220465,2273739,2731677,1437375,896547,540828,386912,203295,51437,254903,153850,233497,36967,116514,60.782220833767234,31.982860591108015,REAL_OFFICIAL,Census 2011 Primary Census Abstract,2011
9,195,Ghazipur,546664,3620268,1855075,1765193,2197549,1204602,766881,437721,274535,219929,38249,234168,94408,216005,30005,97303,60.70127957377741,33.273834975753175,REAL_OFFICIAL,Census 2011 Primary Census Abstract,2011
9,196,Chandauli,296804,1952756,1017905,934851,1174606,652543,341927,310616,92042,81869,31169,136847,33938,166805,27383,82490,60.15119144429719,33.41651491532993,REAL_OFFICIAL,Census 2011 Primary Census Abstract,2011
9,197,Varanasi,560162,3676841,1921857,1754984,2403903,1220708,920761,299947,151854,98334,131931,538642,46098,83812,36833,133204,65.37957447711229,33.19991264240145,REAL_OFFICIAL,Census 2011 Primary Census Abstract,2011
9,198,Sant Ravidas Nagar (Bhadohi),222403,1578213,807099,771114,910146,470608,286978,183630,67232,36116,38963,144667,27170,68303,23702,64455,57.669402038888286,29.819042169846526,REAL_OFFICIAL,Census 2011 Primary Census Abstract,2011
9,199,Mirzapur,394925,2496970,1312302,1184668,1428683,881996,537091,344905,142314,151210,45028,198539,35818,183162,35218,90707,57.216666599919094,35.32265105307633,REAL_OFFICIAL,Census 2011 Primary Census Abstract,2011
9,200,Sonbhadra,333174,1862559,971344,891215,985708,730399,397196,333203,101592,147315,14505,133784,39415,223946,14912,54930,52.92224300008751,39.21481145026815,REAL_OFFICIAL,Census 2011 Primary Census Abstract,2011
9,201,Etah,290683,1774480,947339,827141,1055202,545984,415476,130508,213966,80122,18297,103091,28430,51657,10099,40322,59.4654208556873,30.768675893782966,REAL_OFFICIAL,Census 2011 Primary Census Abstract,2011
9,202,Kanshiram Nagar,237903,1436719,764165,672554,724850,472765,354257,118508,190566,63666,14849,85176,38522,43428,7643,28915,50.45175848582778,32.90587790653566,REAL_OFFICIAL,Census 2011 Primary Census Abstract,2011
10,203,Pashchim Champaran,710461,3935042,2061110,1873932,1759481,1478947,797544,681403,155114,464772,19043,158615,62425,534061,19648,65269,44.713144103671574,37.58402070422628,REAL_OFFICIAL,Census 2011 Primary Census Abstract,2011
10,204,Purba Champaran,981516,5099371,2681209,2418162,2276957,1737539,1132789,604750,275256,615189,26401,215943,73776,442228,19763,68983,44.65172273207813,34.07359456685932,REAL_OFFICIAL,Census 2011 Primary Census Abstract,2011
10,205,Sheohar,150144,656246,346673,309573,283698,216372,137804,78568,30496,82108,3475,21725,8231,54226,5644,10467,43.23043492836528,32.97117239571746,REAL_OFFICIAL,Census 2011 Primary Census Abstract,2011
10,206,Sitamarhi,736322,3423574,1803252,1620322,1436794,1114583,753645,360938,175741,390952,21401,165551,40271,244955,16531,59181,41.96766303284229,32.55612409721537,REAL_OFFICIAL,Census 2011 Primary Census Abstract,2011
10,207,Madhubani,898515,4487379,2329313,2158066,2155338,1636938,1074091,562847,289095,565141,31871,187984,107785,375501,23063,56498,48.03111125670464,36.478710623729356,REAL_OFFICIAL,Census 2011 Primary Census Abstract,2011
10,208,Supaul,443073,2229076,1155283,1073793,1033283,877682,472649,405033,142606,251652,10180,68211,59276,302619,12375,30763,46.35476762568885,39.37425193219074,REAL_OFFICIAL,Census 2011 Primary Census Abstract,2011
10,209,Araria,568142,2811569,1463333,1348236,1195768,1069893,696410,373483,170879,414626,12005,98900,52034,277321,12362,31766,42.530274021373835,38.05323646689802,REAL_OFFICIAL,Census 2011 Primary Census Abstract,2011
10,210,Kishanganj,338445,1690400,866970,823430,745056,529064,384416,144648,90347,220301,5832,67936,17515,101566,5801,19766,44.07572172266919,31.29815428300994,REAL_OFFICIAL,Census 2011 Primary Census Abstract,2011
10,211,Purnia,647777,3264619,1699370,1565249,1332326,1143318,776385,366933,160724,474573,15717,125371,36700,270442,13123,46668,40.81107167482637,35.02148336452125,REAL_OFFICIAL,Census 2011 Primary Census Abstract,2011
10,212,Katihar,619076,3071029,1600430,1470599,1280190,1013566,667602,345964,139059,399923,10823,117797,29798,272368,9754,34044,41.68602771253544,33.004116861156305,REAL_OFFICIAL,Census 2011 Primary Census Abstract,2011
10,213,Madhepura,401289,2001762,1047559,954203,834577,777546,443507,334039,135741,238882,8115,60769,55068,245180,8232,25559,41.692119242946966,38.84307924718323,REAL_OFFICIAL,Census 2011 Primary Census Abstract,2011
10,214,Saharsa,368979,1900661,997174,903487,804996,649898,363326,286572,118840,155772,8365,80349,45760,201061,10286,29465,42.35347597493714,34.19326223876851,REAL_OFFICIAL,Census 2011 Primary Census Abstract,2011
10,215,Darbhanga,803012,3937385,2059949,1877436,1816634,1223640,731347,492293,179408,301524,24015,226400,57265,340591,20831,73606,46.138084032930486,31.07747908827813,REAL_OFFICIAL,Census 2011 Primary Census Abstract,2011
10,216,Muzaffarpur,945703,4801062,2527497,2273565,2509232,1547586,910304,637282,198918,366307,34933,310146,74518,402694,30320,129750,52.264103233826184,32.23424317369782,REAL_OFFICIAL,Census 2011 Primary Census Abstract,2011
10,217,Gopalganj,413044,2562012,1267666,1294346,1382998,728201,363111,365090,138969,108576,12455,103111,69990,230090,13594,51416,53.98093373489273,28.42301285083754,REAL_OFFICIAL,Census 2011 Primary Census Abstract,2011
10,218,Siwan,535661,3330464,1675090,1655374,1930175,932416,462104,470312,164947,112244,15900,169013,99981,264100,15344,90887,57.95513778260326,27.996579455595377,REAL_OFFICIAL,Census 2011 Primary Census Abstract,2011
10,219,Saran,631097,3951862,2022821,1929041,2157454,1040231,545520,494711,163778,172248,22398,187096,68319,321213,19705,85474,54.59335371528662,26.32255377338581,REAL_OFFICIAL,Census 2011 Primary Census Abstract,2011
10,220,Vaishali,626087,3495021,1844535,1650486,1926740,1060344,716006,344338,206593,285634,22657,201122,48424,217003,14301,64610,55.12813799974307,30.338701827542668,REAL_OFFICIAL,Census 2011 Primary Census Abstract,2011
10,221,Samastipur,835493,4261566,2230003,2031563,2142880,1343400,907433,435967,245169,420585,28986,212693,53870,301044,18931,62122,50.28386278659066,31.523623006190682,REAL_OFFICIAL,Census 2011 Primary Census Abstract,2011
10,222,Begusarai,589667,2970541,1567660,1402881,1548673,938182,591811,346371,114779,225638,35795,215599,31256,205232,22372,87511,52.13437552284247,31.58286655528404,REAL_OFFICIAL,Census 2011 Primary Census Abstract,2011
10,223,Khagaria,328823,1666886,883786,783100,768028,560805,306283,254522,75365,145787,10847,74284,29152,179944,9969,35457,46.07561644887533,33.64387246638342,REAL_OFFICIAL,Census 2011 Primary Census Abstract,2011
10,224,Bhagalpur,564711,3037766,1615663,1422103,1573066,983528,534129,449399,92720,186542,35072,219795,42441,288686,25389,92883,51.78364627163514,32.376687341948,REAL_OFFICIAL,Census 2011 Primary Census Abstract,2011
10,225,Banka,381601,2034763,1067140,967623,965321,771080,374097,396983,106751,183546,11665,72135,65689,279068,15015,37211,47.44144649770023,37.895322452786885,REAL_OFFICIAL,Census 2011 Primary Census Abstract,2011
10,226,Munger,263171,1367765,729041,638724,801817,426658,233402,193256,28928,76183,8178,120113,17025,120266,8512,47453,58.62242417374329,31.193808877987085,REAL_OFFICIAL,Census 2011 Primary Census Abstract,2011
10,227,Lakhisarai,163355,1000912,526345,474567,507270,326576,201866,124710,59601,80407,7108,54750,18931,79563,6438,19778,50.68077912943396,32.627843406812985,REAL_OFFICIAL,Census 2011 Primary Census Abstract,2011
10,228,Sheikhpura,100701,636342,329743,306599,328676,224655,148002,76653,42086,65449,5621,34846,12425,44247,4296,15685,51.65084184290837,35.304128911811574,REAL_OFFICIAL,Census 2011 Primary Census Abstract,2011
10,229,Nalanda,477529,2877653,1497060,1380593,1519933,1045420,740949,304471,183781,342861,33230,181077,37459,191160,19355,56497,52.818494794195125,36.32891109525714,REAL_OFFICIAL,Census 2011 Primary Census Abstract,2011
10,230,Patna,975578,5838465,3078512,2759953,3459679,1881886,1371267,510619,221694,399689,57337,692547,49522,258514,28012,174571,59.25665393215511,32.23254742470838,REAL_OFFICIAL,Census 2011 Primary Census Abstract,2011
10,231,Bhojpur,416090,2728407,1430380,1298027,1599151,822493,512009,310484,147646,184314,24686,155363,43250,180561,23299,63374,58.61116028510409,30.145539136939615,REAL_OFFICIAL,Census 2011 Primary Census Abstract,2011
10,232,Buxar,261660,1706352,887977,818375,989807,538322,328547,209775,105122,114292,13175,95958,27350,137498,12947,31980,58.00719898356259,31.54812137237803,REAL_OFFICIAL,Census 2011 Primary Census Abstract,2011
10,233,Kaimur (Bhabua),250884,1626384,847006,779378,920276,511163,284646,226517,94614,116286,12202,61544,30456,152311,12678,31072,56.584176922547194,31.429416423181735,REAL_OFFICIAL,Census 2011 Primary Census Abstract,2011
10,234,Rohtas,460345,2959918,1543546,1416372,1799832,924879,542439,382440,169007,172526,24900,176006,49080,233018,23612,76730,60.806819648382145,31.246777782357483,REAL_OFFICIAL,Census 2011 Primary Census Abstract,2011
10,235,Aurangabad,391898,2540073,1318684,1221389,1466002,837770,480286,357484,133101,202346,20391,124448,45424,223750,20261,68049,57.71495543632014,32.98212295473398,REAL_OFFICIAL,Census 2011 Primary Census Abstract,2011
10,236,Gaya,688425,4391418,2266566,2124852,2297613,1664062,1007057,657005,270702,411942,49055,275358,100057,371563,38123,147262,52.32052608064184,37.893500459304946,REAL_OFFICIAL,Census 2011 Primary Census Abstract,2011
10,237,Nawada,338247,2219146,1144668,1074478,1091012,817041,508509,308532,162939,211681,21031,112858,53461,185824,18987,50260,49.163597167559054,36.81781189700903,REAL_OFFICIAL,Census 2011 Primary Census Abstract,2011
10,238,Jamui,307082,1760405,916064,844341,858588,727571,445352,282219,111049,179628,61946,92729,45442,151838,43691,41248,48.77218594584769,41.329750824384156,REAL_OFFICIAL,Census 2011 Primary Census Abstract,2011
10,239,Jehanabad ,181740,1125313,585582,539731,618881,365378,251690,113688,70026,109146,8874,63644,16082,70373,6201,21032,54.99634323961422,32.46901084409404,REAL_OFFICIAL,Census 2011 Primary Census Abstract,2011
10,240,Arwal,118222,700843,363497,337346,386351,236354,161277,75077,41590,88146,3891,27650,7537,56552,2867,8121,55.126611808921545,33.72424351816313,REAL_OFFICIAL,Census 2011 Primary Census Abstract,2011
11,241,North  District,8873,43709,24730,18979,30450,23359,17216,6143,4728,1015,138,11335,2585,1247,194,2117,69.66528632547073,53.44208286622892,REAL_OFFICIAL,Census 2011 Primary Census Abstract,2011
11,242,West District,28023,136435,70238,66197,93432,70348,51225,19123,30728,3984,819,15694,10069,4069,584,4401,68.48096163008026,51.56154945578481,REAL_OFFICIAL,Census 2011 Primary Census Abstract,2011
11,243,South District,30543,146850,76670,70180,106741,74753,50898,23855,24926,1456,445,24071,12876,2732,559,7688,72.68709567585972,50.9043241402792,REAL_OFFICIAL,Census 2011 Primary Census Abstract,2011
11,244,East District,61567,283583,151432,132151,214329,139678,111058,28620,22325,5127,1486,82120,9164,6356,918,12182,75.57893103606351,49.254715550650076,REAL_OFFICIAL,Census 2011 Primary Census Abstract,2011
12,245,Tawang,10062,49977,29151,20826,26073,28561,24430,4131,5860,594,66,17910,1771,987,48,1325,52.169998199171616,57.14828821257778,REAL_OFFICIAL,Census 2011 Primary Census Abstract,2011
12,246,West Kameng,18159,83947,46155,37792,48492,42493,34752,7741,11331,817,458,22146,3145,888,343,3365,57.76501840446948,50.61884284131655,REAL_OFFICIAL,Census 2011 Primary Census Abstract,2011
12,247,East Kameng,14508,78690,38775,39915,38449,31710,27123,4587,19266,443,157,7257,2569,620,116,1282,48.861354682933026,40.29736942432329,REAL_OFFICIAL,Census 2011 Primary Census Abstract,2011
12,248,Papum Pare,35730,176573,89182,87391,121048,65772,51157,14615,11038,921,821,38377,3066,938,722,9889,68.55408244748631,37.24918305743234,REAL_OFFICIAL,Census 2011 Primary Census Abstract,2011
12,249,Upper Subansiri,15869,83448,41758,41690,45278,33370,25717,7653,17441,619,317,7340,4249,1227,164,2013,54.25893969897421,39.98897517016585,REAL_OFFICIAL,Census 2011 Primary Census Abstract,2011
12,250,West Siang,21231,112274,58168,54106,64746,49177,43000,6177,25883,617,213,16287,2969,767,85,2356,57.66784829969539,43.800879990024406,REAL_OFFICIAL,Census 2011 Primary Census Abstract,2011
12,251,East Siang,19107,99214,50116,49098,62576,40222,33578,6644,17077,2600,293,13608,3108,965,200,2371,63.07174390710988,40.54064950511017,REAL_OFFICIAL,Census 2011 Primary Census Abstract,2011
12,252,Upper Siang,7324,35320,18699,16621,18195,17644,14524,3120,8190,611,354,5369,1786,193,237,904,51.514722536806346,49.954699886749715,REAL_OFFICIAL,Census 2011 Primary Census Abstract,2011
12,253,Changlang,29521,148226,76948,71278,73174,62966,50765,12201,31414,2473,326,16552,8318,1735,170,1978,49.3665079000985,42.4797269035122,REAL_OFFICIAL,Census 2011 Primary Census Abstract,2011
12,254,Tirap,20611,111975,57604,54371,47974,50169,44262,5907,32540,949,395,10378,3427,862,441,1177,42.843491850859564,44.80375083724046,REAL_OFFICIAL,Census 2011 Primary Census Abstract,2011
12,255,Lower Subansiri,15249,83030,41843,41187,54057,30202,22669,7533,9552,826,244,12047,4104,1142,191,2096,65.1053835962905,36.374804287606885,REAL_OFFICIAL,Census 2011 Primary Census Abstract,2011
12,256,Kurung Kumey,15037,92076,45318,46758,36606,38044,24372,13672,18498,962,400,4512,8919,1985,433,2335,39.756288283591815,41.318041617793995,REAL_OFFICIAL,Census 2011 Primary Census Abstract,2011
12,257,Dibang Valley,1952,8004,4414,3590,4436,3555,2525,1030,807,51,17,1650,483,55,51,441,55.42228885557221,44.41529235382309,REAL_OFFICIAL,Census 2011 Primary Census Abstract,2011
12,258,Lower Dibang Valley,11600,54080,28053,26027,31849,22326,19829,2497,8808,2559,162,8300,879,795,71,752,58.89238165680474,41.283284023668635,REAL_OFFICIAL,Census 2011 Primary Census Abstract,2011
12,259,Lohit,30005,145726,76221,69505,83062,60945,50754,10191,24971,5134,430,20219,4938,2655,356,2242,56.998751080795465,41.82163786832823,REAL_OFFICIAL,Census 2011 Primary Census Abstract,2011
12,260,Anjaw,4612,21167,11507,9660,9990,10501,9264,1237,5444,83,75,3662,872,98,9,258,47.19610714791893,49.61024235838806,REAL_OFFICIAL,Census 2011 Primary Census Abstract,2011
13,261,Mon,41978,250260,131753,118507,119626,147654,104981,42673,84402,3947,609,16023,29071,6889,999,5714,47.80068728522337,59.00023975065931,REAL_OFFICIAL,Census 2011 Primary Census Abstract,2011
13,262,Mokokchung,42690,194622,101092,93530,159494,100067,81046,19021,42236,4863,1939,32008,6689,4303,1859,6170,81.95065306080505,51.416078346743944,REAL_OFFICIAL,Census 2011 Primary Census Abstract,2011
13,263,Zunheboto,27835,140757,71217,69540,102881,79466,49382,30084,30738,1763,613,16268,13985,10192,1412,4495,73.09121393607423,56.456162038122436,REAL_OFFICIAL,Census 2011 Primary Census Abstract,2011
13,264,Wokha,31891,166343,84505,81838,128208,78412,63512,14900,41862,2375,874,18401,5611,4063,1091,4135,77.07447863751405,47.13874343976001,REAL_OFFICIAL,Census 2011 Primary Census Abstract,2011
13,265,Dimapur ,78605,378811,197394,181417,278037,151350,122358,28992,20591,4506,2338,94923,3926,4484,2735,17847,73.39728782955089,39.95396121020773,REAL_OFFICIAL,Census 2011 Primary Census Abstract,2011
13,266,Phek,36639,163418,83743,79675,105893,80277,63645,16632,44069,1311,609,17656,11022,1848,666,3096,64.79885936677722,49.123719541298996,REAL_OFFICIAL,Census 2011 Primary Census Abstract,2011
13,267,Tuensang,36742,196596,101933,94663,117511,98154,73518,24636,57479,945,541,14553,17733,2968,563,3372,59.77283362835459,49.92675334187878,REAL_OFFICIAL,Census 2011 Primary Census Abstract,2011
13,268,Longleng,11985,50484,26502,23982,29859,30568,20944,9624,16837,278,199,3630,5664,1031,399,2530,59.14547183265986,60.549877188812296,REAL_OFFICIAL,Census 2011 Primary Census Abstract,2011
13,269,Kiphire,14771,74004,37830,36174,41232,31959,25830,6129,18450,440,323,6617,2982,819,426,1902,55.71590724825685,43.18550348629804,REAL_OFFICIAL,Census 2011 Primary Census Abstract,2011
13,270,Kohima,54391,267988,138966,129022,197489,114825,99408,15417,38017,911,1131,59349,6667,1287,941,6522,73.69322506977925,42.847067779154294,REAL_OFFICIAL,Census 2011 Primary Census Abstract,2011
13,271,Peren,18475,95219,49714,45505,62204,61390,36555,24835,25698,1232,349,9276,13973,2507,2222,6133,65.32729812327372,64.47242672155767,REAL_OFFICIAL,Census 2011 Primary Census Abstract,2011
14,272,Senapati,83411,479148,247323,231825,264477,233622,185725,47897,149797,5039,2185,28704,25330,6171,2793,13603,55.19735029677678,48.75779508627814,REAL_OFFICIAL,Census 2011 Primary Census Abstract,2011
14,273,Tamenglong ,25039,140651,72371,68280,85006,70675,55979,14696,42400,1023,994,11562,6449,901,716,6630,60.43753688206981,50.24848739077575,REAL_OFFICIAL,Census 2011 Primary Census Abstract,2011
14,274,Churachandpur,49089,274143,138820,135323,195935,122655,89779,32876,52630,3885,2411,30853,12204,4397,2656,13619,71.4718230996232,44.741248180694015,REAL_OFFICIAL,Census 2011 Primary Census Abstract,2011
14,275,Bishnupur,46580,237399,118782,118617,156333,109937,76423,33514,26542,4745,5560,39576,7816,10364,6007,9327,65.85242566312411,46.30895665103897,REAL_OFFICIAL,Census 2011 Primary Census Abstract,2011
14,276,Thoubal,85965,422168,210845,211323,269304,195319,133428,61891,59090,12151,9118,53069,18241,20955,11899,10796,63.79071838699285,46.265704648386425,REAL_OFFICIAL,Census 2011 Primary Census Abstract,2011
14,277,Imphal West,111156,517992,255054,262938,392626,213387,166009,47378,30101,5044,11439,119425,7006,7826,8479,24067,75.79769571730837,41.19503776120095,REAL_OFFICIAL,Census 2011 Primary Census Abstract,2011
14,278,Imphal East,92124,456113,226094,230019,324664,194848,145343,49505,27895,9398,11908,96142,8460,10852,9918,20275,71.18060656021645,42.71923843433535,REAL_OFFICIAL,Census 2011 Primary Census Abstract,2011
14,279,Ukhrul,35694,183998,94718,89280,129829,87929,67724,20205,46089,1542,1179,18914,10726,2310,1054,6115,70.56000608702269,47.78801943499386,REAL_OFFICIAL,Census 2011 Primary Census Abstract,2011
14,280,Chandel,28801,144182,74579,69603,90302,76238,53753,22485,32224,2782,1130,17617,11031,5533,1910,4011,62.630564148090606,52.87622588117795,REAL_OFFICIAL,Census 2011 Primary Census Abstract,2011
15,281,Mamit,17731,86364,44828,41536,60191,39339,36185,3154,26937,1963,199,7086,1732,590,63,769,69.69454865453199,45.55022926219258,REAL_OFFICIAL,Census 2011 Primary Census Abstract,2011
15,282,Kolasib,17270,83955,42918,41037,65895,36672,29697,6975,15480,3341,343,10533,2512,2580,242,1641,78.48847596926926,43.68054314811506,REAL_OFFICIAL,Census 2011 Primary Census Abstract,2011
15,283,Aizawl,82524,400309,199270,201039,340595,174636,151410,23226,36249,8176,2429,104556,3017,3258,931,16020,85.08302336445097,43.62529945617011,REAL_OFFICIAL,Census 2011 Primary Census Abstract,2011
15,284,Champhai,25520,125745,63388,62357,100802,60342,53111,7231,35868,3698,655,12890,2468,2125,325,2313,80.16382361127678,47.9875939401169,REAL_OFFICIAL,Census 2011 Primary Census Abstract,2011
15,285,Serchhip,12622,64937,32851,32086,54476,32397,29838,2559,20750,1006,699,7383,1054,278,227,1000,83.89054006190617,49.88989328118022,REAL_OFFICIAL,Census 2011 Primary Census Abstract,2011
15,286,Lunglei,33058,161428,82891,78537,121122,78292,62013,16279,34762,6625,569,20057,10677,4037,244,1321,75.03159303218773,48.499640706692766,REAL_OFFICIAL,Census 2011 Primary Census Abstract,2011
15,287,Lawngtlai,22984,117894,60599,57295,62861,45566,38082,7484,25404,1463,412,10803,3785,1690,201,1808,53.31993146385736,38.6499737051928,REAL_OFFICIAL,Census 2011 Primary Census Abstract,2011
15,288,Saiha,11144,56574,28594,27980,42233,19461,14694,4767,7064,192,153,7285,1844,765,160,1998,74.650899706579,34.3991939760314,REAL_OFFICIAL,Census 2011 Primary Census Abstract,2011
16,289,West Tripura ,410565,1725739,879428,846311,1361354,698178,524198,173980,94721,88018,11921,329538,20454,68090,13242,72194,78.88527755355823,40.45675504812721,REAL_OFFICIAL,Census 2011 Primary Census Abstract,2011
16,290,South Tripura ,208127,876001,447544,428457,646810,366845,258457,108388,72477,66460,2947,116573,13053,44872,3428,47035,73.83667370242728,41.8772352999597,REAL_OFFICIAL,Census 2011 Primary Census Abstract,2011
16,291,Dhalai,84509,378230,194544,183686,276217,155831,108259,47572,36725,20934,1194,49406,9231,21267,1676,15398,73.0288448827433,41.20006345345425,REAL_OFFICIAL,Census 2011 Primary Census Abstract,2011
16,292,North Tripura,152355,693947,352860,341087,520402,248667,186105,62562,42784,26451,3234,113636,6502,17526,3854,34680,74.99160598720074,35.83371640773719,REAL_OFFICIAL,Census 2011 Primary Census Abstract,2011
17,293,West Garo Hills,123352,643291,324159,319132,358702,255693,188371,67322,98319,20540,3957,65555,22421,19185,3686,22030,55.76045677617129,39.74764142510932,REAL_OFFICIAL,Census 2011 Primary Census Abstract,2011
17,294,East Garo Hills,58328,317917,161223,156694,192147,126073,83936,42137,55156,8054,1240,19486,22234,11192,1235,7476,60.439359958731366,39.65594793609653,REAL_OFFICIAL,Census 2011 Primary Census Abstract,2011
17,295,South Garo Hills,24527,142334,73170,69164,82062,53069,38397,14672,22068,2781,464,13084,6077,2784,785,5026,57.654530892126964,37.28483707336265,REAL_OFFICIAL,Census 2011 Primary Census Abstract,2011
17,296,West Khasi Hills,64906,383461,193715,189746,230678,163345,119803,43542,71021,19987,1416,27379,13935,17197,1059,11351,60.15683472373984,42.597552293453575,REAL_OFFICIAL,Census 2011 Primary Census Abstract,2011
17,297,Ribhoi,46872,258840,132531,126309,155859,106473,90875,15598,50955,14216,1277,24427,4878,5773,399,4548,60.214418173388964,41.13467779323134,REAL_OFFICIAL,Census 2011 Primary Census Abstract,2011
17,298,East Khasi Hills,164046,825922,410749,415173,578030,326786,289576,37210,70086,30464,2332,186694,6681,10425,634,19470,69.98602773627533,39.56620600976848,REAL_OFFICIAL,Census 2011 Primary Census Abstract,2011
17,299,Jaintia Hills,66028,395124,196285,198839,187527,154180,110617,43563,43665,18600,1283,47069,7179,17166,721,18497,47.46029094663954,39.02066186817303,REAL_OFFICIAL,Census 2011 Primary Census Abstract,2011
18,300,Kokrajhar,181081,887142,452905,434237,489305,341131,253110,88021,128150,29518,7337,88105,28603,26812,5086,27520,55.15520626912039,38.452806878718405,REAL_OFFICIAL,Census 2011 Primary Census Abstract,2011
18,301,Dhubri,414674,1949258,997848,951410,922341,669819,504998,164821,179873,107424,16019,201682,25432,63692,11803,63894,47.31754339343483,34.36276778138143,REAL_OFFICIAL,Census 2011 Primary Census Abstract,2011
18,302,Goalpara,198454,1008183,513292,494891,563577,362573,266376,96197,108908,37509,7710,112249,17641,38319,6636,33601,55.90026810608788,35.963014651109965,REAL_OFFICIAL,Census 2011 Primary Census Abstract,2011
18,303,Barpeta,337929,1693622,867004,826618,897058,561824,439453,122371,184770,56932,16499,181252,20489,42014,13843,46025,52.9668367557814,33.17292760722286,REAL_OFFICIAL,Census 2011 Primary Census Abstract,2011
18,304,Morigaon,184602,957423,486651,470772,539902,351148,260968,90180,134827,40019,6598,79524,22785,35965,7748,23682,56.39116670478984,36.676369796840056,REAL_OFFICIAL,Census 2011 Primary Census Abstract,2011
18,305,Nagaon,559340,2823768,1439112,1384656,1710716,979998,734993,245005,287452,107649,20130,319762,58671,88525,17992,79817,60.582739091880065,34.705329899623486,REAL_OFFICIAL,Census 2011 Primary Census Abstract,2011
18,306,Sonitpur,392919,1924110,983904,940206,1108572,770606,558325,212281,196296,51007,13809,297213,52827,63858,11910,83686,57.614793333021495,40.04999714153556,REAL_OFFICIAL,Census 2011 Primary Census Abstract,2011
18,307,Lakhimpur,204307,1042137,529674,512463,683486,429995,283533,146462,148850,16154,4714,113815,90527,27768,6269,21898,65.58504304136596,41.26088988300003,REAL_OFFICIAL,Census 2011 Primary Census Abstract,2011
18,308,Dhemaji,129869,686133,351249,334884,423028,316800,201364,115436,145889,4791,3109,47575,86048,14390,4115,10883,61.65393589872517,46.17180634075318,REAL_OFFICIAL,Census 2011 Primary Census Abstract,2011
18,309,Tinsukia,268598,1327929,680231,647698,798322,557196,410188,147008,102840,19483,6461,281404,46642,28273,6780,65313,60.11782256430879,41.959773451743274,REAL_OFFICIAL,Census 2011 Primary Census Abstract,2011
18,310,Dibrugarh,276867,1326335,676434,649901,884531,560557,391597,168960,86082,21792,6528,277195,49112,39417,7834,72597,66.68986342062902,42.26360610253066,REAL_OFFICIAL,Census 2011 Primary Census Abstract,2011
18,311,Sivasagar,248367,1151050,589216,561834,813505,485717,318950,166767,70255,14008,6143,228544,67845,34460,8389,56073,70.67503583684463,42.197732505104035,REAL_OFFICIAL,Census 2011 Primary Census Abstract,2011
18,312,Jorhat,236262,1092256,556805,535451,794929,498618,338635,159983,98667,20176,14432,205360,47218,32977,17111,62677,72.7786343128351,45.65028711217883,REAL_OFFICIAL,Census 2011 Primary Census Abstract,2011
18,313,Golaghat,227197,1066888,543161,523727,721764,479928,331210,148718,133659,25086,7778,164687,56931,41530,7290,42967,67.6513373475004,44.98391583746373,REAL_OFFICIAL,Census 2011 Primary Census Abstract,2011
18,314,Karbi Anglong,177646,956313,490167,466146,557214,383441,260482,122959,163800,20595,5085,71002,59220,40357,4776,18606,58.26690633715113,40.095763625507544,REAL_OFFICIAL,Census 2011 Primary Census Abstract,2011
18,315,Dima Hasao,42252,214102,110802,103300,140873,85028,68297,16731,35375,1833,750,30339,9105,2985,742,3899,65.79714341762337,39.713781281818946,REAL_OFFICIAL,Census 2011 Primary Census Abstract,2011
18,316,Cachar,379955,1736617,886284,850333,1174128,608062,471259,136803,104295,37204,11226,318534,16061,31460,13240,76042,67.61007176596797,35.01416835145573,REAL_OFFICIAL,Census 2011 Primary Census Abstract,2011
18,317,Karimganj,247714,1228686,625864,602822,795297,399171,293392,105779,80088,36618,8181,168505,14260,30415,9254,51850,64.72744053403392,32.48763313002671,REAL_OFFICIAL,Census 2011 Primary Census Abstract,2011
18,318,Hailakandi,143350,659296,337890,321406,407366,214240,165193,49047,56144,17718,3264,88067,9529,13530,4049,21939,61.78802844245984,32.495267679464156,REAL_OFFICIAL,Census 2011 Primary Census Abstract,2011
18,319,Bongaigaon,150018,738804,375818,362986,434078,255806,191671,64135,66767,24914,4756,95234,16675,22492,4729,20239,58.75414859692151,34.624338796216584,REAL_OFFICIAL,Census 2011 Primary Census Abstract,2011
18,320,Chirang,97395,482162,244860,237302,259902,193894,139027,54867,66774,15896,4241,52116,13554,19328,3431,18554,53.90345983300219,40.21345522874055,REAL_OFFICIAL,Census 2011 Primary Census Abstract,2011
18,321,Kamrup,311114,1517542,778461,739081,995319,628954,421244,207710,149738,42121,29452,199933,36065,57401,39654,74590,65.58757517090137,41.44557448821845,REAL_OFFICIAL,Census 2011 Primary Census Abstract,2011
18,322,Kamrup Metropolitan,293112,1253938,647585,606353,1001191,490932,413154,77778,20677,8259,7973,376245,4573,8736,4490,59979,79.84374028061994,39.151218002803965,REAL_OFFICIAL,Census 2011 Primary Census Abstract,2011
18,323,Nalbari,155248,771639,396006,375633,531771,267623,196773,70850,51345,19603,8578,117247,6725,15381,10724,38020,68.91447943921963,34.68240977970268,REAL_OFFICIAL,Census 2011 Primary Census Abstract,2011
18,324,Baksa,191701,950075,481330,468745,572837,406756,278297,128459,124450,44447,10433,98967,24838,50144,9877,43600,60.293871536457644,42.81304107570455,REAL_OFFICIAL,Census 2011 Primary Census Abstract,2011
18,325,Darrang,187783,928500,475273,453227,487039,324843,241456,83387,107473,46418,4606,82959,21983,35199,5936,20269,52.4543887991384,34.985783521809374,REAL_OFFICIAL,Census 2011 Primary Census Abstract,2011
18,326,Udalguri,168717,831668,421617,410051,469926,345030,253178,91852,105110,36120,6259,105689,19714,36624,5542,29972,56.50403766887748,41.486506634859104,REAL_OFFICIAL,Census 2011 Primary Census Abstract,2011
19,327,Darjiling ,391234,1846823,937259,909564,1315585,683726,532855,150871,51984,32087,10517,438267,24194,33954,6062,86661,71.23503443481049,37.02173949533875,REAL_OFFICIAL,Census 2011 Primary Census Abstract,2011
19,328,Jalpaiguri ,868326,3872846,1983064,1889782,2498780,1512910,1153765,359145,181104,212657,18115,741889,33828,137015,11975,176327,64.5205102397565,39.06455356086971,REAL_OFFICIAL,Census 2011 Primary Census Abstract,2011
19,329,Koch Bihar ,665720,2819086,1451542,1367544,1850504,1127977,886357,241620,312014,272435,26147,275761,52783,119440,14446,54951,65.64198467162761,40.01215287508079,REAL_OFFICIAL,Census 2011 Primary Census Abstract,2011
19,330,Uttar Dinajpur,605674,3007134,1551066,1456068,1489667,1075626,824342,251284,226346,294195,21947,281854,31031,148133,16031,56089,49.53776585945289,35.76914098274304,REAL_OFFICIAL,Census 2011 Primary Census Abstract,2011
19,331,Dakshin Dinajpur,396406,1676276,857199,819077,1083685,702987,526470,176517,170682,174690,20485,160613,22594,105242,11805,36876,64.64836339600399,41.93742557908125,REAL_OFFICIAL,Census 2011 Primary Census Abstract,2011
19,332,Maldah ,846991,3988845,2051541,1937304,2086432,1537847,1050995,486852,219241,322452,98383,410919,35941,223307,98304,129300,52.30667022659442,38.55369160747033,REAL_OFFICIAL,Census 2011 Primary Census Abstract,2011
19,333,Murshidabad ,1570759,7103807,3627564,3476243,4055834,2589907,2022083,567824,346049,627126,315687,733221,35027,215168,150320,167309,57.09380899565543,36.458014695500594,REAL_OFFICIAL,Census 2011 Primary Census Abstract,2011
19,334,Birbhum,817899,3502404,1790920,1711484,2158447,1331603,912844,418759,191661,350669,34042,336472,35593,260841,31020,91305,61.62758493880204,38.01968590716548,REAL_OFFICIAL,Census 2011 Primary Census Abstract,2011
19,335,Barddhaman ,1730927,7717563,3966889,3750674,5247208,2911251,2166742,744509,297193,604286,81338,1183925,44973,368896,43220,287420,67.99047834141425,37.72241315036884,REAL_OFFICIAL,Census 2011 Primary Census Abstract,2011
19,336,Nadia ,1232282,5167600,2653768,2513832,3480555,1842607,1595880,246727,293229,461580,130486,710585,15513,94554,38652,98008,67.35341357690223,35.656920040250796,REAL_OFFICIAL,Census 2011 Primary Census Abstract,2011
19,337,North Twenty Four Parganas,2348683,10009781,5119389,4890392,7608693,3571624,3055630,515994,261515,434463,103443,2256209,26543,164576,52319,272556,76.0125820934544,35.68134008126651,REAL_OFFICIAL,Census 2011 Primary Census Abstract,2011
19,338,Hugli ,1287423,5519145,2814653,2704492,4078388,2152870,1714645,438225,231407,370014,75215,1038009,28273,213366,36613,159973,73.89528631699294,39.00731000906843,REAL_OFFICIAL,Census 2011 Primary Census Abstract,2011
19,339,Bankura ,766902,3596674,1838095,1758579,2232992,1466220,916393,549827,238179,303270,31479,343465,71544,344104,29907,104272,62.08491511880143,40.76599658462235,REAL_OFFICIAL,Census 2011 Primary Census Abstract,2011
19,340,Puruliya,567824,2930115,1496996,1433119,1624905,1249642,613398,636244,166814,128475,45114,272995,101986,363730,42446,128082,55.455331957960695,42.648223704530366,REAL_OFFICIAL,Census 2011 Primary Census Abstract,2011
19,341,Haora ,1061336,4850029,2500819,2349210,3605206,1819845,1496267,323578,67686,116736,212552,1099293,12889,64926,85222,160541,74.33369986035136,37.522352959126636,REAL_OFFICIAL,Census 2011 Primary Census Abstract,2011
19,342,Kolkata,1024928,4496694,2356766,2139928,3588137,1795740,1576419,219321,7413,8903,53463,1506640,8626,3485,14975,192235,79.79500050481532,39.934672005700186,REAL_OFFICIAL,Census 2011 Primary Census Abstract,2011
19,343,South Twenty Four Parganas,1781221,8161961,4173778,3988183,5531657,2964494,2003685,960809,263077,388993,124062,1227553,92273,417569,116914,334053,67.77362695068011,36.320854755370675,REAL_OFFICIAL,Census 2011 Primary Census Abstract,2011
19,344,Paschim Medinipur,1301610,5913457,3007885,2905572,4078412,2509159,1510548,998611,436384,489199,57613,527352,135884,616002,84989,161736,68.96832089926417,42.4313392318571,REAL_OFFICIAL,Census 2011 Primary Census Abstract,2011
19,345,Purba Medinipur,1114170,5095875,2629834,2466041,3923194,1910320,1127312,783008,241789,277268,58040,550215,103426,425036,60776,193770,76.98764196531508,37.48757573527608,REAL_OFFICIAL,Census 2011 Primary Census Abstract,2011
20,346,Garhwa ,254697,1322784,683575,639209,653476,571431,175126,396305,47082,57365,4283,66396,66479,271308,10204,48314,49.4015651837337,43.199116409028235,REAL_OFFICIAL,Census 2011 Primary Census Abstract,2011
20,347,Chatra,182271,1042886,533935,508951,510061,397690,195502,202188,75717,63773,6073,49939,43580,124740,8137,25731,48.908605542695945,38.133602330456064,REAL_OFFICIAL,Census 2011 Primary Census Abstract,2011
20,348,Kodarma,116155,716259,367222,349037,390249,257418,143324,114094,39007,24197,3912,76208,44119,40078,4022,25875,54.48434155801184,35.93923427140183,REAL_OFFICIAL,Census 2011 Primary Census Abstract,2011
20,349,Giridih,396521,2445474,1258098,1187376,1253475,1036277,412912,623365,134666,78621,13020,186605,235247,283989,19524,84605,51.256934238515726,42.375302293134176,REAL_OFFICIAL,Census 2011 Primary Census Abstract,2011
20,350,Deoghar,264347,1492073,775022,717051,793538,551467,297146,254321,72898,69187,22041,133020,55758,140506,17320,40737,53.18359088328788,36.95978682008186,REAL_OFFICIAL,Census 2011 Primary Census Abstract,2011
20,351,Godda,253648,1313551,677927,635624,604519,552191,235735,316456,76990,87229,10546,60970,67613,220538,8173,20132,46.02173802159185,42.03803278289156,REAL_OFFICIAL,Census 2011 Primary Census Abstract,2011
20,352,Sahibganj,227023,1150567,589391,561176,483263,490202,322572,167630,82755,110168,32917,96732,27220,96734,10262,33414,42.00216067382429,42.60525462663191,REAL_OFFICIAL,Census 2011 Primary Census Abstract,2011
20,353,Pakur,182317,900422,452661,447761,352881,404584,252017,152567,68549,57797,13965,111706,36785,92231,5506,18045,39.19062395188034,44.93270932962544,REAL_OFFICIAL,Census 2011 Primary Census Abstract,2011
20,354,Dhanbad,507064,2684487,1405956,1278531,1722204,844504,546714,297790,32963,25466,14488,473797,64155,78022,11401,144212,64.15393332133849,31.458673482121537,REAL_OFFICIAL,Census 2011 Primary Census Abstract,2011
20,355,Bokaro,394918,2062330,1072807,989523,1273520,685368,380304,305064,50940,23861,10564,294939,86581,102545,11107,104831,61.75151406418953,33.232702816717016,REAL_OFFICIAL,Census 2011 Primary Census Abstract,2011
20,356,Lohardaga,88638,461790,232629,229161,259707,221332,103001,118331,52916,21281,2173,26631,46864,59559,2276,9632,56.239199636198265,47.92914528248771,REAL_OFFICIAL,Census 2011 Primary Census Abstract,2011
20,357,Purbi Singhbhum,476931,2293919,1176902,1117017,1507699,837167,529578,307589,49893,39661,12926,427098,62166,170141,8512,66770,65.72590400968822,36.49505496924695,REAL_OFFICIAL,Census 2011 Primary Census Abstract,2011
20,358,Palamu,358754,1939869,1006302,933567,1024563,713175,283702,429473,68895,95734,7062,112011,64690,285242,12849,66692,52.81609222066026,36.7640804611033,REAL_OFFICIAL,Census 2011 Primary Census Abstract,2011
20,359,Latehar,133381,726978,369666,357312,350682,313379,117311,196068,47375,33198,3164,33574,56318,109531,6041,24178,48.23832358063105,43.10708164483657,REAL_OFFICIAL,Census 2011 Primary Census Abstract,2011
20,360,Hazaribagh,304749,1734495,890881,843614,1013249,654636,327316,327320,112671,43404,8106,163135,129789,128981,8044,60506,58.41752210297522,37.74216702844343,REAL_OFFICIAL,Census 2011 Primary Census Abstract,2011
20,361,Ramgarh,179375,949443,494230,455213,596497,312125,221112,91013,59360,21342,5247,135163,31410,25473,3089,31041,62.82599376687173,32.8745380186067,REAL_OFFICIAL,Census 2011 Primary Census Abstract,2011
20,362,Dumka,275019,1321442,668514,652928,672409,624779,237479,387300,83224,72157,10346,71752,110178,230927,12760,33435,50.88448830898366,47.280092505005896,REAL_OFFICIAL,Census 2011 Primary Census Abstract,2011
20,363,Jamtara,155275,791042,404830,386212,426312,326631,122434,204197,42802,26814,6154,46664,63206,108853,5393,26745,53.89246083014555,41.291233588102784,REAL_OFFICIAL,Census 2011 Primary Census Abstract,2011
20,364,Ranchi,569444,2914253,1494937,1419316,1911433,1142867,756176,386691,208011,103770,23609,420786,109476,163590,14843,98782,65.58912352496506,39.21646473384431,REAL_OFFICIAL,Census 2011 Primary Census Abstract,2011
20,365,Khunti,103700,531885,266335,265550,284575,259984,153087,106897,107222,16422,4874,24569,59068,33026,4371,10432,53.50310687460635,48.879739041334126,REAL_OFFICIAL,Census 2011 Primary Census Abstract,2011
20,366,Gumla,188988,1025213,514390,510823,559720,487508,278931,208577,196517,33161,7482,41771,124755,64757,5289,13776,54.5954840603855,47.55187458606163,REAL_OFFICIAL,Census 2011 Primary Census Abstract,2011
20,367,Simdega,118288,599578,300309,299269,343483,288645,155510,133135,96004,29589,5284,24633,62015,60643,2727,7750,57.28745884605506,48.14135942279403,REAL_OFFICIAL,Census 2011 Primary Census Abstract,2011
20,368,Pashchimi Singhbhum,302046,1502338,749385,752953,727561,694863,343008,351855,137464,72410,14751,118383,106708,195065,10074,40008,48.42858264917748,46.25210838040441,REAL_OFFICIAL,Census 2011 Primary Census Abstract,2011
20,369,Saraikela-Kharsawan,221232,1065056,544411,520645,612993,430051,228598,201453,57441,32167,6061,132929,59290,110799,4190,27174,57.5550018027221,40.37825241114083,REAL_OFFICIAL,Census 2011 Primary Census Abstract,2011
21,370,Bargarh,370308,1481255,749161,732094,983783,762092,474390,287702,173496,152438,34886,113570,42917,208212,13259,23314,66.41550577044467,51.44907527738303,REAL_OFFICIAL,Census 2011 Primary Census Abstract,2011
21,371,Jharsuguda,136061,579505,296690,282815,405879,247707,172069,75638,32716,21048,9320,108985,8151,35761,6516,25210,70.03891252016807,42.74458373957084,REAL_OFFICIAL,Census 2011 Primary Census Abstract,2011
21,372,Sambalpur,249597,1041099,526877,514222,703691,505840,336854,168986,72629,73078,34007,157140,14171,87720,25281,41814,67.59117048426711,48.58711803584481,REAL_OFFICIAL,Census 2011 Primary Census Abstract,2011
21,373,Debagarh,75452,312520,158230,154290,197819,165435,83408,82027,32084,24462,4772,22090,10576,58028,3315,10108,63.29802892614873,52.93581210802508,REAL_OFFICIAL,Census 2011 Primary Census Abstract,2011
21,374,Sundargarh,479109,2093437,1061147,1032290,1342322,873227,535112,338115,132555,59287,16490,326780,51718,194040,10480,81877,64.12048702683673,41.7125999015017,REAL_OFFICIAL,Census 2011 Primary Census Abstract,2011
21,375,Kendujhar,405272,1801733,906487,895246,1052518,766514,442497,324017,158838,84638,12007,187014,39206,225437,9307,50067,58.41697965236803,42.54315151024042,REAL_OFFICIAL,Census 2011 Primary Census Abstract,2011
21,376,Mayurbhanj,586253,2519738,1256213,1263525,1369397,1223534,548390,675144,171380,145285,35730,195995,67392,423470,78078,106204,54.34680113567363,48.55798499685285,REAL_OFFICIAL,Census 2011 Primary Census Abstract,2011
21,377,Baleshwar,533001,2320529,1185787,1134742,1621232,932707,618064,314643,227102,165636,17203,208123,61716,192578,11533,48816,69.8647592854905,40.193723069179484,REAL_OFFICIAL,Census 2011 Primary Census Abstract,2011
21,378,Bhadrak,306333,1506337,760260,746077,1094140,468599,328097,140502,130597,75320,8648,113532,25359,76057,5803,33283,72.635804604149,31.108510247042993,REAL_OFFICIAL,Census 2011 Primary Census Abstract,2011
21,379,Kendrapara ,321934,1440361,717814,722547,1089265,466890,322265,144625,122975,70136,9261,119893,26289,73728,7283,37325,75.62444414976524,32.414790458780814,REAL_OFFICIAL,Census 2011 Primary Census Abstract,2011
21,380,Jagatsinghapur ,261307,1136971,577865,559106,889027,403649,290170,113479,92062,56051,10212,131845,19258,54272,6145,33804,78.19258362790255,35.50213681791356,REAL_OFFICIAL,Census 2011 Primary Census Abstract,2011
21,381,Cuttack,579170,2624470,1352760,1271710,2011469,936365,696274,240091,119181,132637,36649,407807,19517,115661,15160,89753,76.64286503560719,35.67825122786696,REAL_OFFICIAL,Census 2011 Primary Census Abstract,2011
21,382,Jajapur  ,407851,1827192,926034,901158,1290455,552234,407564,144670,106239,106247,14067,181011,14642,79774,6871,43383,70.62503557371092,30.223096423364375,REAL_OFFICIAL,Census 2011 Primary Census Abstract,2011
21,383,Dhenkanal,279364,1192811,612593,580218,829910,435533,277338,158195,59655,66856,10672,140155,11575,96780,6640,43200,69.57598479557952,36.51316092826106,REAL_OFFICIAL,Census 2011 Primary Census Abstract,2011
21,384,Anugul  ,297050,1273821,655718,618103,869456,526520,317547,208973,80508,57414,19840,159785,27099,115000,15229,51645,68.25574393890508,41.33390798236173,REAL_OFFICIAL,Census 2011 Primary Census Abstract,2011
21,385,Nayagarh  ,228315,962789,502636,460153,688362,343633,229076,114557,68996,59247,9553,91280,14026,60882,8004,31645,71.49666230087797,35.69141317568024,REAL_OFFICIAL,Census 2011 Primary Census Abstract,2011
21,386,Khordha ,494212,2251673,1167137,1084536,1749936,792193,632625,159568,79793,64072,29066,459694,12869,52202,10405,84092,77.7171463174271,35.18241769564231,REAL_OFFICIAL,Census 2011 Primary Census Abstract,2011
21,387,Puri,367269,1698730,865380,833350,1291939,621676,450536,171140,147402,79505,15648,207981,25359,84437,9467,51877,76.05322799974098,36.596516220941524,REAL_OFFICIAL,Census 2011 Primary Census Abstract,2011
21,388,Ganjam,758267,3529031,1779218,1749813,2210050,1501772,900744,601028,234066,185015,34534,447129,50877,380433,21740,147978,62.62483950976912,42.55479762008324,REAL_OFFICIAL,Census 2011 Primary Census Abstract,2011
21,389,Gajapati,128523,577817,282882,294935,262537,293933,170371,123562,52867,68824,2649,46031,12195,84375,2721,24271,45.436011747664054,50.86956596984859,REAL_OFFICIAL,Census 2011 Primary Census Abstract,2011
21,390,Kandhamal,172022,733110,359945,373165,399786,355349,167112,188237,60098,42795,4094,60125,19123,120137,7852,41125,54.53288046814257,48.471443575998144,REAL_OFFICIAL,Census 2011 Primary Census Abstract,2011
21,391,Baudh,106961,441162,221625,219537,271612,219457,123724,95733,53126,35244,7251,28103,10531,69441,4423,11338,61.56740607758601,49.74521830982723,REAL_OFFICIAL,Census 2011 Primary Census Abstract,2011
21,392,Subarnapur,151136,610183,311312,298871,398421,286661,170218,116443,62626,53939,12928,40725,11379,85474,5828,13762,65.2953294339567,46.97951270356598,REAL_OFFICIAL,Census 2011 Primary Census Abstract,2011
21,393,Balangir,414749,1648997,830097,818900,927260,720601,402227,318374,133145,107920,16721,144441,33420,218496,11929,54529,56.23175785037814,43.699351787783726,REAL_OFFICIAL,Census 2011 Primary Census Abstract,2011
21,394,Nuapada,152210,610382,301962,308420,299383,305438,151694,153744,71311,37130,4438,38815,23381,112704,4203,13456,49.048464731921975,50.0404664619861,REAL_OFFICIAL,Census 2011 Primary Census Abstract,2011
21,395,Kalahandi,401251,1576869,787101,789768,802036,751930,376757,375173,112897,143873,9198,110789,32094,292860,9255,40964,50.86256372596583,47.68500110028163,REAL_OFFICIAL,Census 2011 Primary Census Abstract,2011
21,396,Rayagada  ,226144,967911,471960,495951,407735,467122,227815,239307,75669,67059,4787,80300,23596,181116,5172,29423,42.125257384201646,48.26084216420725,REAL_OFFICIAL,Census 2011 Primary Census Abstract,2011
21,397,Nabarangapur ,273423,1220946,604812,616134,470379,610906,279115,331791,135056,72307,6778,64974,38030,256476,7631,29654,38.52578246703786,50.035464303908604,REAL_OFFICIAL,Census 2011 Primary Census Abstract,2011
21,398,Koraput,337677,1379647,678809,700838,568090,693406,396460,296946,160768,89164,7786,138742,46426,201462,6630,42428,41.17647485190052,50.259667871564254,REAL_OFFICIAL,Census 2011 Primary Census Abstract,2011
21,399,Malkangiri  ,137599,613192,303624,309568,244706,310666,179030,131636,119932,23913,2291,32894,31328,82440,5434,12434,39.906913332202635,50.663739905282526,REAL_OFFICIAL,Census 2011 Primary Census Abstract,2011
22,400,Koriya,153274,658917,334737,324180,397823,307071,173057,134014,70245,27213,2559,73040,48253,67435,2271,16055,60.375282471085136,46.602379358857036,REAL_OFFICIAL,Census 2011 Primary Census Abstract,2011
22,401,Surguja,526049,2359886,1193129,1166757,1187941,1155807,622589,533218,316824,168037,7157,130571,148463,355319,5486,23950,50.33891467638691,48.97723873102345,REAL_OFFICIAL,Census 2011 Primary Census Abstract,2011
22,402,Jashpur ,192570,851669,424747,426922,495415,487360,291349,196011,148091,93151,5035,45072,78775,104407,2518,10311,58.16989933882765,57.224109366432266,REAL_OFFICIAL,Census 2011 Primary Census Abstract,2011
22,403,Raigarh,367962,1493984,750278,743706,951639,690167,484875,205292,163917,181281,7199,132478,44396,142507,2760,15629,63.6980717330306,46.19641174202669,REAL_OFFICIAL,Census 2011 Primary Census Abstract,2011
22,404,Korba ,280073,1206640,612915,593725,748759,521186,350314,170872,89644,94589,5496,160585,23427,127217,2403,17825,62.05322217065571,43.193164489822976,REAL_OFFICIAL,Census 2011 Primary Census Abstract,2011
22,405,Janjgir - Champa,364532,1619707,815717,803990,1019634,846466,461887,384579,180480,153721,10634,117052,100786,248638,5194,29961,62.951756089218605,52.26043969680936,REAL_OFFICIAL,Census 2011 Primary Census Abstract,2011
22,406,Bilaspur,600822,2663629,1351574,1312055,1596560,1203197,826568,376629,212544,311256,14254,288514,64147,261036,7404,44042,59.939278330428145,45.17134330644395,REAL_OFFICIAL,Census 2011 Primary Census Abstract,2011
22,407,Kabeerdham,178446,822526,412058,410468,414167,404156,316976,87180,150164,120669,2599,43544,17498,65181,447,4054,50.353058748294885,49.135954364968406,REAL_OFFICIAL,Census 2011 Primary Census Abstract,2011
22,408,Rajnandgaon,318488,1537133,762855,774278,1008379,800092,595959,204133,276807,165948,8866,144338,65309,124160,1981,12683,65.60128498965283,52.05092857937472,REAL_OFFICIAL,Census 2011 Primary Census Abstract,2011
22,409,Durg,701707,3343872,1682101,1661771,2303378,1496805,1206793,290012,339130,363454,18670,485539,53211,196961,3895,35945,68.88355774383709,44.76262847381718,REAL_OFFICIAL,Census 2011 Primary Census Abstract,2011
22,410,Raipur,871225,4063872,2048186,2015686,2629749,1757664,1259138,498526,303519,354429,27637,573553,79760,354564,6441,57761,64.71042887177549,43.25096853444203,REAL_OFFICIAL,Census 2011 Primary Census Abstract,2011
22,411,Mahasamund,248561,1032754,511967,520787,637963,499260,340802,158458,111246,156599,4962,67995,27953,121474,1173,7858,61.772987565286606,48.3425869084022,REAL_OFFICIAL,Census 2011 Primary Census Abstract,2011
22,412,Dhamtari ,170951,799781,397897,401884,546833,402895,335368,67527,121639,135855,6405,71469,13796,46747,905,6079,68.37284206551544,50.37566533838639,REAL_OFFICIAL,Census 2011 Primary Census Abstract,2011
22,413,Uttar Bastar Kanker,160937,748941,373338,375603,456042,389359,285536,103823,164441,64677,6083,50335,29577,64465,1728,8053,60.8915789094201,51.987940305044056,REAL_OFFICIAL,Census 2011 Primary Census Abstract,2011
22,414,Bastar,311538,1413199,698487,714712,650863,726531,394824,331707,195389,83458,7056,108921,89083,204370,3765,34489,46.05600485140451,51.41038169429783,REAL_OFFICIAL,Census 2011 Primary Census Abstract,2011
22,415,Narayanpur,27982,139820,70104,69716,56621,71089,42056,29033,28876,3018,365,9797,15513,10802,574,2144,40.495637247890144,50.84322700615077,REAL_OFFICIAL,Census 2011 Primary Census Abstract,2011
22,416,Dakshin Bastar Dantewada,120850,533638,264142,269496,191237,286595,184285,102310,121878,18108,1265,43034,43511,51277,1045,6477,35.836465918843864,53.70588301432806,REAL_OFFICIAL,Census 2011 Primary Census Abstract,2011
22,417,Bijapur,54757,255230,128663,126567,86919,134525,69338,65187,43260,10536,454,15088,23244,39323,945,1675,34.05516592877013,52.70736198722721,REAL_OFFICIAL,Census 2011 Primary Census Abstract,2011
23,418,Sheopur ,146043,687861,361784,326077,328025,277455,196189,81266,93775,57548,2882,41984,12970,57713,1284,9299,47.687686901859536,40.33591088897321,REAL_OFFICIAL,Census 2011 Primary Census Abstract,2011
23,419,Morena,362646,1965970,1068417,897553,1179685,675993,520970,155023,275721,84783,9365,151101,28953,63439,6989,55642,60.00523914403577,34.38470576865364,REAL_OFFICIAL,Census 2011 Primary Census Abstract,2011
23,420,Bhind,299233,1703005,926843,776162,1094917,520768,422111,98657,216818,101241,6425,97627,14367,57025,3413,23852,64.29323460588783,30.579358252030968,REAL_OFFICIAL,Census 2011 Primary Census Abstract,2011
23,421,Gwalior,383845,2032036,1090327,941709,1357210,685311,559845,125466,113038,63755,17588,365464,17548,56593,5004,46321,66.79064740978998,33.725337543232506,REAL_OFFICIAL,Census 2011 Primary Census Abstract,2011
23,422,Datia,160215,786754,420157,366597,491445,321160,247229,73931,128141,57194,4252,57642,24762,36550,2587,10032,62.46488737267304,40.82089191793115,REAL_OFFICIAL,Census 2011 Primary Census Abstract,2011
23,423,Shivpuri,359969,1726050,919795,806255,900846,759281,577723,181558,322926,131673,7891,115233,60414,88767,5188,27189,52.19118797253846,43.989513629385016,REAL_OFFICIAL,Census 2011 Primary Census Abstract,2011
23,424,Tikamgarh,296116,1445166,760355,684811,747940,655318,470432,184886,251049,126209,10008,83166,54810,97643,5614,26819,51.75460812114318,45.34551740076919,REAL_OFFICIAL,Census 2011 Primary Census Abstract,2011
23,425,Chhatarpur,356297,1762375,936121,826254,943033,751797,553862,197935,258880,130732,16105,148145,43348,107632,10285,36670,53.50921341939144,42.658174338605576,REAL_OFFICIAL,Census 2011 Primary Census Abstract,2011
23,426,Panna,228709,1016520,533480,483040,552559,431998,276633,155365,107059,99961,7229,62384,28386,98886,4972,23121,54.35790737024357,42.49773737850706,REAL_OFFICIAL,Census 2011 Primary Census Abstract,2011
23,427,Sagar,517850,2378458,1256257,1122201,1545719,1006035,779093,226942,180735,249084,102061,247213,22865,129476,38397,36204,64.98828232409402,42.29778284922416,REAL_OFFICIAL,Census 2011 Primary Census Abstract,2011
23,428,Damoh,297608,1264219,661873,602346,747715,574595,389993,184602,99158,143256,37556,110023,15453,106909,29827,32413,59.1444203891889,45.45059044358612,REAL_OFFICIAL,Census 2011 Primary Census Abstract,2011
23,429,Satna,478741,2228935,1157495,1071440,1371781,911349,612510,298839,176388,191105,30561,214456,51579,180479,15495,51286,61.54423525136444,40.88719500568657,REAL_OFFICIAL,Census 2011 Primary Census Abstract,2011
23,430,Rewa,526065,2365106,1225100,1140006,1441757,991946,630251,361695,189670,241629,30654,168298,68651,221877,20224,50943,60.959508791572134,41.940868612231334,REAL_OFFICIAL,Census 2011 Primary Census Abstract,2011
23,431,Umaria,145024,644758,330674,314084,356672,289691,138600,151091,47879,41545,3873,45303,17490,104145,4894,24562,55.318739744214106,44.93019086230803,REAL_OFFICIAL,Census 2011 Primary Census Abstract,2011
23,432,Neemuch ,179746,826067,422653,403414,508834,418682,358500,60182,163683,96350,3378,95089,11919,39980,642,7641,61.59718279510016,50.68378230821471,REAL_OFFICIAL,Census 2011 Primary Census Abstract,2011
23,433,Mandsaur,286808,1340411,682851,657560,834591,679723,535066,144657,246723,169713,6537,112093,34742,96637,2019,11259,62.26381311403741,50.71004341205795,REAL_OFFICIAL,Census 2011 Primary Census Abstract,2011
23,434,Ratlam,296683,1455069,738241,716828,825880,690980,471139,219841,179267,148234,8913,134725,39425,157712,3015,19689,56.75882037209232,47.48778236633452,REAL_OFFICIAL,Census 2011 Primary Census Abstract,2011
23,435,Ujjain,391438,1986864,1016289,970575,1240990,897442,682115,215327,242673,170365,15461,253616,46340,131638,4217,33132,62.45973554304673,45.16876847131962,REAL_OFFICIAL,Census 2011 Primary Census Abstract,2011
23,436,Shajapur,300025,1512681,780520,732161,894612,717871,508833,209038,233307,166691,6076,102759,54617,136466,2733,15222,59.14082347831433,47.456866318807464,REAL_OFFICIAL,Census 2011 Primary Census Abstract,2011
23,437,Dewas,308871,1563715,805359,758356,925369,742676,528526,214150,199256,177162,8699,143409,60966,133444,3117,16623,59.17759949862986,47.49433240712022,REAL_OFFICIAL,Census 2011 Primary Census Abstract,2011
23,438,Dhar,425914,2185793,1112725,1073068,1077338,1027974,783019,244955,338679,266422,11158,166760,46843,171015,4672,22425,49.28819883676084,47.02979650863554,REAL_OFFICIAL,Census 2011 Primary Census Abstract,2011
23,439,Indore,649540,3276697,1699627,1577070,2309130,1268195,1137251,130944,136449,133745,38832,828225,14458,51783,4752,59951,70.47127030665331,38.703456560066435,REAL_OFFICIAL,Census 2011 Primary Census Abstract,2011
23,440,Khargone (West Nimar),367988,1873046,953121,919925,986234,894119,756735,137384,278958,333076,9031,135670,28127,92636,2493,14128,52.654019175183095,47.736094041470416,REAL_OFFICIAL,Census 2011 Primary Census Abstract,2011
23,441,Barwani ,243277,1385881,699340,686541,549926,653897,525791,128106,253478,185335,5712,81266,34226,81861,1739,10280,39.68060749804636,47.18276677434787,REAL_OFFICIAL,Census 2011 Primary Census Abstract,2011
23,442,Rajgarh,345297,1545814,790212,755602,804245,745603,471773,273830,229782,139546,6946,95499,55313,191274,5177,22066,52.0272814193687,48.23368141315837,REAL_OFFICIAL,Census 2011 Primary Census Abstract,2011
23,443,Vidisha,299676,1458875,769568,689307,862918,550402,397283,153119,148108,119295,8398,121482,20507,109013,4010,19589,59.1495501670808,37.72783823151401,REAL_OFFICIAL,Census 2011 Primary Census Abstract,2011
23,444,Bhopal,501805,2371061,1236130,1134931,1660690,867457,706036,161421,59379,54950,18622,573085,13967,50245,6110,91099,70.03995257819179,36.585182751519255,REAL_OFFICIAL,Census 2011 Primary Census Abstract,2011
23,445,Sehore,257311,1311332,683743,627589,780362,586087,372150,213937,156629,103531,5427,106563,44678,123495,4490,41274,59.509109821158944,44.694021041200855,REAL_OFFICIAL,Census 2011 Primary Census Abstract,2011
23,446,Raisen,278895,1331597,700358,631239,820220,517838,370241,147597,120238,125867,11271,112865,18487,102284,6045,20781,61.59671432122481,38.88849253940945,REAL_OFFICIAL,Census 2011 Primary Census Abstract,2011
23,447,Betul,329832,1575362,799236,776126,939769,786980,511287,275693,204175,171105,7225,128782,49427,187052,4624,34590,59.654162027521295,49.955502290902025,REAL_OFFICIAL,Census 2011 Primary Census Abstract,2011
23,448,Harda ,113379,570465,294838,275627,352550,230979,163781,67198,58268,56157,4360,44996,9751,45099,2099,10249,61.80046102740746,40.48960058899319,REAL_OFFICIAL,Census 2011 Primary Census Abstract,2011
23,449,Hoshangabad,257199,1241350,648725,592625,810644,478082,361648,116434,104205,104560,6981,145902,12235,77407,3001,23791,65.3034196640754,38.51307044749668,REAL_OFFICIAL,Census 2011 Primary Census Abstract,2011
23,450,Katni ,289551,1292042,662013,630029,790773,543874,316144,227730,83277,83913,16965,131989,29535,139989,14296,43910,61.20335097465872,42.09414245047762,REAL_OFFICIAL,Census 2011 Primary Census Abstract,2011
23,451,Jabalpur,539060,2463289,1277278,1186011,1756468,1005624,744287,261337,89065,144856,50365,460001,17817,138780,19581,85159,71.30580293258323,40.82444244260417,REAL_OFFICIAL,Census 2011 Primary Census Abstract,2011
23,452,Narsimhapur,250286,1091854,568810,523044,718785,477818,358203,119615,102383,165445,8282,82093,11483,92420,2312,13400,65.83160385912402,43.762078080036346,REAL_OFFICIAL,Census 2011 Primary Census Abstract,2011
23,453,Dindori ,169630,704524,351913,352611,378714,389925,250137,139788,122721,95422,3898,28096,27363,95540,4060,12825,53.754591752729496,55.34587891966775,REAL_OFFICIAL,Census 2011 Primary Census Abstract,2011
23,454,Mandla,250146,1054905,525272,529633,604962,559649,325159,234490,116267,138833,5228,64831,32664,180076,4225,17525,57.347533664168814,53.05207577933558,REAL_OFFICIAL,Census 2011 Primary Census Abstract,2011
23,455,Chhindwara,443361,2090922,1064468,1026454,1294198,957984,673845,284139,237158,233522,9980,193185,45953,189146,4605,44435,61.89604394616346,45.81634322083751,REAL_OFFICIAL,Census 2011 Primary Census Abstract,2011
23,456,Seoni,314767,1379131,695879,683252,864194,684434,397575,286859,131232,164802,6814,94727,42433,211602,5143,27681,62.66221265420037,49.62791787002105,REAL_OFFICIAL,Census 2011 Primary Census Abstract,2011
23,457,Balaghat,391836,1701698,842178,859520,1147623,893014,530506,362508,193135,199662,12561,125148,64650,260134,6684,31040,67.43987476038639,52.47781921351498,REAL_OFFICIAL,Census 2011 Primary Census Abstract,2011
23,458,Guna,244401,1241519,649362,592157,653980,514897,353671,161226,170502,78934,8631,95604,43447,96681,3448,17650,52.67579473209834,41.47314700781865,REAL_OFFICIAL,Census 2011 Primary Census Abstract,2011
23,459,Ashoknagar,172680,845071,443837,401234,469109,315270,241288,73982,103749,72632,8404,56503,13164,49755,2155,8908,55.51119373401762,37.30692450693492,REAL_OFFICIAL,Census 2011 Primary Census Abstract,2011
23,460,Shahdol,251452,1066063,540021,526042,604194,493057,240811,252246,63247,83059,7355,87150,32548,175932,6974,36792,56.67526215617651,46.25026851133563,REAL_OFFICIAL,Census 2011 Primary Census Abstract,2011
23,461,Anuppur,170715,749237,379114,370123,436595,346471,227040,119431,89496,58550,4041,74953,25952,71826,3010,18643,58.27194866243926,46.24317805981285,REAL_OFFICIAL,Census 2011 Primary Census Abstract,2011
23,462,Sidhi,238448,1127033,575912,551121,600785,461760,275482,186278,77085,128978,8758,60661,25559,133052,6896,20771,53.306779836970165,40.97129365333579,REAL_OFFICIAL,Census 2011 Primary Census Abstract,2011
23,463,Singrauli,243925,1178273,613637,564636,585054,499439,348393,151046,122734,127134,5229,93296,24998,101338,3627,21083,49.65351832724674,42.387375421485515,REAL_OFFICIAL,Census 2011 Primary Census Abstract,2011
23,464,Jhabua,194157,1025048,515023,510025,352081,515121,370641,144480,267795,48469,3573,50804,61380,67180,1559,14361,34.34775737331325,50.2533539892766,REAL_OFFICIAL,Census 2011 Primary Census Abstract,2011
23,465,Alirajpur,123800,728999,362542,366457,209754,366797,265029,101768,209125,26185,2817,26902,47268,47508,1249,5743,28.77287897514263,50.31515818265868,REAL_OFFICIAL,Census 2011 Primary Census Abstract,2011
23,466,Khandwa (East Nimar),266655,1310061,674329,635732,731615,612976,492393,120583,160061,221197,7908,103227,19276,85426,1944,13937,55.845872825769185,46.78988230319046,REAL_OFFICIAL,Census 2011 Primary Census Abstract,2011
23,467,Burhanpur,146341,757847,388504,369343,408679,328339,274900,53439,61467,117409,7279,88745,6332,38886,798,7423,53.92632022030832,43.325235832562505,REAL_OFFICIAL,Census 2011 Primary Census Abstract,2011
24,468,Kachchh,445672,2092371,1096737,995634,1252319,776228,686937,89291,99241,140410,8170,439116,6635,43561,2632,36463,59.851670664523645,37.09800986536326,REAL_OFFICIAL,Census 2011 Primary Census Abstract,2011
24,469,Banas Kantha,560411,3120506,1610379,1510127,1704923,1248600,1012080,236520,435409,239333,8755,328583,40176,111208,3057,82079,54.63610709288814,40.01274152332987,REAL_OFFICIAL,Census 2011 Primary Census Abstract,2011
24,470,Patan  ,267633,1343734,694397,649337,837913,554830,446240,108590,126099,158550,4538,157053,10491,68530,1854,27715,62.3570587631183,41.29016605965169,REAL_OFFICIAL,Census 2011 Primary Census Abstract,2011
24,471,Mahesana,424479,2035064,1056520,978544,1502645,812064,698768,113296,178862,192521,6980,320405,10898,50448,3302,48648,73.83772697074883,39.90360991103965,REAL_OFFICIAL,Census 2011 Primary Census Abstract,2011
24,472,Sabar Kantha,481414,2428589,1244231,1184358,1578734,1084878,795096,289782,320408,188289,6402,279997,46303,145578,4507,93394,65.00622377849854,44.6711238501039,REAL_OFFICIAL,Census 2011 Primary Census Abstract,2011
24,473,Gandhinagar,289990,1391753,723864,667889,1030494,534976,451951,83025,98153,97287,5666,250845,5994,32069,2934,42028,74.04287973512541,38.439004622228225,REAL_OFFICIAL,Census 2011 Primary Census Abstract,2011
24,474,Ahmadabad,1510134,7214225,3788051,3426174,5435760,2594952,2332409,262543,127916,191480,42553,1970460,14754,77474,12323,157992,75.34780243200066,35.96993440043803,REAL_OFFICIAL,Census 2011 Primary Census Abstract,2011
24,475,Surendranagar,343213,1756268,909917,846351,1093626,723500,586364,137136,166352,180888,7151,231973,18883,89973,2367,25913,62.269881362070024,41.195307322117124,REAL_OFFICIAL,Census 2011 Primary Census Abstract,2011
24,476,Rajkot,786586,3804558,1974445,1830113,2725056,1479050,1324783,154267,304782,171235,18792,829974,44575,43050,4988,61654,71.62608639426709,38.875737996371726,REAL_OFFICIAL,Census 2011 Primary Census Abstract,2011
24,477,Jamnagar,430941,2160119,1114192,1045927,1396534,847440,721253,126187,226459,106658,8392,379744,37859,40535,2967,44826,64.65079007221361,39.23117198635816,REAL_OFFICIAL,Census 2011 Primary Census Abstract,2011
24,478,Porbandar ,124556,585449,300209,285240,393678,231169,195437,35732,54807,36278,1847,102505,10895,12686,524,11627,67.24377358232742,39.485762209859445,REAL_OFFICIAL,Census 2011 Primary Census Abstract,2011
24,479,Junagadh,527326,2743082,1404356,1338726,1842818,1123709,942709,181000,300899,258569,7436,375805,66412,75427,2209,36952,67.18056550988997,40.96519899879041,REAL_OFFICIAL,Census 2011 Primary Census Abstract,2011
24,480,Amreli,294837,1514190,771049,743141,995459,657139,529153,127986,185004,149563,4591,189995,47122,60372,1492,19000,65.74201388200952,43.39871482442758,REAL_OFFICIAL,Census 2011 Primary Census Abstract,2011
24,481,Bhavnagar,538605,2880365,1490201,1390164,1887255,1150632,992140,158492,204915,252904,14129,520192,26881,81121,3867,46623,65.52138357465113,39.947437217158246,REAL_OFFICIAL,Census 2011 Primary Census Abstract,2011
24,482,Anand  ,427605,2092745,1087224,1005521,1551253,844794,690031,154763,144417,263622,12472,269520,7995,82707,3988,60073,74.12527565470232,40.3677466676542,REAL_OFFICIAL,Census 2011 Primary Census Abstract,2011
24,483,Kheda,466856,2299885,1185727,1114158,1660243,933983,722134,211849,221856,239743,8474,252061,17385,120099,3981,70384,72.18808766525284,40.609987021090184,REAL_OFFICIAL,Census 2011 Primary Census Abstract,2011
24,484,Panch Mahals,446611,2390776,1226961,1163815,1440805,1097507,685141,412366,366140,131350,5873,181778,90628,244688,4898,72152,60.26516076788457,45.9058899704531,REAL_OFFICIAL,Census 2011 Primary Census Abstract,2011
24,485,Dohad  ,334272,2127086,1068651,1058435,1007171,999124,553395,445729,311832,128264,4406,108893,76780,310333,4409,54207,47.349801559504414,46.971490574429055,REAL_OFFICIAL,Census 2011 Primary Census Abstract,2011
24,486,Vadodara,877106,4165626,2153736,2011890,2893080,1693473,1360660,332813,279563,343509,13376,724212,32563,226852,4304,69094,69.45126614823319,40.65350561956354,REAL_OFFICIAL,Census 2011 Primary Census Abstract,2011
24,487,Narmada,122174,590297,301086,289211,370336,294795,193916,100879,56266,103360,1580,32710,6557,84670,1014,8638,62.73723227460075,49.94011489131742,REAL_OFFICIAL,Census 2011 Primary Census Abstract,2011
24,488,Bharuch,333483,1551019,805707,745312,1118276,627124,526541,100583,71035,194819,6634,254053,7085,58758,2268,32472,72.09943914291186,40.43303144577855,REAL_OFFICIAL,Census 2011 Primary Census Abstract,2011
24,489,The Dangs,44699,228291,113821,114470,140968,118257,88038,30219,54775,22131,758,10374,9786,18355,414,1664,61.749258621671466,51.80099084063761,REAL_OFFICIAL,Census 2011 Primary Census Abstract,2011
24,490,Navsari  ,295131,1329672,678165,651507,1001909,591834,510004,81830,98259,162145,5323,244277,14550,44463,1850,20967,75.35008633708162,44.50977383896179,REAL_OFFICIAL,Census 2011 Primary Census Abstract,2011
24,491,Valsad,364403,1705678,887222,818456,1170657,743245,577327,165918,119731,89867,8554,359175,27838,93158,3279,41643,68.63294244282918,43.57475443782472,REAL_OFFICIAL,Census 2011 Primary Census Abstract,2011
24,492,Surat,1333200,6081322,3402224,2679098,4571410,2553542,2405288,148254,101747,274736,32933,1995872,7802,51003,9107,80342,75.17131965714033,41.98991600839423,REAL_OFFICIAL,Census 2011 Primary Census Abstract,2011
24,493,Tapi,177091,807022,402188,404834,490036,450902,337579,113323,92029,174240,6428,64882,13697,80546,3251,15829,60.7215168855372,55.8723306180005,REAL_OFFICIAL,Census 2011 Primary Census Abstract,2011
25,494,Diu,10580,52074,25642,26432,38058,15750,14718,1032,402,189,48,14079,69,102,227,634,73.08445673464685,30.245419979260284,REAL_OFFICIAL,Census 2011 Primary Census Abstract,2011
25,495,Daman,50376,191173,124659,66514,150348,105521,101717,3804,1247,302,332,99836,598,179,77,2950,78.64499693994445,55.19660203062148,REAL_OFFICIAL,Census 2011 Primary Census Abstract,2011
26,496,Dadra & Nagar Haveli,76458,343709,193760,149949,223230,157161,130299,26862,22707,6184,1566,99842,5457,11615,629,9161,64.94738281511395,45.72501738389161,REAL_OFFICIAL,Census 2011 Primary Census Abstract,2011
27,497,Nandurbar,323521,1648295,833170,815125,906509,792065,664193,127872,192433,350630,10154,110976,19239,87546,4445,16642,54.99676938897466,48.05359477520711,REAL_OFFICIAL,Census 2011 Primary Census Abstract,2011
27,498,Dhule,408874,2050862,1054031,996831,1293916,936370,825875,110495,220641,365828,16557,222849,18498,63708,4089,24200,63.09132452597981,45.65738699142117,REAL_OFFICIAL,Census 2011 Primary Census Abstract,2011
27,499,Jalgaon,903643,4229917,2197365,2032552,2891882,1863571,1643955,219616,358786,808872,30550,445747,25573,128302,8380,57361,68.36734621506758,44.05691648323123,REAL_OFFICIAL,Census 2011 Primary Census Abstract,2011
27,500,Buldana,561504,2586258,1337560,1248698,1879874,1219641,1107542,112099,363983,537970,11125,194464,21464,65257,2645,22733,72.68702503771858,47.15852014764188,REAL_OFFICIAL,Census 2011 Primary Census Abstract,2011
27,501,Akola,395690,1813906,932334,881572,1411281,768154,691025,77129,120136,340583,7894,222412,9544,47938,1766,17881,77.80342531531403,42.348059932543364,REAL_OFFICIAL,Census 2011 Primary Census Abstract,2011
27,502,Washim,259464,1197160,620302,576858,869917,569792,502755,67037,154583,265060,5697,77415,11015,45135,1425,9462,72.66505730228207,47.595308897724614,REAL_OFFICIAL,Census 2011 Primary Census Abstract,2011
27,503,Amravati,647451,2888445,1480768,1407677,2251875,1236322,1061544,174778,181436,552820,16717,310571,17357,115123,4281,38017,77.96149831483721,42.802338282363,REAL_OFFICIAL,Census 2011 Primary Census Abstract,2011
27,504,Wardha,309846,1300774,668385,632389,1019458,608235,529623,78612,124563,233609,11070,160381,8426,48561,2715,18910,78.37318396585418,46.75946782454139,REAL_OFFICIAL,Census 2011 Primary Census Abstract,2011
27,505,Nagpur,1041544,4653570,2384975,2268595,3673808,1868560,1654778,213782,188844,338352,43599,1083983,17762,85235,8820,101965,78.94601349071789,40.153258680969664,REAL_OFFICIAL,Census 2011 Primary Census Abstract,2011
27,506,Bhandara,278076,1200334,605520,594814,899860,597305,413838,183467,101040,182433,12281,118084,22059,129750,4888,26770,74.9674673882436,49.76156636402868,REAL_OFFICIAL,Census 2011 Primary Census Abstract,2011
27,507,Gondiya,292369,1322507,661554,660953,1004243,665419,433962,231457,137183,147366,20354,129059,49326,134048,12171,35912,75.93479656440381,50.3149699774746,REAL_OFFICIAL,Census 2011 Primary Census Abstract,2011
27,508,Gadchiroli,250435,1072942,541328,531614,708365,584237,392886,191351,178169,130112,7473,77132,47189,117701,3848,22613,66.02081007174667,54.451871582993306,REAL_OFFICIAL,Census 2011 Primary Census Abstract,2011
27,509,Chandrapur,536686,2204307,1123834,1080473,1578615,1058172,804433,253739,192568,303057,16174,292634,28410,170926,5172,49231,71.61502458595831,48.00474707016763,REAL_OFFICIAL,Census 2011 Primary Census Abstract,2011
27,510,Yavatmal,646886,2772348,1419965,1352383,2022574,1355999,1195100,160899,310818,633145,14446,236691,22686,106573,3453,28187,72.9552711275785,48.911572428858136,REAL_OFFICIAL,Census 2011 Primary Census Abstract,2011
27,511,Nanded,665434,3361292,1730075,1631217,2189425,1493953,1317791,176162,416826,539588,23448,337929,30997,92807,5710,46648,65.13641183211693,44.44579643779832,REAL_OFFICIAL,Census 2011 Primary Census Abstract,2011
27,512,Hingoli,228868,1177345,606294,571051,790743,569182,514371,54811,227284,198494,6967,81626,14329,27989,1301,11192,67.16323592489883,48.34453792218933,REAL_OFFICIAL,Census 2011 Primary Census Abstract,2011
27,513,Parbhani,361130,1836086,942870,893216,1157814,822797,756417,66380,281771,288438,10939,175269,13259,29368,2271,21482,63.058810970727954,44.81255235321221,REAL_OFFICIAL,Census 2011 Primary Census Abstract,2011
27,514,Jalna,391701,1959046,1011473,947573,1195523,930886,844492,86394,398646,261713,12844,171289,20306,39224,3861,23003,61.02577479038267,47.51731199777851,REAL_OFFICIAL,Census 2011 Primary Census Abstract,2011
27,515,Aurangabad,751915,3701282,1924469,1776813,2503837,1575079,1446636,128443,525657,351679,22634,546666,28861,44951,5399,49232,67.64783121091557,42.55495798482796,REAL_OFFICIAL,Census 2011 Primary Census Abstract,2011
27,516,Nashik,1222887,6107187,3157186,2950001,4345366,2763328,2523023,240305,900810,644052,45904,932257,66575,86176,10228,77326,71.15167752354725,45.24714897382379,REAL_OFFICIAL,Census 2011 Primary Census Abstract,2011
27,517,Thane,2529165,11060148,5865078,5195070,8227161,4492767,3930511,562256,272871,273218,98301,3286121,77060,144786,26160,314250,74.38563209099914,40.6212195352178,REAL_OFFICIAL,Census 2011 Primary Census Abstract,2011
27,518,Mumbai Suburban,2105604,9356962,5031323,4325639,7575485,3735021,3515922,219099,10396,17621,104796,3383109,5690,3101,14020,196288,80.96094651234023,39.91702648787074,REAL_OFFICIAL,Census 2011 Primary Census Abstract,2011
27,519,Mumbai,674339,3085411,1684608,1400803,2509022,1284396,1209334,75062,3907,5086,40839,1159502,2144,659,4699,67560,81.31889074097421,41.628035940754735,REAL_OFFICIAL,Census 2011 Primary Census Abstract,2011
27,520,Raigarh,611790,2634200,1344345,1289855,1939994,1072969,858825,214144,166000,115250,24186,553389,40975,75932,8733,88504,73.64642016551515,40.73225267633437,REAL_OFFICIAL,Census 2011 Primary Census Abstract,2011
27,521,Pune,2151503,9429408,4924105,4505303,7171723,4048993,3751221,297772,832261,366010,90460,2462490,54269,48451,15251,179801,76.05698045943076,42.94005519752672,REAL_OFFICIAL,Census 2011 Primary Census Abstract,2011
27,522,Ahmadnagar,930024,4543159,2342825,2200334,3151890,2204590,2039455,165135,968974,501873,47491,521117,44076,57136,9665,54258,69.37661657890469,48.52548634111199,REAL_OFFICIAL,Census 2011 Primary Census Abstract,2011
27,523,Bid,535835,2585049,1349106,1235943,1718507,1255548,1154708,100840,581109,327830,16800,228969,25171,45736,4293,25640,66.4787011774245,48.5696015820203,REAL_OFFICIAL,Census 2011 Primary Census Abstract,2011
27,524,Latur,481572,2454196,1273140,1181056,1650672,1046857,964177,82680,311209,383939,14476,254553,20571,32639,3187,26283,67.25917571375717,42.65580255203741,REAL_OFFICIAL,Census 2011 Primary Census Abstract,2011
27,525,Osmanabad,351281,1657576,861535,796041,1137810,773916,701894,72022,284235,265167,15261,137231,13126,34358,4570,19968,68.64300641418554,46.689623884515704,REAL_OFFICIAL,Census 2011 Primary Census Abstract,2011
27,526,Solapur,873167,4317756,2227852,2089904,2910676,1898395,1763175,135220,607657,508141,63585,583792,29593,50193,7521,47913,67.41177593175715,43.967167204446014,REAL_OFFICIAL,Census 2011 Primary Census Abstract,2011
27,527,Satara,653735,3003741,1510842,1492899,2225694,1354947,1184407,170540,521786,243687,30207,388727,64090,53554,9565,43331,74.09740054152472,45.10864951405597,REAL_OFFICIAL,Census 2011 Primary Census Abstract,2011
27,528,Ratnagiri,397115,1615069,761121,853948,1199392,714076,554973,159103,232413,97146,11779,213635,64500,55971,5451,33181,74.26258568519364,44.21334320700849,REAL_OFFICIAL,Census 2011 Primary Census Abstract,2011
27,529,Sindhudurg,209839,849651,417332,432319,666067,347178,226538,120640,82966,36543,5613,101416,41846,45273,4066,29455,78.39301077736623,40.861247735835065,REAL_OFFICIAL,Census 2011 Primary Census Abstract,2011
27,530,Kolhapur,840240,3876001,1980658,1895343,2825845,1704054,1508563,195491,594056,207790,48004,658713,66816,58238,11928,58509,72.90619894060914,43.964230143387475,REAL_OFFICIAL,Census 2011 Primary Census Abstract,2011
27,531,Sangli,598386,2822143,1435728,1386415,2049467,1215104,1074948,140156,432058,245826,32685,364379,48496,44867,8139,38654,72.62094798172878,43.05607476304355,REAL_OFFICIAL,Census 2011 Primary Census Abstract,2011
28,532,Adilabad,649849,2741239,1369597,1371642,1483347,1323667,1066460,257207,343500,332524,69416,321020,20237,152388,15245,69337,54.112282803506005,48.28717962935738,REAL_OFFICIAL,Census 2011 Primary Census Abstract,2011
28,533,Nizamabad,593234,2551335,1250641,1300694,1389810,1261076,1055965,205111,267489,330793,149979,307704,10613,117488,21332,55678,54.47383428675576,49.428083728714576,REAL_OFFICIAL,Census 2011 Primary Census Abstract,2011
28,534,Karimnagar,976022,3776269,1880800,1895469,2206829,1876768,1590304,286464,344598,584654,144953,516099,15792,172205,23387,75080,58.43940143035361,49.699001845472345,REAL_OFFICIAL,Census 2011 Primary Census Abstract,2011
28,535,Medak,668626,3033288,1523030,1510258,1637137,1442203,1195494,246709,337942,420719,53547,383286,15279,150410,14095,66925,53.972356070376435,47.545864421710036,REAL_OFFICIAL,Census 2011 Primary Census Abstract,2011
28,536,Hyderabad,849051,3943323,2018575,1924748,2892155,1413297,1096081,317216,14693,16751,32500,1032137,13615,6278,13657,283666,73.34309160066269,35.84025452644888,REAL_OFFICIAL,Census 2011 Primary Census Abstract,2011
28,537,Rangareddy,1235341,5296741,2701008,2595733,3538028,2196078,1834777,361301,250155,258878,54221,1271523,20770,90154,19166,231211,66.79631871749062,41.46092852189677,REAL_OFFICIAL,Census 2011 Primary Census Abstract,2011
28,538,Mahbubnagar,869451,4053028,2050386,2002642,1940646,2082501,1815643,266858,548983,762853,46497,457310,20159,168231,11349,67119,47.881386459703705,51.38136228025072,REAL_OFFICIAL,Census 2011 Primary Census Abstract,2011
28,539,Nalgonda,875939,3488809,1759772,1729037,2001019,1741693,1493419,248274,312130,693259,35330,452700,13094,169872,9794,55514,57.35536109887357,49.92228006749581,REAL_OFFICIAL,Census 2011 Primary Census Abstract,2011
28,540,Warangal,886279,3512576,1759281,1753295,2065023,1705655,1442197,263458,384329,576649,34820,446399,17317,181443,8730,55968,58.78941836418628,48.558522292471395,REAL_OFFICIAL,Census 2011 Primary Census Abstract,2011
28,541,Khammam,754034,2797370,1390988,1406382,1630234,1410062,1215871,194191,213065,667342,15194,320270,11907,137195,4605,40484,58.27738196949277,50.406703439301914,REAL_OFFICIAL,Census 2011 Primary Census Abstract,2011
28,542,Srikakulam,681330,2703114,1341738,1361376,1495381,1290288,936244,354044,145576,442295,25096,323277,19741,258538,9383,66382,55.32067829917643,47.73339193241573,REAL_OFFICIAL,Census 2011 Primary Census Abstract,2011
28,543,Vizianagaram,587149,2344474,1161477,1182997,1238388,1157962,953215,204747,197018,419339,21953,314905,15267,137915,5516,46049,52.82157106455435,49.391121419985886,REAL_OFFICIAL,Census 2011 Primary Census Abstract,2011
28,544,Visakhapatnam,1097042,4290589,2138910,2151679,2568249,1889879,1481139,408740,284760,376573,37713,782093,37404,202376,16832,152128,59.857725827386396,44.04707605412683,REAL_OFFICIAL,Census 2011 Primary Census Abstract,2011
28,545,East Godavari,1428528,5154296,2569688,2584608,3288577,2093681,1748117,345564,152451,878084,46366,671216,7956,243962,11487,82159,63.80264152466215,40.620115724824494,REAL_OFFICIAL,Census 2011 Primary Census Abstract,2011
28,546,West Godavari,1091525,3936966,1964918,1972048,2652389,1773112,1534166,238946,149420,888815,25703,470228,5855,172972,8158,51961,67.37139716218022,45.03752381910334,REAL_OFFICIAL,Census 2011 Primary Census Abstract,2011
28,547,Krishna,1243293,4517398,2267375,2250023,3009718,2048880,1744978,303902,140220,813137,39988,751633,9946,193839,8456,91661,66.62503503122815,45.355312947851836,REAL_OFFICIAL,Census 2011 Primary Census Abstract,2011
28,548,Guntur,1296609,4887813,2440521,2447292,2960441,2381624,2106326,275298,289829,1035569,40093,740835,12512,192387,7343,63056,60.56780404651324,48.725759352904866,REAL_OFFICIAL,Census 2011 Primary Census Abstract,2011
28,549,Prakasam,860463,3397448,1714764,1682684,1904435,1700567,1463508,237059,264818,721512,36286,440892,15211,167706,6317,47825,56.054868242280676,50.054246599212114,REAL_OFFICIAL,Census 2011 Primary Census Abstract,2011
28,550,Sri Potti Sriramulu Nellore,776854,2963557,1492974,1470583,1832189,1314561,1076544,238017,153132,456592,28276,438544,12381,168670,7127,49839,61.82398381404508,44.35754061757544,REAL_OFFICIAL,Census 2011 Primary Census Abstract,2011
28,551,Y.S.R.,706204,2882469,1451777,1430692,1716766,1320404,1079903,240501,217681,398305,44751,419166,25926,144150,11073,59352,59.55887123157265,45.80809021710208,REAL_OFFICIAL,Census 2011 Primary Census Abstract,2011
28,552,Kurnool,887652,4053463,2039227,2014236,2127161,2029425,1757520,271905,293947,869074,48389,546110,17007,168228,12402,74268,52.47762222080231,50.066449354539564,REAL_OFFICIAL,Census 2011 Primary Census Abstract,2011
28,553,Anantapur,968160,4081148,2064495,2016653,2310960,2036166,1679655,356511,377298,653162,87104,562091,35955,226375,18239,75942,56.62524368143473,49.891991175032125,REAL_OFFICIAL,Census 2011 Primary Census Abstract,2011
28,554,Chittoor,1039953,4174064,2090204,2083860,2667878,1933357,1669852,263505,404573,605110,46139,614030,29971,142983,11130,79421,63.915598802509976,46.318336278504596,REAL_OFFICIAL,Census 2011 Primary Census Abstract,2011
29,555,Belgaum,983854,4779661,2423063,2356598,3052032,2105668,1734501,371167,635257,465995,46305,586944,76723,183522,14037,96885,63.85457043920061,44.054756184591334,REAL_OFFICIAL,Census 2011 Primary Census Abstract,2011
29,556,Bagalkot ,361149,1889752,950111,939641,1113412,818081,676407,141674,186478,223373,35805,230751,9721,79870,8992,43091,58.9184189248113,43.29038942676076,REAL_OFFICIAL,Census 2011 Primary Census Abstract,2011
29,557,Bijapur,408806,2177331,1111022,1066309,1248268,927722,760083,167639,247031,260791,17788,234473,15186,90809,7591,54053,57.330190035414915,42.60822079876693,REAL_OFFICIAL,Census 2011 Primary Census Abstract,2011
29,558,Bidar,319937,1703300,870665,832635,1042673,702608,551763,150845,130304,198559,11687,211213,10998,81532,6408,51907,61.21487700346386,41.24980919391769,REAL_OFFICIAL,Census 2011 Primary Census Abstract,2011
29,559,Raichur,363853,1928812,964511,964301,979769,903413,725985,177428,233257,269528,13243,209957,12042,113998,5852,45536,50.79650064391967,46.83779445586195,REAL_OFFICIAL,Census 2011 Primary Census Abstract,2011
29,560,Koppal,264595,1389920,699926,689994,809085,654766,508089,146677,152288,180632,12534,162635,11125,92384,6260,36908,58.210904224703576,47.10817888799355,REAL_OFFICIAL,Census 2011 Primary Census Abstract,2011
29,561,Gadag,219096,1064570,537147,527423,700177,495722,423451,72271,120916,157393,12278,132864,6525,42917,3207,19622,65.77087462543562,46.56546774754126,REAL_OFFICIAL,Census 2011 Primary Census Abstract,2011
29,562,Dharwad,382700,1847023,937206,909817,1301664,784833,690948,93885,152978,169525,13054,355391,11301,38117,3409,41058,70.47362160622797,42.4917827227923,REAL_OFFICIAL,Census 2011 Primary Census Abstract,2011
29,563,Uttara Kannada,324530,1437169,726256,710913,1081906,608526,498304,110222,96547,82131,6853,312773,15034,34205,2639,58344,75.28036020815924,42.34199318243018,REAL_OFFICIAL,Census 2011 Primary Census Abstract,2011
29,564,Haveri,330414,1597668,819128,778540,1085443,730066,601951,128115,189916,230419,14439,167177,13139,80844,5778,28354,67.93920889696733,45.69572652140495,REAL_OFFICIAL,Census 2011 Primary Census Abstract,2011
29,565,Bellary,489118,2452595,1236954,1215641,1421621,1116880,969388,147492,245581,323923,16485,383399,12499,82169,6347,46477,57.96395246667305,45.53870492274509,REAL_OFFICIAL,Census 2011 Primary Census Abstract,2011
29,566,Chitradurga,357003,1659456,840843,818613,1087392,856587,667479,189108,257076,192769,16718,200916,29169,101568,9517,48854,65.52701608237881,51.61854246210807,REAL_OFFICIAL,Census 2011 Primary Census Abstract,2011
29,567,Davanagere,410176,1945497,986400,959097,1308540,875207,705099,170108,215082,216553,20397,253067,15764,79320,11041,63983,67.25993409396159,44.986293990687216,REAL_OFFICIAL,Census 2011 Primary Census Abstract,2011
29,568,Shimoga,406816,1752753,877415,875338,1263016,780598,652789,127809,189098,179780,10772,273139,15395,66684,4315,41415,72.058983781514,44.53553923456414,REAL_OFFICIAL,Census 2011 Primary Census Abstract,2011
29,569,Udupi,253078,1177361,562131,615230,926429,513241,459446,53795,56860,45390,8915,348281,6283,18000,1665,27847,78.68691081155228,43.592492022412834,REAL_OFFICIAL,Census 2011 Primary Census Abstract,2011
29,570,Chikmagalur,276085,1137961,566622,571339,818345,565774,480229,85545,135921,92037,6305,245966,19471,34563,2568,28943,71.91327295047897,49.718224086765716,REAL_OFFICIAL,Census 2011 Primary Census Abstract,2011
29,571,Tumkur,640081,2678980,1350594,1328386,1813391,1354646,1078431,276215,459644,220018,37836,360933,46266,132268,16687,80994,67.68960574547029,50.56573770614189,REAL_OFFICIAL,Census 2011 Primary Census Abstract,2011
29,572,Bangalore,2393845,9621551,5022661,4598890,7512276,4246927,3858342,388585,80410,77294,90861,3609777,15209,20620,18037,334719,78.07759892349996,44.139733812147334,REAL_OFFICIAL,Census 2011 Primary Census Abstract,2011
29,573,Mandya,428625,1805769,905085,900684,1149649,871408,714901,156507,350990,147093,11266,205552,37991,69066,6568,42882,63.66534146947921,48.256892216003266,REAL_OFFICIAL,Census 2011 Primary Census Abstract,2011
29,574,Hassan,433453,1776421,883667,892754,1225256,903580,752387,151193,391534,107427,10027,243399,45500,58483,6099,41111,68.9732895524203,50.86519468076543,REAL_OFFICIAL,Census 2011 Primary Census Abstract,2011
29,575,Dakshina Kannada,439733,2089649,1034714,1054935,1666323,997721,914476,83245,31574,24717,168112,690073,2236,4557,20095,56357,79.74176524382803,47.74586545395901,REAL_OFFICIAL,Census 2011 Primary Census Abstract,2011
29,576,Kodagu,142716,554519,274608,279911,412877,278938,258753,20185,19447,12546,1245,225515,1727,2607,304,15547,74.4567814628534,50.30269476789795,REAL_OFFICIAL,Census 2011 Primary Census Abstract,2011
29,577,Mysore,700968,3001127,1511600,1489527,1962180,1314268,1082108,232160,320887,208164,19161,533896,28450,102838,9001,91871,65.38143837298455,43.79248195761126,REAL_OFFICIAL,Census 2011 Primary Census Abstract,2011
29,578,Chamarajanagar,244874,1020791,512231,508560,565279,481693,381408,100285,104418,154300,10241,112449,8687,60003,3766,27829,55.37656582003564,47.18820992739944,REAL_OFFICIAL,Census 2011 Primary Census Abstract,2011
29,579,Gulbarga,471601,2566326,1301755,1264571,1427368,1087028,844237,242791,207305,284917,16347,335668,12893,130350,9544,90004,55.61912243417243,42.357362236909886,REAL_OFFICIAL,Census 2011 Primary Census Abstract,2011
29,580,Yadgir,202063,1174271,590329,583942,510003,547696,437241,110455,152062,162706,9499,112974,7271,71949,3693,27542,43.43145662287496,46.64136302437853,REAL_OFFICIAL,Census 2011 Primary Census Abstract,2011
29,581,Kolar,333348,1536401,776396,760005,1016219,717872,584590,133282,165468,142049,16761,260312,17589,59184,7417,49092,66.14282339050807,46.724260137815584,REAL_OFFICIAL,Census 2011 Primary Census Abstract,2011
29,582,Chikkaballapura,284698,1255104,636437,618667,783222,639778,535565,104213,197814,154094,14025,169632,14412,52845,6251,30705,62.4029562490439,50.97410254449034,REAL_OFFICIAL,Census 2011 Primary Census Abstract,2011
29,583,Bangalore Rural,229279,990923,509172,481751,688749,459891,389989,69902,118210,59390,13621,198768,9560,24718,5836,29788,69.50580418458347,46.41036690035452,REAL_OFFICIAL,Census 2011 Primary Census Abstract,2011
29,584,Ramanagara,260533,1082636,548008,534628,674758,531459,458841,72618,193956,76408,13261,175216,14174,26052,4462,27930,62.32547227322941,49.08935228460904,REAL_OFFICIAL,Census 2011 Primary Census Abstract,2011
30,585,North Goa,191766,818008,416677,401331,663060,327658,269437,58221,11154,5243,6514,246526,4248,8877,2348,42748,81.05788696443066,40.05559847825449,REAL_OFFICIAL,Census 2011 Primary Census Abstract,2011
30,586,South Goa,151845,640537,322463,318074,502427,249590,206616,42974,12908,5515,4266,183927,3044,7125,1580,31225,78.43840402662141,38.96574280642648,REAL_OFFICIAL,Census 2011 Primary Census Abstract,2011
31,587,Lakshadweep,11574,64473,33123,31350,52553,18753,10804,7949,0,0,97,10707,0,0,167,7782,81.51164053169543,29.08659438834861,REAL_OFFICIAL,Census 2011 Primary Census Abstract,2011
32,588,Kasaragod,273410,1307375,628613,678762,1037492,462998,372700,90298,20569,27722,17951,306458,3163,11052,6545,69538,79.35687924275744,35.414322592982124,REAL_OFFICIAL,Census 2011 Primary Census Abstract,2011
32,589,Kannur,554298,2523003,1181446,1341557,2138434,824116,694209,129907,30415,59228,10043,594523,6134,23760,2832,97181,84.75748938863728,32.66409116437832,REAL_OFFICIAL,Census 2011 Primary Census Abstract,2011
32,590,Wayanad,190894,817420,401684,415736,645585,340077,263445,76632,46410,69133,2917,144985,6349,32497,1657,36129,78.97837097208289,41.6037043380392,REAL_OFFICIAL,Census 2011 Primary Census Abstract,2011
32,591,Kozhikode,697710,3086293,1470942,1615351,2615443,948981,754187,194794,19905,37555,9228,687499,6638,26643,4084,157429,84.74383345975252,30.748247169014736,REAL_OFFICIAL,Census 2011 Primary Census Abstract,2011
32,592,Malappuram,793999,4112920,1960328,2152592,3311315,1062424,852047,210377,45710,81841,13450,711046,11857,35564,4973,157983,80.51007556675063,25.831380138684924,REAL_OFFICIAL,Census 2011 Primary Census Abstract,2011
32,593,Palakkad,637220,2809934,1359478,1450456,2239492,1042340,875540,166800,59194,195394,19975,600977,8611,54555,5060,98574,79.69909613535407,37.09482144420474,REAL_OFFICIAL,Census 2011 Primary Census Abstract,2011
32,594,Thrissur,759210,3121200,1480763,1640437,2678548,1095727,929506,166221,34791,54538,21883,818294,6995,19403,6000,133823,85.81789055491478,35.1059528386518,REAL_OFFICIAL,Census 2011 Primary Census Abstract,2011
32,595,Ernakulam,814011,3282388,1619557,1662831,2855676,1249343,1061388,187955,41977,49419,18619,951373,8446,21972,5357,152180,86.99995247362591,38.06201460643897,REAL_OFFICIAL,Census 2011 Primary Census Abstract,2011
32,596,Idukki ,279812,1108974,552808,556166,923010,516363,415947,100416,85723,112391,4933,212900,15194,33307,1955,49960,83.23098647939446,46.56222778892923,REAL_OFFICIAL,Census 2011 Primary Census Abstract,2011
32,597,Kottayam,487296,1974551,968289,1006262,1749798,735735,604553,131182,42620,44783,13209,503941,7371,18269,5314,100228,88.61751355118201,37.26087601687675,REAL_OFFICIAL,Census 2011 Primary Census Abstract,2011
32,598,Alappuzha,535958,2127789,1013142,1114647,1852797,804471,596387,208084,17805,39491,25155,513936,7432,32215,10710,157727,87.07616215705599,37.80783714926621,REAL_OFFICIAL,Census 2011 Primary Census Abstract,2011
32,599,Pathanamthitta,322684,1197412,561716,635696,1062553,392794,293257,99537,31590,35216,7589,218862,9824,20239,3485,65989,88.73746045638427,32.80357972026337,REAL_OFFICIAL,Census 2011 Primary Census Abstract,2011
32,600,Kollam,669375,2635375,1246968,1388407,2240273,912025,695299,216726,41467,56640,13851,583341,15226,35553,7660,158287,85.00775032016317,34.60702936014798,REAL_OFFICIAL,Census 2011 Primary Census Abstract,2011
32,601,Thiruvananthapuram,837877,3301427,1581678,1719749,2785408,1231669,921282,310387,26756,55785,19478,819263,12081,38685,9109,250512,84.36981947503307,37.30717050536026,REAL_OFFICIAL,Census 2011 Primary Census Abstract,2011
33,602,Thiruvallur,946949,3728104,1876062,1852042,2791721,1538054,1247918,290136,60436,173150,41742,972590,13008,97436,16498,163194,74.88313094269903,41.25566239568424,REAL_OFFICIAL,Census 2011 Primary Census Abstract,2011
33,603,Chennai,1154982,4646732,2335844,2310888,3776276,1817297,1619554,197743,10210,10251,29143,1569950,4244,3423,8202,181874,81.267350903818,39.10914165051912,REAL_OFFICIAL,Census 2011 Primary Census Abstract,2011
33,604,Kancheepuram,1006245,3998252,2012958,1985294,3013382,1673814,1367378,306436,74761,162494,41149,1088974,14582,110020,13583,168251,75.36748559120335,41.86364441260831,REAL_OFFICIAL,Census 2011 Primary Census Abstract,2011
33,605,Vellore,929281,3936331,1961688,1974643,2773928,1689330,1360185,329145,153211,254999,106906,845069,21897,136956,29509,140783,70.46988680575896,42.9163604381847,REAL_OFFICIAL,Census 2011 Primary Census Abstract,2011
33,606,Tiruvannamalai,588836,2464875,1235889,1228986,1626813,1238177,970072,268105,265183,351310,37020,316559,27458,173753,9700,57194,65.9998174349612,50.23285156448096,REAL_OFFICIAL,Census 2011 Primary Census Abstract,2011
33,607,Viluppuram,800368,3458873,1740819,1718054,2195776,1703249,1260802,442447,322900,537581,23961,376360,46746,294632,14276,86793,63.48241175666178,49.24288923010472,REAL_OFFICIAL,Census 2011 Primary Census Abstract,2011
33,608,Salem,915967,3482056,1781571,1700485,2285562,1694160,1561030,133130,247011,396158,132700,785161,9993,58052,8803,56282,65.63828956225862,48.654013605754756,REAL_OFFICIAL,Census 2011 Primary Census Abstract,2011
33,609,Namakkal   ,475511,1726601,869280,857321,1176131,898245,839152,59093,152497,228614,35156,422885,5976,25112,3641,24364,68.11828557958671,52.02388971163575,REAL_OFFICIAL,Census 2011 Primary Census Abstract,2011
33,610,Erode,658071,2251744,1129868,1121876,1492662,1195773,1111051,84722,173376,331414,48960,557301,4794,38798,5362,35768,66.28915187516876,53.104304929867695,REAL_OFFICIAL,Census 2011 Primary Census Abstract,2011
33,611,The Nilgiris,197653,735394,360143,375251,569647,349974,318924,31050,14592,71738,3019,229575,1053,7362,876,21759,77.46146963396492,47.58999937448497,REAL_OFFICIAL,Census 2011 Primary Census Abstract,2011
33,612,Dindigul,560773,2159775,1080938,1078837,1481834,1105155,963017,142138,155332,388725,25253,393707,10073,79234,5576,47255,68.61057286059891,51.16991353265965,REAL_OFFICIAL,Census 2011 Primary Census Abstract,2011
33,613,Karur ,287095,1064493,528184,536309,727044,543298,508507,34791,83800,182639,10162,231906,2072,18198,1178,13343,68.29955669036809,51.03819376924038,REAL_OFFICIAL,Census 2011 Primary Census Abstract,2011
33,614,Tiruchirappalli,698404,2722290,1352284,1370006,2038981,1213979,1082329,131650,161657,319720,25174,575778,9012,59062,5212,58364,74.89947801299641,44.594036638271454,REAL_OFFICIAL,Census 2011 Primary Census Abstract,2011
33,615,Perambalur  ,149243,565223,282157,283066,375823,299726,255097,44629,107542,91135,4365,52055,9762,27143,978,6746,66.49110174214425,53.02791995371739,REAL_OFFICIAL,Census 2011 Primary Census Abstract,2011
33,616,Ariyalur  ,197090,754894,374703,380191,480604,359851,272241,87610,94912,106252,10756,60321,12400,60585,2808,11817,63.66509735141622,47.66907671805578,REAL_OFFICIAL,Census 2011 Primary Census Abstract,2011
33,617,Cuddalore,635578,2605914,1311697,1294217,1815281,1169880,837271,332609,136035,325599,19151,356486,29135,213813,12876,76785,69.66005017817164,44.89326969347415,REAL_OFFICIAL,Census 2011 Primary Census Abstract,2011
33,618,Nagapattinam  ,413837,1616450,798127,818323,1213008,671994,486328,185666,54329,216353,7925,207721,13153,128704,3630,40179,75.0414797859507,41.572210708651674,REAL_OFFICIAL,Census 2011 Primary Census Abstract,2011
33,619,Thiruvarur,327219,1264277,626693,637584,946471,540168,412425,127743,60508,200126,7264,144527,9375,95062,3176,20130,74.86262899665184,42.7254470341547,REAL_OFFICIAL,Census 2011 Primary Census Abstract,2011
33,620,Thanjavur,605363,2405890,1182416,1223474,1790998,974079,834484,139595,117321,327673,26430,363060,12592,87688,4770,34545,74.44222304427883,40.48726250992356,REAL_OFFICIAL,Census 2011 Primary Census Abstract,2011
33,621,Pudukkottai,387679,1618345,803188,815157,1110545,761693,640248,121445,192462,234344,10170,203272,16808,70805,3771,30061,68.62226533897284,47.066169450889646,REAL_OFFICIAL,Census 2011 Primary Census Abstract,2011
33,622,Sivaganga,338938,1339101,668672,670429,959744,620171,461102,159069,117030,122166,9864,212042,23973,77397,4792,52907,71.67077016595462,46.31248875178198,REAL_OFFICIAL,Census 2011 Primary Census Abstract,2011
33,623,Madurai,794887,3038252,1526475,1511777,2273430,1354632,1173902,180730,81352,287731,39753,765066,11367,85097,7540,76726,74.82690705050142,44.58590005042373,REAL_OFFICIAL,Census 2011 Primary Census Abstract,2011
33,624,Theni  ,338112,1245899,625683,620216,870080,591642,530591,61051,36371,275585,12714,205921,1996,39576,2225,17254,69.83551636208072,47.4871558609486,REAL_OFFICIAL,Census 2011 Primary Census Abstract,2011
33,625,Virudhunagar,537748,1942288,967709,974579,1398788,950158,854066,96092,52361,168174,30292,603239,4792,40528,5006,45766,72.01753807880192,48.919521718715245,REAL_OFFICIAL,Census 2011 Primary Census Abstract,2011
33,626,Ramanathapuram,323905,1353445,682658,670787,978946,602977,486150,116827,149959,103592,18546,214053,23808,50282,6682,36055,72.32994321897085,44.551274710091654,REAL_OFFICIAL,Census 2011 Primary Census Abstract,2011
33,627,Thoothukkudi,462010,1750176,865021,885155,1349697,748095,657447,90648,44633,161418,17872,433524,3882,39226,4991,42549,77.11778701113488,42.7439868904613,REAL_OFFICIAL,Census 2011 Primary Census Abstract,2011
33,628,Tirunelveli ,815528,3077233,1520912,1556321,2273457,1436454,1271407,165047,107943,321083,215667,626714,7772,58680,23997,74598,73.87991094596997,46.6800531516463,REAL_OFFICIAL,Census 2011 Primary Census Abstract,2011
33,629,Kanniyakumari,483539,1870374,926345,944029,1548738,679620,552658,126962,12229,51350,21078,468001,3381,21517,14711,87353,82.8036531731087,36.33604829836172,REAL_OFFICIAL,Census 2011 Primary Census Abstract,2011
33,630,Dharmapuri,375873,1506843,774303,732540,917709,751170,652996,98174,191080,217062,11308,233546,10248,50283,4033,33610,60.902761601573616,49.85058164652854,REAL_OFFICIAL,Census 2011 Primary Census Abstract,2011
33,631,Krishnagiri,448053,1879809,960232,919577,1187958,877779,742001,135778,218600,197369,15237,310795,17438,65959,6681,45700,63.195675730885426,46.695116365545644,REAL_OFFICIAL,Census 2011 Primary Census Abstract,2011
33,632,Coimbatore,958035,3458045,1729297,1728748,2635907,1567950,1443252,124698,75411,201351,44582,1121908,4806,28675,5503,85714,76.22535276435094,45.342093581778144,REAL_OFFICIAL,Census 2011 Primary Census Abstract,2011
33,633,Tiruppur,712210,2479052,1246159,1232893,1760566,1266137,1168596,97541,130331,216945,36139,785181,5486,29388,4849,57818,71.0177116091151,51.073434522551366,REAL_OFFICIAL,Census 2011 Primary Census Abstract,2011
34,634,Yanam,13812,55626,27301,28325,39274,16760,15373,1387,283,2956,118,12016,8,368,28,983,70.60367454068242,30.12979541940819,REAL_OFFICIAL,Census 2011 Primary Census Abstract,2011
34,635,Puducherry,231513,950289,468258,482031,726649,348105,315570,32535,8405,38854,5203,263108,988,13054,1147,17346,76.46610662651047,36.63148789473518,REAL_OFFICIAL,Census 2011 Primary Census Abstract,2011
34,636,Mahe,7420,41816,19143,22673,36470,11802,10404,1398,23,57,60,10264,20,25,9,1344,87.21541993495313,28.223646451119187,REAL_OFFICIAL,Census 2011 Primary Census Abstract,2011
34,637,Karaikal,49705,200222,97809,102413,154916,68301,58342,9959,2052,8740,992,46558,320,4337,335,4967,77.3721169501853,34.11263497517755,REAL_OFFICIAL,Census 2011 Primary Census Abstract,2011
35,638,Nicobars,9288,36842,20727,16115,25332,17125,9651,7474,192,103,519,8837,130,139,2041,5164,68.7584821670919,46.48227566364475,REAL_OFFICIAL,Census 2011 Primary Census Abstract,2011
35,639,North  & Middle Andaman,26199,105597,54861,50736,78683,38579,31038,7541,8367,873,183,21615,2360,1042,77,4062,74.51253350000474,36.53418184228719,REAL_OFFICIAL,Census 2011 Primary Census Abstract,2011
35,640,South Andaman,59064,238142,127283,110859,190266,96831,85221,11610,4438,1704,688,78391,1080,920,219,9391,79.89602842001831,40.66103417288844,REAL_OFFICIAL,Census 2011 Primary Census Abstract,2011
