market_record_id,record_id,country,state_ut,district,market_name,geography_level,data_year,year,dairy_product,product_category,milk_production_000_tonnes,unit,yoy_growth_pct_or_all_india_share_pct,analysis_metric,production_signal_0_100,population,demand_index_0_100,retail_milk_price_rs_litre,wholesale_milk_price_rs_litre,price_gap_rs_litre,dairy_competitor_count,competitor_density_per_100k,competitor_radius_km,competition_index_0_100,market_gap_score_0_100,market_gap_label,latitude,longitude,confidence_score_0_100,demand_signal_source,competitor_source,price_source_status,local_market_status,local_gap_score_status,recommended_action,production_data_quality,local_data_quality,source_milk_production,source_price,source_population,source_competitors,source_coordinates,source_url_dahd,source_url_milk_price,source_url_competitor,last_verified_source,data_status,source,field_status_note,reference_milk_retail_price_rs_kg,reference_milk_wholesale_price_rs_kg,reference_milk_price_gap_rs_kg,price_reference_scope,price_reference_date,price_source,price_data_status
IN-DAIRY-0001,1,India,Andhra Pradesh,,,State/UT,2018-19,2018-19,Milk,Milk,15044.37,000 tonnes,,YoY growth (%),49.29,,,,,,,,5,,,Pending local-data join,,,0,Not populated — needs local population/consumption/transactions,Not populated — needs OSM/Overpass or verified business directory,Not populated — government milk price series is separate,NOT LOCAL-MARKET COMPLETE,Cannot calculate until local competitors + local demand + local price are joined,"Join local competitor, population/demand and current price layers before scoring market gap",Official government — DAHD BAHS 2025,Missing,Official — DAHD BAHS 2025 Table 35,Not populated — requires Consumer Affairs price-series extraction,Not populated — Census/OGD layer to be joined,Not populated — OSM/Overpass business layer to be joined,Not populated — market/business geocoding layer to be joined,https://www.dahd.gov.in/schemes/programmes/animal-husbandry-statistics,https://www.data.gov.in/catalog/dailyweekly-retail-prices-milk,https://www.openstreetmap.org/,2026-09-28 web verification of source availability,Official,"DAHD Basic Animal Husbandry Statistics 2025, Table 35",Milk production is official government data; blank market/competition/price fields are intentionally unfilled until their respective source datasets are joined.,61.45,57.6299,3.8201000000000036,All-India average; NOT local market price,2026-09-28,Department of Consumer Affairs - Price Monitoring System,REAL_OFFICIAL_REFERENCE
IN-DAIRY-0002,2,India,Andhra Pradesh,,,State/UT,2019-20,2019-20,Milk,Milk,15263.1,000 tonnes,1.45,YoY growth (%),47.9,,,,,,,,5,,,Pending local-data join,,,0,Not populated — needs local population/consumption/transactions,Not populated — needs OSM/Overpass or verified business directory,Not populated — government milk price series is separate,NOT LOCAL-MARKET COMPLETE,Cannot calculate until local competitors + local demand + local price are joined,"Join local competitor, population/demand and current price layers before scoring market gap",Official government — DAHD BAHS 2025,Missing,Official — DAHD BAHS 2025 Table 35,Not populated — requires Consumer Affairs price-series extraction,Not populated — Census/OGD layer to be joined,Not populated — OSM/Overpass business layer to be joined,Not populated — market/business geocoding layer to be joined,https://www.dahd.gov.in/schemes/programmes/animal-husbandry-statistics,https://www.data.gov.in/catalog/dailyweekly-retail-prices-milk,https://www.openstreetmap.org/,2026-09-28 web verification of source availability,Official,"DAHD Basic Animal Husbandry Statistics 2025, Table 35",Milk production is official government data; blank market/competition/price fields are intentionally unfilled until their respective source datasets are joined.,61.45,57.6299,3.8201000000000036,All-India average; NOT local market price,2026-09-28,Department of Consumer Affairs - Price Monitoring System,REAL_OFFICIAL_REFERENCE
IN-DAIRY-0003,3,India,Andhra Pradesh,,,State/UT,2020-21,2020-21,Milk,Milk,14713.84,000 tonnes,-3.6,YoY growth (%),46.92,,,,,,,,5,,,Pending local-data join,,,0,Not populated — needs local population/consumption/transactions,Not populated — needs OSM/Overpass or verified business directory,Not populated — government milk price series is separate,NOT LOCAL-MARKET COMPLETE,Cannot calculate until local competitors + local demand + local price are joined,"Join local competitor, population/demand and current price layers before scoring market gap",Official government — DAHD BAHS 2025,Missing,Official — DAHD BAHS 2025 Table 35,Not populated — requires Consumer Affairs price-series extraction,Not populated — Census/OGD layer to be joined,Not populated — OSM/Overpass business layer to be joined,Not populated — market/business geocoding layer to be joined,https://www.dahd.gov.in/schemes/programmes/animal-husbandry-statistics,https://www.data.gov.in/catalog/dailyweekly-retail-prices-milk,https://www.openstreetmap.org/,2026-09-28 web verification of source availability,Official,"DAHD Basic Animal Husbandry Statistics 2025, Table 35",Milk production is official government data; blank market/competition/price fields are intentionally unfilled until their respective source datasets are joined.,61.45,57.6299,3.8201000000000036,All-India average; NOT local market price,2026-09-28,Department of Consumer Affairs - Price Monitoring System,REAL_OFFICIAL_REFERENCE
IN-DAIRY-0004,4,India,Andhra Pradesh,,,State/UT,2021-22,2021-22,Milk,Milk,15403.08,000 tonnes,4.68,YoY growth (%),45.47,,,,,,,,5,,,Pending local-data join,,,0,Not populated — needs local population/consumption/transactions,Not populated — needs OSM/Overpass or verified business directory,Not populated — government milk price series is separate,NOT LOCAL-MARKET COMPLETE,Cannot calculate until local competitors + local demand + local price are joined,"Join local competitor, population/demand and current price layers before scoring market gap",Official government — DAHD BAHS 2025,Missing,Official — DAHD BAHS 2025 Table 35,Not populated — requires Consumer Affairs price-series extraction,Not populated — Census/OGD layer to be joined,Not populated — OSM/Overpass business layer to be joined,Not populated — market/business geocoding layer to be joined,https://www.dahd.gov.in/schemes/programmes/animal-husbandry-statistics,https://www.data.gov.in/catalog/dailyweekly-retail-prices-milk,https://www.openstreetmap.org/,2026-09-28 web verification of source availability,Official,"DAHD Basic Animal Husbandry Statistics 2025, Table 35",Milk production is official government data; blank market/competition/price fields are intentionally unfilled until their respective source datasets are joined.,61.45,57.6299,3.8201000000000036,All-India average; NOT local market price,2026-09-28,Department of Consumer Affairs - Price Monitoring System,REAL_OFFICIAL_REFERENCE
IN-DAIRY-0005,5,India,Andhra Pradesh,,,State/UT,2022-23,2022-23,Milk,Milk,15448.42,000 tonnes,0.29,YoY growth (%),42.63,,,,,,,,5,,,Pending local-data join,,,0,Not populated — needs local population/consumption/transactions,Not populated — needs OSM/Overpass or verified business directory,Not populated — government milk price series is separate,NOT LOCAL-MARKET COMPLETE,Cannot calculate until local competitors + local demand + local price are joined,"Join local competitor, population/demand and current price layers before scoring market gap",Official government — DAHD BAHS 2025,Missing,Official — DAHD BAHS 2025 Table 35,Not populated — requires Consumer Affairs price-series extraction,Not populated — Census/OGD layer to be joined,Not populated — OSM/Overpass business layer to be joined,Not populated — market/business geocoding layer to be joined,https://www.dahd.gov.in/schemes/programmes/animal-husbandry-statistics,https://www.data.gov.in/catalog/dailyweekly-retail-prices-milk,https://www.openstreetmap.org/,2026-09-28 web verification of source availability,Official,"DAHD Basic Animal Husbandry Statistics 2025, Table 35",Milk production is official government data; blank market/competition/price fields are intentionally unfilled until their respective source datasets are joined.,61.45,57.6299,3.8201000000000036,All-India average; NOT local market price,2026-09-28,Department of Consumer Affairs - Price Monitoring System,REAL_OFFICIAL_REFERENCE
IN-DAIRY-0006,6,India,Andhra Pradesh,,,State/UT,2023-24,2023-24,Milk,Milk,13994.4,000 tonnes,-9.41,YoY growth (%),36.09,,,,,,,,5,,,Pending local-data join,,,0,Not populated — needs local population/consumption/transactions,Not populated — needs OSM/Overpass or verified business directory,Not populated — government milk price series is separate,NOT LOCAL-MARKET COMPLETE,Cannot calculate until local competitors + local demand + local price are joined,"Join local competitor, population/demand and current price layers before scoring market gap",Official government — DAHD BAHS 2025,Missing,Official — DAHD BAHS 2025 Table 35,Not populated — requires Consumer Affairs price-series extraction,Not populated — Census/OGD layer to be joined,Not populated — OSM/Overpass business layer to be joined,Not populated — market/business geocoding layer to be joined,https://www.dahd.gov.in/schemes/programmes/animal-husbandry-statistics,https://www.data.gov.in/catalog/dailyweekly-retail-prices-milk,https://www.openstreetmap.org/,2026-09-28 web verification of source availability,Official,"DAHD Basic Animal Husbandry Statistics 2025, Table 35",Milk production is official government data; blank market/competition/price fields are intentionally unfilled until their respective source datasets are joined.,61.45,57.6299,3.8201000000000036,All-India average; NOT local market price,2026-09-28,Department of Consumer Affairs - Price Monitoring System,REAL_OFFICIAL_REFERENCE
IN-DAIRY-0007,7,India,Andhra Pradesh,,,State/UT,2024-25,2024-25,Milk,Milk,13946.13,000 tonnes,-0.34,YoY growth (%),35.93,,,,,,,,5,,,Pending local-data join,,,0,Not populated — needs local population/consumption/transactions,Not populated — needs OSM/Overpass or verified business directory,Not populated — government milk price series is separate,NOT LOCAL-MARKET COMPLETE,Cannot calculate until local competitors + local demand + local price are joined,"Join local competitor, population/demand and current price layers before scoring market gap",Official government — DAHD BAHS 2025,Missing,Official — DAHD BAHS 2025 Table 35,Not populated — requires Consumer Affairs price-series extraction,Not populated — Census/OGD layer to be joined,Not populated — OSM/Overpass business layer to be joined,Not populated — market/business geocoding layer to be joined,https://www.dahd.gov.in/schemes/programmes/animal-husbandry-statistics,https://www.data.gov.in/catalog/dailyweekly-retail-prices-milk,https://www.openstreetmap.org/,2026-09-28 web verification of source availability,Official,"DAHD Basic Animal Husbandry Statistics 2025, Table 35",Milk production is official government data; blank market/competition/price fields are intentionally unfilled until their respective source datasets are joined.,61.45,57.6299,3.8201000000000036,All-India average; NOT local market price,2026-09-28,Department of Consumer Affairs - Price Monitoring System,REAL_OFFICIAL_REFERENCE
IN-DAIRY-0008,8,India,Arunachal Pradesh,,,State/UT,2018-19,2018-19,Milk,Milk,55.1,000 tonnes,,YoY growth (%),0.18,,,,,,,,5,,,Pending local-data join,,,0,Not populated — needs local population/consumption/transactions,Not populated — needs OSM/Overpass or verified business directory,Not populated — government milk price series is separate,NOT LOCAL-MARKET COMPLETE,Cannot calculate until local competitors + local demand + local price are joined,"Join local competitor, population/demand and current price layers before scoring market gap",Official government — DAHD BAHS 2025,Missing,Official — DAHD BAHS 2025 Table 35,Not populated — requires Consumer Affairs price-series extraction,Not populated — Census/OGD layer to be joined,Not populated — OSM/Overpass business layer to be joined,Not populated — market/business geocoding layer to be joined,https://www.dahd.gov.in/schemes/programmes/animal-husbandry-statistics,https://www.data.gov.in/catalog/dailyweekly-retail-prices-milk,https://www.openstreetmap.org/,2026-09-28 web verification of source availability,Official,"DAHD Basic Animal Husbandry Statistics 2025, Table 35",Milk production is official government data; blank market/competition/price fields are intentionally unfilled until their respective source datasets are joined.,61.45,57.6299,3.8201000000000036,All-India average; NOT local market price,2026-09-28,Department of Consumer Affairs - Price Monitoring System,REAL_OFFICIAL_REFERENCE
IN-DAIRY-0009,9,India,Arunachal Pradesh,,,State/UT,2019-20,2019-20,Milk,Milk,60.63,000 tonnes,10.04,YoY growth (%),0.19,,,,,,,,5,,,Pending local-data join,,,0,Not populated — needs local population/consumption/transactions,Not populated — needs OSM/Overpass or verified business directory,Not populated — government milk price series is separate,NOT LOCAL-MARKET COMPLETE,Cannot calculate until local competitors + local demand + local price are joined,"Join local competitor, population/demand and current price layers before scoring market gap",Official government — DAHD BAHS 2025,Missing,Official — DAHD BAHS 2025 Table 35,Not populated — requires Consumer Affairs price-series extraction,Not populated — Census/OGD layer to be joined,Not populated — OSM/Overpass business layer to be joined,Not populated — market/business geocoding layer to be joined,https://www.dahd.gov.in/schemes/programmes/animal-husbandry-statistics,https://www.data.gov.in/catalog/dailyweekly-retail-prices-milk,https://www.openstreetmap.org/,2026-09-28 web verification of source availability,Official,"DAHD Basic Animal Husbandry Statistics 2025, Table 35",Milk production is official government data; blank market/competition/price fields are intentionally unfilled until their respective source datasets are joined.,61.45,57.6299,3.8201000000000036,All-India average; NOT local market price,2026-09-28,Department of Consumer Affairs - Price Monitoring System,REAL_OFFICIAL_REFERENCE
IN-DAIRY-0010,10,India,Arunachal Pradesh,,,State/UT,2020-21,2020-21,Milk,Milk,43.89,000 tonnes,-27.61,YoY growth (%),0.14,,,,,,,,5,,,Pending local-data join,,,0,Not populated — needs local population/consumption/transactions,Not populated — needs OSM/Overpass or verified business directory,Not populated — government milk price series is separate,NOT LOCAL-MARKET COMPLETE,Cannot calculate until local competitors + local demand + local price are joined,"Join local competitor, population/demand and current price layers before scoring market gap",Official government — DAHD BAHS 2025,Missing,Official — DAHD BAHS 2025 Table 35,Not populated — requires Consumer Affairs price-series extraction,Not populated — Census/OGD layer to be joined,Not populated — OSM/Overpass business layer to be joined,Not populated — market/business geocoding layer to be joined,https://www.dahd.gov.in/schemes/programmes/animal-husbandry-statistics,https://www.data.gov.in/catalog/dailyweekly-retail-prices-milk,https://www.openstreetmap.org/,2026-09-28 web verification of source availability,Official,"DAHD Basic Animal Husbandry Statistics 2025, Table 35",Milk production is official government data; blank market/competition/price fields are intentionally unfilled until their respective source datasets are joined.,61.45,57.6299,3.8201000000000036,All-India average; NOT local market price,2026-09-28,Department of Consumer Affairs - Price Monitoring System,REAL_OFFICIAL_REFERENCE
IN-DAIRY-0011,11,India,Arunachal Pradesh,,,State/UT,2021-22,2021-22,Milk,Milk,46.01,000 tonnes,4.83,YoY growth (%),0.13,,,,,,,,5,,,Pending local-data join,,,0,Not populated — needs local population/consumption/transactions,Not populated — needs OSM/Overpass or verified business directory,Not populated — government milk price series is separate,NOT LOCAL-MARKET COMPLETE,Cannot calculate until local competitors + local demand + local price are joined,"Join local competitor, population/demand and current price layers before scoring market gap",Official government — DAHD BAHS 2025,Missing,Official — DAHD BAHS 2025 Table 35,Not populated — requires Consumer Affairs price-series extraction,Not populated — Census/OGD layer to be joined,Not populated — OSM/Overpass business layer to be joined,Not populated — market/business geocoding layer to be joined,https://www.dahd.gov.in/schemes/programmes/animal-husbandry-statistics,https://www.data.gov.in/catalog/dailyweekly-retail-prices-milk,https://www.openstreetmap.org/,2026-09-28 web verification of source availability,Official,"DAHD Basic Animal Husbandry Statistics 2025, Table 35",Milk production is official government data; blank market/competition/price fields are intentionally unfilled until their respective source datasets are joined.,61.45,57.6299,3.8201000000000036,All-India average; NOT local market price,2026-09-28,Department of Consumer Affairs - Price Monitoring System,REAL_OFFICIAL_REFERENCE
IN-DAIRY-0012,12,India,Arunachal Pradesh,,,State/UT,2022-23,2022-23,Milk,Milk,45.54,000 tonnes,-1.02,YoY growth (%),0.12,,,,,,,,5,,,Pending local-data join,,,0,Not populated — needs local population/consumption/transactions,Not populated — needs OSM/Overpass or verified business directory,Not populated — government milk price series is separate,NOT LOCAL-MARKET COMPLETE,Cannot calculate until local competitors + local demand + local price are joined,"Join local competitor, population/demand and current price layers before scoring market gap",Official government — DAHD BAHS 2025,Missing,Official — DAHD BAHS 2025 Table 35,Not populated — requires Consumer Affairs price-series extraction,Not populated — Census/OGD layer to be joined,Not populated — OSM/Overpass business layer to be joined,Not populated — market/business geocoding layer to be joined,https://www.dahd.gov.in/schemes/programmes/animal-husbandry-statistics,https://www.data.gov.in/catalog/dailyweekly-retail-prices-milk,https://www.openstreetmap.org/,2026-09-28 web verification of source availability,Official,"DAHD Basic Animal Husbandry Statistics 2025, Table 35",Milk production is official government data; blank market/competition/price fields are intentionally unfilled until their respective source datasets are joined.,61.45,57.6299,3.8201000000000036,All-India average; NOT local market price,2026-09-28,Department of Consumer Affairs - Price Monitoring System,REAL_OFFICIAL_REFERENCE
IN-DAIRY-0013,13,India,Arunachal Pradesh,,,State/UT,2023-24,2023-24,Milk,Milk,20.0,000 tonnes,-56.08,YoY growth (%),0.05,,,,,,,,5,,,Pending local-data join,,,0,Not populated — needs local population/consumption/transactions,Not populated — needs OSM/Overpass or verified business directory,Not populated — government milk price series is separate,NOT LOCAL-MARKET COMPLETE,Cannot calculate until local competitors + local demand + local price are joined,"Join local competitor, population/demand and current price layers before scoring market gap",Official government — DAHD BAHS 2025,Missing,Official — DAHD BAHS 2025 Table 35,Not populated — requires Consumer Affairs price-series extraction,Not populated — Census/OGD layer to be joined,Not populated — OSM/Overpass business layer to be joined,Not populated — market/business geocoding layer to be joined,https://www.dahd.gov.in/schemes/programmes/animal-husbandry-statistics,https://www.data.gov.in/catalog/dailyweekly-retail-prices-milk,https://www.openstreetmap.org/,2026-09-28 web verification of source availability,Official,"DAHD Basic Animal Husbandry Statistics 2025, Table 35",Milk production is official government data; blank market/competition/price fields are intentionally unfilled until their respective source datasets are joined.,61.45,57.6299,3.8201000000000036,All-India average; NOT local market price,2026-09-28,Department of Consumer Affairs - Price Monitoring System,REAL_OFFICIAL_REFERENCE
IN-DAIRY-0014,14,India,Arunachal Pradesh,,,State/UT,2024-25,2024-25,Milk,Milk,26.7,000 tonnes,33.5,YoY growth (%),0.07,,,,,,,,5,,,Pending local-data join,,,0,Not populated — needs local population/consumption/transactions,Not populated — needs OSM/Overpass or verified business directory,Not populated — government milk price series is separate,NOT LOCAL-MARKET COMPLETE,Cannot calculate until local competitors + local demand + local price are joined,"Join local competitor, population/demand and current price layers before scoring market gap",Official government — DAHD BAHS 2025,Missing,Official — DAHD BAHS 2025 Table 35,Not populated — requires Consumer Affairs price-series extraction,Not populated — Census/OGD layer to be joined,Not populated — OSM/Overpass business layer to be joined,Not populated — market/business geocoding layer to be joined,https://www.dahd.gov.in/schemes/programmes/animal-husbandry-statistics,https://www.data.gov.in/catalog/dailyweekly-retail-prices-milk,https://www.openstreetmap.org/,2026-09-28 web verification of source availability,Official,"DAHD Basic Animal Husbandry Statistics 2025, Table 35",Milk production is official government data; blank market/competition/price fields are intentionally unfilled until their respective source datasets are joined.,61.45,57.6299,3.8201000000000036,All-India average; NOT local market price,2026-09-28,Department of Consumer Affairs - Price Monitoring System,REAL_OFFICIAL_REFERENCE
IN-DAIRY-0015,15,India,Assam,,,State/UT,2018-19,2018-19,Milk,Milk,882.27,000 tonnes,,YoY growth (%),2.89,,,,,,,,5,,,Pending local-data join,,,0,Not populated — needs local population/consumption/transactions,Not populated — needs OSM/Overpass or verified business directory,Not populated — government milk price series is separate,NOT LOCAL-MARKET COMPLETE,Cannot calculate until local competitors + local demand + local price are joined,"Join local competitor, population/demand and current price layers before scoring market gap",Official government — DAHD BAHS 2025,Missing,Official — DAHD BAHS 2025 Table 35,Not populated — requires Consumer Affairs price-series extraction,Not populated — Census/OGD layer to be joined,Not populated — OSM/Overpass business layer to be joined,Not populated — market/business geocoding layer to be joined,https://www.dahd.gov.in/schemes/programmes/animal-husbandry-statistics,https://www.data.gov.in/catalog/dailyweekly-retail-prices-milk,https://www.openstreetmap.org/,2026-09-28 web verification of source availability,Official,"DAHD Basic Animal Husbandry Statistics 2025, Table 35",Milk production is official government data; blank market/competition/price fields are intentionally unfilled until their respective source datasets are joined.,61.45,57.6299,3.8201000000000036,All-India average; NOT local market price,2026-09-28,Department of Consumer Affairs - Price Monitoring System,REAL_OFFICIAL_REFERENCE
IN-DAIRY-0016,16,India,Assam,,,State/UT,2019-20,2019-20,Milk,Milk,919.94,000 tonnes,4.27,YoY growth (%),2.88,,,,,,,,5,,,Pending local-data join,,,0,Not populated — needs local population/consumption/transactions,Not populated — needs OSM/Overpass or verified business directory,Not populated — government milk price series is separate,NOT LOCAL-MARKET COMPLETE,Cannot calculate until local competitors + local demand + local price are joined,"Join local competitor, population/demand and current price layers before scoring market gap",Official government — DAHD BAHS 2025,Missing,Official — DAHD BAHS 2025 Table 35,Not populated — requires Consumer Affairs price-series extraction,Not populated — Census/OGD layer to be joined,Not populated — OSM/Overpass business layer to be joined,Not populated — market/business geocoding layer to be joined,https://www.dahd.gov.in/schemes/programmes/animal-husbandry-statistics,https://www.data.gov.in/catalog/dailyweekly-retail-prices-milk,https://www.openstreetmap.org/,2026-09-28 web verification of source availability,Official,"DAHD Basic Animal Husbandry Statistics 2025, Table 35",Milk production is official government data; blank market/competition/price fields are intentionally unfilled until their respective source datasets are joined.,61.45,57.6299,3.8201000000000036,All-India average; NOT local market price,2026-09-28,Department of Consumer Affairs - Price Monitoring System,REAL_OFFICIAL_REFERENCE
IN-DAIRY-0017,17,India,Assam,,,State/UT,2020-21,2020-21,Milk,Milk,954.07,000 tonnes,3.71,YoY growth (%),3.04,,,,,,,,5,,,Pending local-data join,,,0,Not populated — needs local population/consumption/transactions,Not populated — needs OSM/Overpass or verified business directory,Not populated — government milk price series is separate,NOT LOCAL-MARKET COMPLETE,Cannot calculate until local competitors + local demand + local price are joined,"Join local competitor, population/demand and current price layers before scoring market gap",Official government — DAHD BAHS 2025,Missing,Official — DAHD BAHS 2025 Table 35,Not populated — requires Consumer Affairs price-series extraction,Not populated — Census/OGD layer to be joined,Not populated — OSM/Overpass business layer to be joined,Not populated — market/business geocoding layer to be joined,https://www.dahd.gov.in/schemes/programmes/animal-husbandry-statistics,https://www.data.gov.in/catalog/dailyweekly-retail-prices-milk,https://www.openstreetmap.org/,2026-09-28 web verification of source availability,Official,"DAHD Basic Animal Husbandry Statistics 2025, Table 35",Milk production is official government data; blank market/competition/price fields are intentionally unfilled until their respective source datasets are joined.,61.45,57.6299,3.8201000000000036,All-India average; NOT local market price,2026-09-28,Department of Consumer Affairs - Price Monitoring System,REAL_OFFICIAL_REFERENCE
IN-DAIRY-0018,18,India,Assam,,,State/UT,2021-22,2021-22,Milk,Milk,982.02,000 tonnes,2.93,YoY growth (%),2.9,,,,,,,,5,,,Pending local-data join,,,0,Not populated — needs local population/consumption/transactions,Not populated — needs OSM/Overpass or verified business directory,Not populated — government milk price series is separate,NOT LOCAL-MARKET COMPLETE,Cannot calculate until local competitors + local demand + local price are joined,"Join local competitor, population/demand and current price layers before scoring market gap",Official government — DAHD BAHS 2025,Missing,Official — DAHD BAHS 2025 Table 35,Not populated — requires Consumer Affairs price-series extraction,Not populated — Census/OGD layer to be joined,Not populated — OSM/Overpass business layer to be joined,Not populated — market/business geocoding layer to be joined,https://www.dahd.gov.in/schemes/programmes/animal-husbandry-statistics,https://www.data.gov.in/catalog/dailyweekly-retail-prices-milk,https://www.openstreetmap.org/,2026-09-28 web verification of source availability,Official,"DAHD Basic Animal Husbandry Statistics 2025, Table 35",Milk production is official government data; blank market/competition/price fields are intentionally unfilled until their respective source datasets are joined.,61.45,57.6299,3.8201000000000036,All-India average; NOT local market price,2026-09-28,Department of Consumer Affairs - Price Monitoring System,REAL_OFFICIAL_REFERENCE
IN-DAIRY-0019,19,India,Assam,,,State/UT,2022-23,2022-23,Milk,Milk,1006.42,000 tonnes,2.48,YoY growth (%),2.78,,,,,,,,5,,,Pending local-data join,,,0,Not populated — needs local population/consumption/transactions,Not populated — needs OSM/Overpass or verified business directory,Not populated — government milk price series is separate,NOT LOCAL-MARKET COMPLETE,Cannot calculate until local competitors + local demand + local price are joined,"Join local competitor, population/demand and current price layers before scoring market gap",Official government — DAHD BAHS 2025,Missing,Official — DAHD BAHS 2025 Table 35,Not populated — requires Consumer Affairs price-series extraction,Not populated — Census/OGD layer to be joined,Not populated — OSM/Overpass business layer to be joined,Not populated — market/business geocoding layer to be joined,https://www.dahd.gov.in/schemes/programmes/animal-husbandry-statistics,https://www.data.gov.in/catalog/dailyweekly-retail-prices-milk,https://www.openstreetmap.org/,2026-09-28 web verification of source availability,Official,"DAHD Basic Animal Husbandry Statistics 2025, Table 35",Milk production is official government data; blank market/competition/price fields are intentionally unfilled until their respective source datasets are joined.,61.45,57.6299,3.8201000000000036,All-India average; NOT local market price,2026-09-28,Department of Consumer Affairs - Price Monitoring System,REAL_OFFICIAL_REFERENCE
IN-DAIRY-0020,20,India,Assam,,,State/UT,2023-24,2023-24,Milk,Milk,1092.23,000 tonnes,8.53,YoY growth (%),2.82,,,,,,,,5,,,Pending local-data join,,,0,Not populated — needs local population/consumption/transactions,Not populated — needs OSM/Overpass or verified business directory,Not populated — government milk price series is separate,NOT LOCAL-MARKET COMPLETE,Cannot calculate until local competitors + local demand + local price are joined,"Join local competitor, population/demand and current price layers before scoring market gap",Official government — DAHD BAHS 2025,Missing,Official — DAHD BAHS 2025 Table 35,Not populated — requires Consumer Affairs price-series extraction,Not populated — Census/OGD layer to be joined,Not populated — OSM/Overpass business layer to be joined,Not populated — market/business geocoding layer to be joined,https://www.dahd.gov.in/schemes/programmes/animal-husbandry-statistics,https://www.data.gov.in/catalog/dailyweekly-retail-prices-milk,https://www.openstreetmap.org/,2026-09-28 web verification of source availability,Official,"DAHD Basic Animal Husbandry Statistics 2025, Table 35",Milk production is official government data; blank market/competition/price fields are intentionally unfilled until their respective source datasets are joined.,61.45,57.6299,3.8201000000000036,All-India average; NOT local market price,2026-09-28,Department of Consumer Affairs - Price Monitoring System,REAL_OFFICIAL_REFERENCE
IN-DAIRY-0021,21,India,Assam,,,State/UT,2024-25,2024-25,Milk,Milk,1224.08,000 tonnes,12.07,YoY growth (%),3.15,,,,,,,,5,,,Pending local-data join,,,0,Not populated — needs local population/consumption/transactions,Not populated — needs OSM/Overpass or verified business directory,Not populated — government milk price series is separate,NOT LOCAL-MARKET COMPLETE,Cannot calculate until local competitors + local demand + local price are joined,"Join local competitor, population/demand and current price layers before scoring market gap",Official government — DAHD BAHS 2025,Missing,Official — DAHD BAHS 2025 Table 35,Not populated — requires Consumer Affairs price-series extraction,Not populated — Census/OGD layer to be joined,Not populated — OSM/Overpass business layer to be joined,Not populated — market/business geocoding layer to be joined,https://www.dahd.gov.in/schemes/programmes/animal-husbandry-statistics,https://www.data.gov.in/catalog/dailyweekly-retail-prices-milk,https://www.openstreetmap.org/,2026-09-28 web verification of source availability,Official,"DAHD Basic Animal Husbandry Statistics 2025, Table 35",Milk production is official government data; blank market/competition/price fields are intentionally unfilled until their respective source datasets are joined.,61.45,57.6299,3.8201000000000036,All-India average; NOT local market price,2026-09-28,Department of Consumer Affairs - Price Monitoring System,REAL_OFFICIAL_REFERENCE
IN-DAIRY-0022,22,India,Bihar,,,State/UT,2018-19,2018-19,Milk,Milk,9818.1,000 tonnes,,YoY growth (%),32.17,,,,,,,,5,,,Pending local-data join,,,0,Not populated — needs local population/consumption/transactions,Not populated — needs OSM/Overpass or verified business directory,Not populated — government milk price series is separate,NOT LOCAL-MARKET COMPLETE,Cannot calculate until local competitors + local demand + local price are joined,"Join local competitor, population/demand and current price layers before scoring market gap",Official government — DAHD BAHS 2025,Missing,Official — DAHD BAHS 2025 Table 35,Not populated — requires Consumer Affairs price-series extraction,Not populated — Census/OGD layer to be joined,Not populated — OSM/Overpass business layer to be joined,Not populated — market/business geocoding layer to be joined,https://www.dahd.gov.in/schemes/programmes/animal-husbandry-statistics,https://www.data.gov.in/catalog/dailyweekly-retail-prices-milk,https://www.openstreetmap.org/,2026-09-28 web verification of source availability,Official,"DAHD Basic Animal Husbandry Statistics 2025, Table 35",Milk production is official government data; blank market/competition/price fields are intentionally unfilled until their respective source datasets are joined.,61.45,57.6299,3.8201000000000036,All-India average; NOT local market price,2026-09-28,Department of Consumer Affairs - Price Monitoring System,REAL_OFFICIAL_REFERENCE
IN-DAIRY-0023,23,India,Bihar,,,State/UT,2019-20,2019-20,Milk,Milk,10480.33,000 tonnes,6.74,YoY growth (%),32.89,,,,,,,,5,,,Pending local-data join,,,0,Not populated — needs local population/consumption/transactions,Not populated — needs OSM/Overpass or verified business directory,Not populated — government milk price series is separate,NOT LOCAL-MARKET COMPLETE,Cannot calculate until local competitors + local demand + local price are joined,"Join local competitor, population/demand and current price layers before scoring market gap",Official government — DAHD BAHS 2025,Missing,Official — DAHD BAHS 2025 Table 35,Not populated — requires Consumer Affairs price-series extraction,Not populated — Census/OGD layer to be joined,Not populated — OSM/Overpass business layer to be joined,Not populated — market/business geocoding layer to be joined,https://www.dahd.gov.in/schemes/programmes/animal-husbandry-statistics,https://www.data.gov.in/catalog/dailyweekly-retail-prices-milk,https://www.openstreetmap.org/,2026-09-28 web verification of source availability,Official,"DAHD Basic Animal Husbandry Statistics 2025, Table 35",Milk production is official government data; blank market/competition/price fields are intentionally unfilled until their respective source datasets are joined.,61.45,57.6299,3.8201000000000036,All-India average; NOT local market price,2026-09-28,Department of Consumer Affairs - Price Monitoring System,REAL_OFFICIAL_REFERENCE
IN-DAIRY-0024,24,India,Bihar,,,State/UT,2020-21,2020-21,Milk,Milk,11501.58,000 tonnes,9.74,YoY growth (%),36.67,,,,,,,,5,,,Pending local-data join,,,0,Not populated — needs local population/consumption/transactions,Not populated — needs OSM/Overpass or verified business directory,Not populated — government milk price series is separate,NOT LOCAL-MARKET COMPLETE,Cannot calculate until local competitors + local demand + local price are joined,"Join local competitor, population/demand and current price layers before scoring market gap",Official government — DAHD BAHS 2025,Missing,Official — DAHD BAHS 2025 Table 35,Not populated — requires Consumer Affairs price-series extraction,Not populated — Census/OGD layer to be joined,Not populated — OSM/Overpass business layer to be joined,Not populated — market/business geocoding layer to be joined,https://www.dahd.gov.in/schemes/programmes/animal-husbandry-statistics,https://www.data.gov.in/catalog/dailyweekly-retail-prices-milk,https://www.openstreetmap.org/,2026-09-28 web verification of source availability,Official,"DAHD Basic Animal Husbandry Statistics 2025, Table 35",Milk production is official government data; blank market/competition/price fields are intentionally unfilled until their respective source datasets are joined.,61.45,57.6299,3.8201000000000036,All-India average; NOT local market price,2026-09-28,Department of Consumer Affairs - Price Monitoring System,REAL_OFFICIAL_REFERENCE
IN-DAIRY-0025,25,India,Bihar,,,State/UT,2021-22,2021-22,Milk,Milk,12252.53,000 tonnes,6.53,YoY growth (%),36.17,,,,,,,,5,,,Pending local-data join,,,0,Not populated — needs local population/consumption/transactions,Not populated — needs OSM/Overpass or verified business directory,Not populated — government milk price series is separate,NOT LOCAL-MARKET COMPLETE,Cannot calculate until local competitors + local demand + local price are joined,"Join local competitor, population/demand and current price layers before scoring market gap",Official government — DAHD BAHS 2025,Missing,Official — DAHD BAHS 2025 Table 35,Not populated — requires Consumer Affairs price-series extraction,Not populated — Census/OGD layer to be joined,Not populated — OSM/Overpass business layer to be joined,Not populated — market/business geocoding layer to be joined,https://www.dahd.gov.in/schemes/programmes/animal-husbandry-statistics,https://www.data.gov.in/catalog/dailyweekly-retail-prices-milk,https://www.openstreetmap.org/,2026-09-28 web verification of source availability,Official,"DAHD Basic Animal Husbandry Statistics 2025, Table 35",Milk production is official government data; blank market/competition/price fields are intentionally unfilled until their respective source datasets are joined.,61.45,57.6299,3.8201000000000036,All-India average; NOT local market price,2026-09-28,Department of Consumer Affairs - Price Monitoring System,REAL_OFFICIAL_REFERENCE
IN-DAIRY-0026,26,India,Bihar,,,State/UT,2022-23,2022-23,Milk,Milk,12502.7,000 tonnes,2.04,YoY growth (%),34.5,,,,,,,,5,,,Pending local-data join,,,0,Not populated — needs local population/consumption/transactions,Not populated — needs OSM/Overpass or verified business directory,Not populated — government milk price series is separate,NOT LOCAL-MARKET COMPLETE,Cannot calculate until local competitors + local demand + local price are joined,"Join local competitor, population/demand and current price layers before scoring market gap",Official government — DAHD BAHS 2025,Missing,Official — DAHD BAHS 2025 Table 35,Not populated — requires Consumer Affairs price-series extraction,Not populated — Census/OGD layer to be joined,Not populated — OSM/Overpass business layer to be joined,Not populated — market/business geocoding layer to be joined,https://www.dahd.gov.in/schemes/programmes/animal-husbandry-statistics,https://www.data.gov.in/catalog/dailyweekly-retail-prices-milk,https://www.openstreetmap.org/,2026-09-28 web verification of source availability,Official,"DAHD Basic Animal Husbandry Statistics 2025, Table 35",Milk production is official government data; blank market/competition/price fields are intentionally unfilled until their respective source datasets are joined.,61.45,57.6299,3.8201000000000036,All-India average; NOT local market price,2026-09-28,Department of Consumer Affairs - Price Monitoring System,REAL_OFFICIAL_REFERENCE
IN-DAIRY-0027,27,India,Bihar,,,State/UT,2023-24,2023-24,Milk,Milk,12852.99,000 tonnes,2.8,YoY growth (%),33.14,,,,,,,,5,,,Pending local-data join,,,0,Not populated — needs local population/consumption/transactions,Not populated — needs OSM/Overpass or verified business directory,Not populated — government milk price series is separate,NOT LOCAL-MARKET COMPLETE,Cannot calculate until local competitors + local demand + local price are joined,"Join local competitor, population/demand and current price layers before scoring market gap",Official government — DAHD BAHS 2025,Missing,Official — DAHD BAHS 2025 Table 35,Not populated — requires Consumer Affairs price-series extraction,Not populated — Census/OGD layer to be joined,Not populated — OSM/Overpass business layer to be joined,Not populated — market/business geocoding layer to be joined,https://www.dahd.gov.in/schemes/programmes/animal-husbandry-statistics,https://www.data.gov.in/catalog/dailyweekly-retail-prices-milk,https://www.openstreetmap.org/,2026-09-28 web verification of source availability,Official,"DAHD Basic Animal Husbandry Statistics 2025, Table 35",Milk production is official government data; blank market/competition/price fields are intentionally unfilled until their respective source datasets are joined.,61.45,57.6299,3.8201000000000036,All-India average; NOT local market price,2026-09-28,Department of Consumer Affairs - Price Monitoring System,REAL_OFFICIAL_REFERENCE
IN-DAIRY-0028,28,India,Bihar,,,State/UT,2024-25,2024-25,Milk,Milk,13397.69,000 tonnes,4.24,YoY growth (%),34.52,,,,,,,,5,,,Pending local-data join,,,0,Not populated — needs local population/consumption/transactions,Not populated — needs OSM/Overpass or verified business directory,Not populated — government milk price series is separate,NOT LOCAL-MARKET COMPLETE,Cannot calculate until local competitors + local demand + local price are joined,"Join local competitor, population/demand and current price layers before scoring market gap",Official government — DAHD BAHS 2025,Missing,Official — DAHD BAHS 2025 Table 35,Not populated — requires Consumer Affairs price-series extraction,Not populated — Census/OGD layer to be joined,Not populated — OSM/Overpass business layer to be joined,Not populated — market/business geocoding layer to be joined,https://www.dahd.gov.in/schemes/programmes/animal-husbandry-statistics,https://www.data.gov.in/catalog/dailyweekly-retail-prices-milk,https://www.openstreetmap.org/,2026-09-28 web verification of source availability,Official,"DAHD Basic Animal Husbandry Statistics 2025, Table 35",Milk production is official government data; blank market/competition/price fields are intentionally unfilled until their respective source datasets are joined.,61.45,57.6299,3.8201000000000036,All-India average; NOT local market price,2026-09-28,Department of Consumer Affairs - Price Monitoring System,REAL_OFFICIAL_REFERENCE
IN-DAIRY-0029,29,India,Chhattisgarh,,,State/UT,2018-19,2018-19,Milk,Milk,1566.88,000 tonnes,,YoY growth (%),5.13,,,,,,,,5,,,Pending local-data join,,,0,Not populated — needs local population/consumption/transactions,Not populated — needs OSM/Overpass or verified business directory,Not populated — government milk price series is separate,NOT LOCAL-MARKET COMPLETE,Cannot calculate until local competitors + local demand + local price are joined,"Join local competitor, population/demand and current price layers before scoring market gap",Official government — DAHD BAHS 2025,Missing,Official — DAHD BAHS 2025 Table 35,Not populated — requires Consumer Affairs price-series extraction,Not populated — Census/OGD layer to be joined,Not populated — OSM/Overpass business layer to be joined,Not populated — market/business geocoding layer to be joined,https://www.dahd.gov.in/schemes/programmes/animal-husbandry-statistics,https://www.data.gov.in/catalog/dailyweekly-retail-prices-milk,https://www.openstreetmap.org/,2026-09-28 web verification of source availability,Official,"DAHD Basic Animal Husbandry Statistics 2025, Table 35",Milk production is official government data; blank market/competition/price fields are intentionally unfilled until their respective source datasets are joined.,61.45,57.6299,3.8201000000000036,All-India average; NOT local market price,2026-09-28,Department of Consumer Affairs - Price Monitoring System,REAL_OFFICIAL_REFERENCE
IN-DAIRY-0030,30,India,Chhattisgarh,,,State/UT,2019-20,2019-20,Milk,Milk,1675.56,000 tonnes,6.94,YoY growth (%),5.25,,,,,,,,5,,,Pending local-data join,,,0,Not populated — needs local population/consumption/transactions,Not populated — needs OSM/Overpass or verified business directory,Not populated — government milk price series is separate,NOT LOCAL-MARKET COMPLETE,Cannot calculate until local competitors + local demand + local price are joined,"Join local competitor, population/demand and current price layers before scoring market gap",Official government — DAHD BAHS 2025,Missing,Official — DAHD BAHS 2025 Table 35,Not populated — requires Consumer Affairs price-series extraction,Not populated — Census/OGD layer to be joined,Not populated — OSM/Overpass business layer to be joined,Not populated — market/business geocoding layer to be joined,https://www.dahd.gov.in/schemes/programmes/animal-husbandry-statistics,https://www.data.gov.in/catalog/dailyweekly-retail-prices-milk,https://www.openstreetmap.org/,2026-09-28 web verification of source availability,Official,"DAHD Basic Animal Husbandry Statistics 2025, Table 35",Milk production is official government data; blank market/competition/price fields are intentionally unfilled until their respective source datasets are joined.,61.45,57.6299,3.8201000000000036,All-India average; NOT local market price,2026-09-28,Department of Consumer Affairs - Price Monitoring System,REAL_OFFICIAL_REFERENCE
IN-DAIRY-0031,31,India,Chhattisgarh,,,State/UT,2020-21,2020-21,Milk,Milk,1747.28,000 tonnes,4.28,YoY growth (%),5.57,,,,,,,,5,,,Pending local-data join,,,0,Not populated — needs local population/consumption/transactions,Not populated — needs OSM/Overpass or verified business directory,Not populated — government milk price series is separate,NOT LOCAL-MARKET COMPLETE,Cannot calculate until local competitors + local demand + local price are joined,"Join local competitor, population/demand and current price layers before scoring market gap",Official government — DAHD BAHS 2025,Missing,Official — DAHD BAHS 2025 Table 35,Not populated — requires Consumer Affairs price-series extraction,Not populated — Census/OGD layer to be joined,Not populated — OSM/Overpass business layer to be joined,Not populated — market/business geocoding layer to be joined,https://www.dahd.gov.in/schemes/programmes/animal-husbandry-statistics,https://www.data.gov.in/catalog/dailyweekly-retail-prices-milk,https://www.openstreetmap.org/,2026-09-28 web verification of source availability,Official,"DAHD Basic Animal Husbandry Statistics 2025, Table 35",Milk production is official government data; blank market/competition/price fields are intentionally unfilled until their respective source datasets are joined.,61.45,57.6299,3.8201000000000036,All-India average; NOT local market price,2026-09-28,Department of Consumer Affairs - Price Monitoring System,REAL_OFFICIAL_REFERENCE
IN-DAIRY-0032,32,India,Chhattisgarh,,,State/UT,2021-22,2021-22,Milk,Milk,1848.35,000 tonnes,5.78,YoY growth (%),5.46,,,,,,,,5,,,Pending local-data join,,,0,Not populated — needs local population/consumption/transactions,Not populated — needs OSM/Overpass or verified business directory,Not populated — government milk price series is separate,NOT LOCAL-MARKET COMPLETE,Cannot calculate until local competitors + local demand + local price are joined,"Join local competitor, population/demand and current price layers before scoring market gap",Official government — DAHD BAHS 2025,Missing,Official — DAHD BAHS 2025 Table 35,Not populated — requires Consumer Affairs price-series extraction,Not populated — Census/OGD layer to be joined,Not populated — OSM/Overpass business layer to be joined,Not populated — market/business geocoding layer to be joined,https://www.dahd.gov.in/schemes/programmes/animal-husbandry-statistics,https://www.data.gov.in/catalog/dailyweekly-retail-prices-milk,https://www.openstreetmap.org/,2026-09-28 web verification of source availability,Official,"DAHD Basic Animal Husbandry Statistics 2025, Table 35",Milk production is official government data; blank market/competition/price fields are intentionally unfilled until their respective source datasets are joined.,61.45,57.6299,3.8201000000000036,All-India average; NOT local market price,2026-09-28,Department of Consumer Affairs - Price Monitoring System,REAL_OFFICIAL_REFERENCE
IN-DAIRY-0033,33,India,Chhattisgarh,,,State/UT,2022-23,2022-23,Milk,Milk,1955.51,000 tonnes,5.8,YoY growth (%),5.39,,,,,,,,5,,,Pending local-data join,,,0,Not populated — needs local population/consumption/transactions,Not populated — needs OSM/Overpass or verified business directory,Not populated — government milk price series is separate,NOT LOCAL-MARKET COMPLETE,Cannot calculate until local competitors + local demand + local price are joined,"Join local competitor, population/demand and current price layers before scoring market gap",Official government — DAHD BAHS 2025,Missing,Official — DAHD BAHS 2025 Table 35,Not populated — requires Consumer Affairs price-series extraction,Not populated — Census/OGD layer to be joined,Not populated — OSM/Overpass business layer to be joined,Not populated — market/business geocoding layer to be joined,https://www.dahd.gov.in/schemes/programmes/animal-husbandry-statistics,https://www.data.gov.in/catalog/dailyweekly-retail-prices-milk,https://www.openstreetmap.org/,2026-09-28 web verification of source availability,Official,"DAHD Basic Animal Husbandry Statistics 2025, Table 35",Milk production is official government data; blank market/competition/price fields are intentionally unfilled until their respective source datasets are joined.,61.45,57.6299,3.8201000000000036,All-India average; NOT local market price,2026-09-28,Department of Consumer Affairs - Price Monitoring System,REAL_OFFICIAL_REFERENCE
IN-DAIRY-0034,34,India,Chhattisgarh,,,State/UT,2023-24,2023-24,Milk,Milk,2124.03,000 tonnes,8.62,YoY growth (%),5.48,,,,,,,,5,,,Pending local-data join,,,0,Not populated — needs local population/consumption/transactions,Not populated — needs OSM/Overpass or verified business directory,Not populated — government milk price series is separate,NOT LOCAL-MARKET COMPLETE,Cannot calculate until local competitors + local demand + local price are joined,"Join local competitor, population/demand and current price layers before scoring market gap",Official government — DAHD BAHS 2025,Missing,Official — DAHD BAHS 2025 Table 35,Not populated — requires Consumer Affairs price-series extraction,Not populated — Census/OGD layer to be joined,Not populated — OSM/Overpass business layer to be joined,Not populated — market/business geocoding layer to be joined,https://www.dahd.gov.in/schemes/programmes/animal-husbandry-statistics,https://www.data.gov.in/catalog/dailyweekly-retail-prices-milk,https://www.openstreetmap.org/,2026-09-28 web verification of source availability,Official,"DAHD Basic Animal Husbandry Statistics 2025, Table 35",Milk production is official government data; blank market/competition/price fields are intentionally unfilled until their respective source datasets are joined.,61.45,57.6299,3.8201000000000036,All-India average; NOT local market price,2026-09-28,Department of Consumer Affairs - Price Monitoring System,REAL_OFFICIAL_REFERENCE
IN-DAIRY-0035,35,India,Chhattisgarh,,,State/UT,2024-25,2024-25,Milk,Milk,2162.16,000 tonnes,1.8,YoY growth (%),5.57,,,,,,,,5,,,Pending local-data join,,,0,Not populated — needs local population/consumption/transactions,Not populated — needs OSM/Overpass or verified business directory,Not populated — government milk price series is separate,NOT LOCAL-MARKET COMPLETE,Cannot calculate until local competitors + local demand + local price are joined,"Join local competitor, population/demand and current price layers before scoring market gap",Official government — DAHD BAHS 2025,Missing,Official — DAHD BAHS 2025 Table 35,Not populated — requires Consumer Affairs price-series extraction,Not populated — Census/OGD layer to be joined,Not populated — OSM/Overpass business layer to be joined,Not populated — market/business geocoding layer to be joined,https://www.dahd.gov.in/schemes/programmes/animal-husbandry-statistics,https://www.data.gov.in/catalog/dailyweekly-retail-prices-milk,https://www.openstreetmap.org/,2026-09-28 web verification of source availability,Official,"DAHD Basic Animal Husbandry Statistics 2025, Table 35",Milk production is official government data; blank market/competition/price fields are intentionally unfilled until their respective source datasets are joined.,61.45,57.6299,3.8201000000000036,All-India average; NOT local market price,2026-09-28,Department of Consumer Affairs - Price Monitoring System,REAL_OFFICIAL_REFERENCE
IN-DAIRY-0036,36,India,Goa,,,State/UT,2018-19,2018-19,Milk,Milk,57.17,000 tonnes,,YoY growth (%),0.18,,,,,,,,5,,,Pending local-data join,,,0,Not populated — needs local population/consumption/transactions,Not populated — needs OSM/Overpass or verified business directory,Not populated — government milk price series is separate,NOT LOCAL-MARKET COMPLETE,Cannot calculate until local competitors + local demand + local price are joined,"Join local competitor, population/demand and current price layers before scoring market gap",Official government — DAHD BAHS 2025,Missing,Official — DAHD BAHS 2025 Table 35,Not populated — requires Consumer Affairs price-series extraction,Not populated — Census/OGD layer to be joined,Not populated — OSM/Overpass business layer to be joined,Not populated — market/business geocoding layer to be joined,https://www.dahd.gov.in/schemes/programmes/animal-husbandry-statistics,https://www.data.gov.in/catalog/dailyweekly-retail-prices-milk,https://www.openstreetmap.org/,2026-09-28 web verification of source availability,Official,"DAHD Basic Animal Husbandry Statistics 2025, Table 35",Milk production is official government data; blank market/competition/price fields are intentionally unfilled until their respective source datasets are joined.,61.45,57.6299,3.8201000000000036,All-India average; NOT local market price,2026-09-28,Department of Consumer Affairs - Price Monitoring System,REAL_OFFICIAL_REFERENCE
IN-DAIRY-0037,37,India,Goa,,,State/UT,2019-20,2019-20,Milk,Milk,61.43,000 tonnes,7.45,YoY growth (%),0.19,,,,,,,,5,,,Pending local-data join,,,0,Not populated — needs local population/consumption/transactions,Not populated — needs OSM/Overpass or verified business directory,Not populated — government milk price series is separate,NOT LOCAL-MARKET COMPLETE,Cannot calculate until local competitors + local demand + local price are joined,"Join local competitor, population/demand and current price layers before scoring market gap",Official government — DAHD BAHS 2025,Missing,Official — DAHD BAHS 2025 Table 35,Not populated — requires Consumer Affairs price-series extraction,Not populated — Census/OGD layer to be joined,Not populated — OSM/Overpass business layer to be joined,Not populated — market/business geocoding layer to be joined,https://www.dahd.gov.in/schemes/programmes/animal-husbandry-statistics,https://www.data.gov.in/catalog/dailyweekly-retail-prices-milk,https://www.openstreetmap.org/,2026-09-28 web verification of source availability,Official,"DAHD Basic Animal Husbandry Statistics 2025, Table 35",Milk production is official government data; blank market/competition/price fields are intentionally unfilled until their respective source datasets are joined.,61.45,57.6299,3.8201000000000036,All-India average; NOT local market price,2026-09-28,Department of Consumer Affairs - Price Monitoring System,REAL_OFFICIAL_REFERENCE
IN-DAIRY-0038,38,India,Goa,,,State/UT,2020-21,2020-21,Milk,Milk,60.14,000 tonnes,-2.1,YoY growth (%),0.19,,,,,,,,5,,,Pending local-data join,,,0,Not populated — needs local population/consumption/transactions,Not populated — needs OSM/Overpass or verified business directory,Not populated — government milk price series is separate,NOT LOCAL-MARKET COMPLETE,Cannot calculate until local competitors + local demand + local price are joined,"Join local competitor, population/demand and current price layers before scoring market gap",Official government — DAHD BAHS 2025,Missing,Official — DAHD BAHS 2025 Table 35,Not populated — requires Consumer Affairs price-series extraction,Not populated — Census/OGD layer to be joined,Not populated — OSM/Overpass business layer to be joined,Not populated — market/business geocoding layer to be joined,https://www.dahd.gov.in/schemes/programmes/animal-husbandry-statistics,https://www.data.gov.in/catalog/dailyweekly-retail-prices-milk,https://www.openstreetmap.org/,2026-09-28 web verification of source availability,Official,"DAHD Basic Animal Husbandry Statistics 2025, Table 35",Milk production is official government data; blank market/competition/price fields are intentionally unfilled until their respective source datasets are joined.,61.45,57.6299,3.8201000000000036,All-India average; NOT local market price,2026-09-28,Department of Consumer Affairs - Price Monitoring System,REAL_OFFICIAL_REFERENCE
IN-DAIRY-0039,39,India,Goa,,,State/UT,2021-22,2021-22,Milk,Milk,63.21,000 tonnes,5.1,YoY growth (%),0.19,,,,,,,,5,,,Pending local-data join,,,0,Not populated — needs local population/consumption/transactions,Not populated — needs OSM/Overpass or verified business directory,Not populated — government milk price series is separate,NOT LOCAL-MARKET COMPLETE,Cannot calculate until local competitors + local demand + local price are joined,"Join local competitor, population/demand and current price layers before scoring market gap",Official government — DAHD BAHS 2025,Missing,Official — DAHD BAHS 2025 Table 35,Not populated — requires Consumer Affairs price-series extraction,Not populated — Census/OGD layer to be joined,Not populated — OSM/Overpass business layer to be joined,Not populated — market/business geocoding layer to be joined,https://www.dahd.gov.in/schemes/programmes/animal-husbandry-statistics,https://www.data.gov.in/catalog/dailyweekly-retail-prices-milk,https://www.openstreetmap.org/,2026-09-28 web verification of source availability,Official,"DAHD Basic Animal Husbandry Statistics 2025, Table 35",Milk production is official government data; blank market/competition/price fields are intentionally unfilled until their respective source datasets are joined.,61.45,57.6299,3.8201000000000036,All-India average; NOT local market price,2026-09-28,Department of Consumer Affairs - Price Monitoring System,REAL_OFFICIAL_REFERENCE
IN-DAIRY-0040,40,India,Goa,,,State/UT,2022-23,2022-23,Milk,Milk,64.18,000 tonnes,1.53,YoY growth (%),0.18,,,,,,,,5,,,Pending local-data join,,,0,Not populated — needs local population/consumption/transactions,Not populated — needs OSM/Overpass or verified business directory,Not populated — government milk price series is separate,NOT LOCAL-MARKET COMPLETE,Cannot calculate until local competitors + local demand + local price are joined,"Join local competitor, population/demand and current price layers before scoring market gap",Official government — DAHD BAHS 2025,Missing,Official — DAHD BAHS 2025 Table 35,Not populated — requires Consumer Affairs price-series extraction,Not populated — Census/OGD layer to be joined,Not populated — OSM/Overpass business layer to be joined,Not populated — market/business geocoding layer to be joined,https://www.dahd.gov.in/schemes/programmes/animal-husbandry-statistics,https://www.data.gov.in/catalog/dailyweekly-retail-prices-milk,https://www.openstreetmap.org/,2026-09-28 web verification of source availability,Official,"DAHD Basic Animal Husbandry Statistics 2025, Table 35",Milk production is official government data; blank market/competition/price fields are intentionally unfilled until their respective source datasets are joined.,61.45,57.6299,3.8201000000000036,All-India average; NOT local market price,2026-09-28,Department of Consumer Affairs - Price Monitoring System,REAL_OFFICIAL_REFERENCE
IN-DAIRY-0041,41,India,Goa,,,State/UT,2023-24,2023-24,Milk,Milk,63.66,000 tonnes,-0.81,YoY growth (%),0.16,,,,,,,,5,,,Pending local-data join,,,0,Not populated — needs local population/consumption/transactions,Not populated — needs OSM/Overpass or verified business directory,Not populated — government milk price series is separate,NOT LOCAL-MARKET COMPLETE,Cannot calculate until local competitors + local demand + local price are joined,"Join local competitor, population/demand and current price layers before scoring market gap",Official government — DAHD BAHS 2025,Missing,Official — DAHD BAHS 2025 Table 35,Not populated — requires Consumer Affairs price-series extraction,Not populated — Census/OGD layer to be joined,Not populated — OSM/Overpass business layer to be joined,Not populated — market/business geocoding layer to be joined,https://www.dahd.gov.in/schemes/programmes/animal-husbandry-statistics,https://www.data.gov.in/catalog/dailyweekly-retail-prices-milk,https://www.openstreetmap.org/,2026-09-28 web verification of source availability,Official,"DAHD Basic Animal Husbandry Statistics 2025, Table 35",Milk production is official government data; blank market/competition/price fields are intentionally unfilled until their respective source datasets are joined.,61.45,57.6299,3.8201000000000036,All-India average; NOT local market price,2026-09-28,Department of Consumer Affairs - Price Monitoring System,REAL_OFFICIAL_REFERENCE
IN-DAIRY-0042,42,India,Goa,,,State/UT,2024-25,2024-25,Milk,Milk,67.39,000 tonnes,5.86,YoY growth (%),0.17,,,,,,,,5,,,Pending local-data join,,,0,Not populated — needs local population/consumption/transactions,Not populated — needs OSM/Overpass or verified business directory,Not populated — government milk price series is separate,NOT LOCAL-MARKET COMPLETE,Cannot calculate until local competitors + local demand + local price are joined,"Join local competitor, population/demand and current price layers before scoring market gap",Official government — DAHD BAHS 2025,Missing,Official — DAHD BAHS 2025 Table 35,Not populated — requires Consumer Affairs price-series extraction,Not populated — Census/OGD layer to be joined,Not populated — OSM/Overpass business layer to be joined,Not populated — market/business geocoding layer to be joined,https://www.dahd.gov.in/schemes/programmes/animal-husbandry-statistics,https://www.data.gov.in/catalog/dailyweekly-retail-prices-milk,https://www.openstreetmap.org/,2026-09-28 web verification of source availability,Official,"DAHD Basic Animal Husbandry Statistics 2025, Table 35",Milk production is official government data; blank market/competition/price fields are intentionally unfilled until their respective source datasets are joined.,61.45,57.6299,3.8201000000000036,All-India average; NOT local market price,2026-09-28,Department of Consumer Affairs - Price Monitoring System,REAL_OFFICIAL_REFERENCE
IN-DAIRY-0043,43,India,Gujarat,,,State/UT,2018-19,2018-19,Milk,Milk,14492.77,000 tonnes,,YoY growth (%),47.49,,,,,,,,5,,,Pending local-data join,,,0,Not populated — needs local population/consumption/transactions,Not populated — needs OSM/Overpass or verified business directory,Not populated — government milk price series is separate,NOT LOCAL-MARKET COMPLETE,Cannot calculate until local competitors + local demand + local price are joined,"Join local competitor, population/demand and current price layers before scoring market gap",Official government — DAHD BAHS 2025,Missing,Official — DAHD BAHS 2025 Table 35,Not populated — requires Consumer Affairs price-series extraction,Not populated — Census/OGD layer to be joined,Not populated — OSM/Overpass business layer to be joined,Not populated — market/business geocoding layer to be joined,https://www.dahd.gov.in/schemes/programmes/animal-husbandry-statistics,https://www.data.gov.in/catalog/dailyweekly-retail-prices-milk,https://www.openstreetmap.org/,2026-09-28 web verification of source availability,Official,"DAHD Basic Animal Husbandry Statistics 2025, Table 35",Milk production is official government data; blank market/competition/price fields are intentionally unfilled until their respective source datasets are joined.,61.45,57.6299,3.8201000000000036,All-India average; NOT local market price,2026-09-28,Department of Consumer Affairs - Price Monitoring System,REAL_OFFICIAL_REFERENCE
IN-DAIRY-0044,44,India,Gujarat,,,State/UT,2019-20,2019-20,Milk,Milk,15292.35,000 tonnes,5.52,YoY growth (%),47.99,,,,,,,,5,,,Pending local-data join,,,0,Not populated — needs local population/consumption/transactions,Not populated — needs OSM/Overpass or verified business directory,Not populated — government milk price series is separate,NOT LOCAL-MARKET COMPLETE,Cannot calculate until local competitors + local demand + local price are joined,"Join local competitor, population/demand and current price layers before scoring market gap",Official government — DAHD BAHS 2025,Missing,Official — DAHD BAHS 2025 Table 35,Not populated — requires Consumer Affairs price-series extraction,Not populated — Census/OGD layer to be joined,Not populated — OSM/Overpass business layer to be joined,Not populated — market/business geocoding layer to be joined,https://www.dahd.gov.in/schemes/programmes/animal-husbandry-statistics,https://www.data.gov.in/catalog/dailyweekly-retail-prices-milk,https://www.openstreetmap.org/,2026-09-28 web verification of source availability,Official,"DAHD Basic Animal Husbandry Statistics 2025, Table 35",Milk production is official government data; blank market/competition/price fields are intentionally unfilled until their respective source datasets are joined.,61.45,57.6299,3.8201000000000036,All-India average; NOT local market price,2026-09-28,Department of Consumer Affairs - Price Monitoring System,REAL_OFFICIAL_REFERENCE
IN-DAIRY-0045,45,India,Gujarat,,,State/UT,2020-21,2020-21,Milk,Milk,15852.69,000 tonnes,3.66,YoY growth (%),50.55,,,,,,,,5,,,Pending local-data join,,,0,Not populated — needs local population/consumption/transactions,Not populated — needs OSM/Overpass or verified business directory,Not populated — government milk price series is separate,NOT LOCAL-MARKET COMPLETE,Cannot calculate until local competitors + local demand + local price are joined,"Join local competitor, population/demand and current price layers before scoring market gap",Official government — DAHD BAHS 2025,Missing,Official — DAHD BAHS 2025 Table 35,Not populated — requires Consumer Affairs price-series extraction,Not populated — Census/OGD layer to be joined,Not populated — OSM/Overpass business layer to be joined,Not populated — market/business geocoding layer to be joined,https://www.dahd.gov.in/schemes/programmes/animal-husbandry-statistics,https://www.data.gov.in/catalog/dailyweekly-retail-prices-milk,https://www.openstreetmap.org/,2026-09-28 web verification of source availability,Official,"DAHD Basic Animal Husbandry Statistics 2025, Table 35",Milk production is official government data; blank market/competition/price fields are intentionally unfilled until their respective source datasets are joined.,61.45,57.6299,3.8201000000000036,All-India average; NOT local market price,2026-09-28,Department of Consumer Affairs - Price Monitoring System,REAL_OFFICIAL_REFERENCE
IN-DAIRY-0046,46,India,Gujarat,,,State/UT,2021-22,2021-22,Milk,Milk,16722.11,000 tonnes,5.48,YoY growth (%),49.37,,,,,,,,5,,,Pending local-data join,,,0,Not populated — needs local population/consumption/transactions,Not populated — needs OSM/Overpass or verified business directory,Not populated — government milk price series is separate,NOT LOCAL-MARKET COMPLETE,Cannot calculate until local competitors + local demand + local price are joined,"Join local competitor, population/demand and current price layers before scoring market gap",Official government — DAHD BAHS 2025,Missing,Official — DAHD BAHS 2025 Table 35,Not populated — requires Consumer Affairs price-series extraction,Not populated — Census/OGD layer to be joined,Not populated — OSM/Overpass business layer to be joined,Not populated — market/business geocoding layer to be joined,https://www.dahd.gov.in/schemes/programmes/animal-husbandry-statistics,https://www.data.gov.in/catalog/dailyweekly-retail-prices-milk,https://www.openstreetmap.org/,2026-09-28 web verification of source availability,Official,"DAHD Basic Animal Husbandry Statistics 2025, Table 35",Milk production is official government data; blank market/competition/price fields are intentionally unfilled until their respective source datasets are joined.,61.45,57.6299,3.8201000000000036,All-India average; NOT local market price,2026-09-28,Department of Consumer Affairs - Price Monitoring System,REAL_OFFICIAL_REFERENCE
IN-DAIRY-0047,47,India,Gujarat,,,State/UT,2022-23,2022-23,Milk,Milk,17280.57,000 tonnes,3.34,YoY growth (%),47.68,,,,,,,,5,,,Pending local-data join,,,0,Not populated — needs local population/consumption/transactions,Not populated — needs OSM/Overpass or verified business directory,Not populated — government milk price series is separate,NOT LOCAL-MARKET COMPLETE,Cannot calculate until local competitors + local demand + local price are joined,"Join local competitor, population/demand and current price layers before scoring market gap",Official government — DAHD BAHS 2025,Missing,Official — DAHD BAHS 2025 Table 35,Not populated — requires Consumer Affairs price-series extraction,Not populated — Census/OGD layer to be joined,Not populated — OSM/Overpass business layer to be joined,Not populated — market/business geocoding layer to be joined,https://www.dahd.gov.in/schemes/programmes/animal-husbandry-statistics,https://www.data.gov.in/catalog/dailyweekly-retail-prices-milk,https://www.openstreetmap.org/,2026-09-28 web verification of source availability,Official,"DAHD Basic Animal Husbandry Statistics 2025, Table 35",Milk production is official government data; blank market/competition/price fields are intentionally unfilled until their respective source datasets are joined.,61.45,57.6299,3.8201000000000036,All-India average; NOT local market price,2026-09-28,Department of Consumer Affairs - Price Monitoring System,REAL_OFFICIAL_REFERENCE
IN-DAIRY-0048,48,India,Gujarat,,,State/UT,2023-24,2023-24,Milk,Milk,18311.8,000 tonnes,5.97,YoY growth (%),47.22,,,,,,,,5,,,Pending local-data join,,,0,Not populated — needs local population/consumption/transactions,Not populated — needs OSM/Overpass or verified business directory,Not populated — government milk price series is separate,NOT LOCAL-MARKET COMPLETE,Cannot calculate until local competitors + local demand + local price are joined,"Join local competitor, population/demand and current price layers before scoring market gap",Official government — DAHD BAHS 2025,Missing,Official — DAHD BAHS 2025 Table 35,Not populated — requires Consumer Affairs price-series extraction,Not populated — Census/OGD layer to be joined,Not populated — OSM/Overpass business layer to be joined,Not populated — market/business geocoding layer to be joined,https://www.dahd.gov.in/schemes/programmes/animal-husbandry-statistics,https://www.data.gov.in/catalog/dailyweekly-retail-prices-milk,https://www.openstreetmap.org/,2026-09-28 web verification of source availability,Official,"DAHD Basic Animal Husbandry Statistics 2025, Table 35",Milk production is official government data; blank market/competition/price fields are intentionally unfilled until their respective source datasets are joined.,61.45,57.6299,3.8201000000000036,All-India average; NOT local market price,2026-09-28,Department of Consumer Affairs - Price Monitoring System,REAL_OFFICIAL_REFERENCE
IN-DAIRY-0049,49,India,Gujarat,,,State/UT,2024-25,2024-25,Milk,Milk,19293.64,000 tonnes,5.36,YoY growth (%),49.71,,,,,,,,5,,,Pending local-data join,,,0,Not populated — needs local population/consumption/transactions,Not populated — needs OSM/Overpass or verified business directory,Not populated — government milk price series is separate,NOT LOCAL-MARKET COMPLETE,Cannot calculate until local competitors + local demand + local price are joined,"Join local competitor, population/demand and current price layers before scoring market gap",Official government — DAHD BAHS 2025,Missing,Official — DAHD BAHS 2025 Table 35,Not populated — requires Consumer Affairs price-series extraction,Not populated — Census/OGD layer to be joined,Not populated — OSM/Overpass business layer to be joined,Not populated — market/business geocoding layer to be joined,https://www.dahd.gov.in/schemes/programmes/animal-husbandry-statistics,https://www.data.gov.in/catalog/dailyweekly-retail-prices-milk,https://www.openstreetmap.org/,2026-09-28 web verification of source availability,Official,"DAHD Basic Animal Husbandry Statistics 2025, Table 35",Milk production is official government data; blank market/competition/price fields are intentionally unfilled until their respective source datasets are joined.,61.45,57.6299,3.8201000000000036,All-India average; NOT local market price,2026-09-28,Department of Consumer Affairs - Price Monitoring System,REAL_OFFICIAL_REFERENCE
IN-DAIRY-0050,50,India,Haryana,,,State/UT,2018-19,2018-19,Milk,Milk,10726.09,000 tonnes,,YoY growth (%),35.14,,,,,,,,5,,,Pending local-data join,,,0,Not populated — needs local population/consumption/transactions,Not populated — needs OSM/Overpass or verified business directory,Not populated — government milk price series is separate,NOT LOCAL-MARKET COMPLETE,Cannot calculate until local competitors + local demand + local price are joined,"Join local competitor, population/demand and current price layers before scoring market gap",Official government — DAHD BAHS 2025,Missing,Official — DAHD BAHS 2025 Table 35,Not populated — requires Consumer Affairs price-series extraction,Not populated — Census/OGD layer to be joined,Not populated — OSM/Overpass business layer to be joined,Not populated — market/business geocoding layer to be joined,https://www.dahd.gov.in/schemes/programmes/animal-husbandry-statistics,https://www.data.gov.in/catalog/dailyweekly-retail-prices-milk,https://www.openstreetmap.org/,2026-09-28 web verification of source availability,Official,"DAHD Basic Animal Husbandry Statistics 2025, Table 35",Milk production is official government data; blank market/competition/price fields are intentionally unfilled until their respective source datasets are joined.,61.45,57.6299,3.8201000000000036,All-India average; NOT local market price,2026-09-28,Department of Consumer Affairs - Price Monitoring System,REAL_OFFICIAL_REFERENCE
IN-DAIRY-0051,51,India,Haryana,,,State/UT,2019-20,2019-20,Milk,Milk,11734.72,000 tonnes,9.4,YoY growth (%),36.83,,,,,,,,5,,,Pending local-data join,,,0,Not populated — needs local population/consumption/transactions,Not populated — needs OSM/Overpass or verified business directory,Not populated — government milk price series is separate,NOT LOCAL-MARKET COMPLETE,Cannot calculate until local competitors + local demand + local price are joined,"Join local competitor, population/demand and current price layers before scoring market gap",Official government — DAHD BAHS 2025,Missing,Official — DAHD BAHS 2025 Table 35,Not populated — requires Consumer Affairs price-series extraction,Not populated — Census/OGD layer to be joined,Not populated — OSM/Overpass business layer to be joined,Not populated — market/business geocoding layer to be joined,https://www.dahd.gov.in/schemes/programmes/animal-husbandry-statistics,https://www.data.gov.in/catalog/dailyweekly-retail-prices-milk,https://www.openstreetmap.org/,2026-09-28 web verification of source availability,Official,"DAHD Basic Animal Husbandry Statistics 2025, Table 35",Milk production is official government data; blank market/competition/price fields are intentionally unfilled until their respective source datasets are joined.,61.45,57.6299,3.8201000000000036,All-India average; NOT local market price,2026-09-28,Department of Consumer Affairs - Price Monitoring System,REAL_OFFICIAL_REFERENCE
IN-DAIRY-0052,52,India,Haryana,,,State/UT,2020-21,2020-21,Milk,Milk,11283.55,000 tonnes,-3.84,YoY growth (%),35.98,,,,,,,,5,,,Pending local-data join,,,0,Not populated — needs local population/consumption/transactions,Not populated — needs OSM/Overpass or verified business directory,Not populated — government milk price series is separate,NOT LOCAL-MARKET COMPLETE,Cannot calculate until local competitors + local demand + local price are joined,"Join local competitor, population/demand and current price layers before scoring market gap",Official government — DAHD BAHS 2025,Missing,Official — DAHD BAHS 2025 Table 35,Not populated — requires Consumer Affairs price-series extraction,Not populated — Census/OGD layer to be joined,Not populated — OSM/Overpass business layer to be joined,Not populated — market/business geocoding layer to be joined,https://www.dahd.gov.in/schemes/programmes/animal-husbandry-statistics,https://www.data.gov.in/catalog/dailyweekly-retail-prices-milk,https://www.openstreetmap.org/,2026-09-28 web verification of source availability,Official,"DAHD Basic Animal Husbandry Statistics 2025, Table 35",Milk production is official government data; blank market/competition/price fields are intentionally unfilled until their respective source datasets are joined.,61.45,57.6299,3.8201000000000036,All-India average; NOT local market price,2026-09-28,Department of Consumer Affairs - Price Monitoring System,REAL_OFFICIAL_REFERENCE
IN-DAIRY-0053,53,India,Haryana,,,State/UT,2021-22,2021-22,Milk,Milk,11629.52,000 tonnes,3.07,YoY growth (%),34.33,,,,,,,,5,,,Pending local-data join,,,0,Not populated — needs local population/consumption/transactions,Not populated — needs OSM/Overpass or verified business directory,Not populated — government milk price series is separate,NOT LOCAL-MARKET COMPLETE,Cannot calculate until local competitors + local demand + local price are joined,"Join local competitor, population/demand and current price layers before scoring market gap",Official government — DAHD BAHS 2025,Missing,Official — DAHD BAHS 2025 Table 35,Not populated — requires Consumer Affairs price-series extraction,Not populated — Census/OGD layer to be joined,Not populated — OSM/Overpass business layer to be joined,Not populated — market/business geocoding layer to be joined,https://www.dahd.gov.in/schemes/programmes/animal-husbandry-statistics,https://www.data.gov.in/catalog/dailyweekly-retail-prices-milk,https://www.openstreetmap.org/,2026-09-28 web verification of source availability,Official,"DAHD Basic Animal Husbandry Statistics 2025, Table 35",Milk production is official government data; blank market/competition/price fields are intentionally unfilled until their respective source datasets are joined.,61.45,57.6299,3.8201000000000036,All-India average; NOT local market price,2026-09-28,Department of Consumer Affairs - Price Monitoring System,REAL_OFFICIAL_REFERENCE
IN-DAIRY-0054,54,India,Haryana,,,State/UT,2022-23,2022-23,Milk,Milk,11965.79,000 tonnes,2.89,YoY growth (%),33.02,,,,,,,,5,,,Pending local-data join,,,0,Not populated — needs local population/consumption/transactions,Not populated — needs OSM/Overpass or verified business directory,Not populated — government milk price series is separate,NOT LOCAL-MARKET COMPLETE,Cannot calculate until local competitors + local demand + local price are joined,"Join local competitor, population/demand and current price layers before scoring market gap",Official government — DAHD BAHS 2025,Missing,Official — DAHD BAHS 2025 Table 35,Not populated — requires Consumer Affairs price-series extraction,Not populated — Census/OGD layer to be joined,Not populated — OSM/Overpass business layer to be joined,Not populated — market/business geocoding layer to be joined,https://www.dahd.gov.in/schemes/programmes/animal-husbandry-statistics,https://www.data.gov.in/catalog/dailyweekly-retail-prices-milk,https://www.openstreetmap.org/,2026-09-28 web verification of source availability,Official,"DAHD Basic Animal Husbandry Statistics 2025, Table 35",Milk production is official government data; blank market/competition/price fields are intentionally unfilled until their respective source datasets are joined.,61.45,57.6299,3.8201000000000036,All-India average; NOT local market price,2026-09-28,Department of Consumer Affairs - Price Monitoring System,REAL_OFFICIAL_REFERENCE
IN-DAIRY-0055,55,India,Haryana,,,State/UT,2023-24,2023-24,Milk,Milk,12220.2,000 tonnes,2.13,YoY growth (%),31.51,,,,,,,,5,,,Pending local-data join,,,0,Not populated — needs local population/consumption/transactions,Not populated — needs OSM/Overpass or verified business directory,Not populated — government milk price series is separate,NOT LOCAL-MARKET COMPLETE,Cannot calculate until local competitors + local demand + local price are joined,"Join local competitor, population/demand and current price layers before scoring market gap",Official government — DAHD BAHS 2025,Missing,Official — DAHD BAHS 2025 Table 35,Not populated — requires Consumer Affairs price-series extraction,Not populated — Census/OGD layer to be joined,Not populated — OSM/Overpass business layer to be joined,Not populated — market/business geocoding layer to be joined,https://www.dahd.gov.in/schemes/programmes/animal-husbandry-statistics,https://www.data.gov.in/catalog/dailyweekly-retail-prices-milk,https://www.openstreetmap.org/,2026-09-28 web verification of source availability,Official,"DAHD Basic Animal Husbandry Statistics 2025, Table 35",Milk production is official government data; blank market/competition/price fields are intentionally unfilled until their respective source datasets are joined.,61.45,57.6299,3.8201000000000036,All-India average; NOT local market price,2026-09-28,Department of Consumer Affairs - Price Monitoring System,REAL_OFFICIAL_REFERENCE
IN-DAIRY-0056,56,India,Haryana,,,State/UT,2024-25,2024-25,Milk,Milk,12592.75,000 tonnes,3.05,YoY growth (%),32.44,,,,,,,,5,,,Pending local-data join,,,0,Not populated — needs local population/consumption/transactions,Not populated — needs OSM/Overpass or verified business directory,Not populated — government milk price series is separate,NOT LOCAL-MARKET COMPLETE,Cannot calculate until local competitors + local demand + local price are joined,"Join local competitor, population/demand and current price layers before scoring market gap",Official government — DAHD BAHS 2025,Missing,Official — DAHD BAHS 2025 Table 35,Not populated — requires Consumer Affairs price-series extraction,Not populated — Census/OGD layer to be joined,Not populated — OSM/Overpass business layer to be joined,Not populated — market/business geocoding layer to be joined,https://www.dahd.gov.in/schemes/programmes/animal-husbandry-statistics,https://www.data.gov.in/catalog/dailyweekly-retail-prices-milk,https://www.openstreetmap.org/,2026-09-28 web verification of source availability,Official,"DAHD Basic Animal Husbandry Statistics 2025, Table 35",Milk production is official government data; blank market/competition/price fields are intentionally unfilled until their respective source datasets are joined.,61.45,57.6299,3.8201000000000036,All-India average; NOT local market price,2026-09-28,Department of Consumer Affairs - Price Monitoring System,REAL_OFFICIAL_REFERENCE
IN-DAIRY-0057,57,India,Himachal Pradesh,,,State/UT,2018-19,2018-19,Milk,Milk,1460.15,000 tonnes,,YoY growth (%),4.78,,,,,,,,5,,,Pending local-data join,,,0,Not populated — needs local population/consumption/transactions,Not populated — needs OSM/Overpass or verified business directory,Not populated — government milk price series is separate,NOT LOCAL-MARKET COMPLETE,Cannot calculate until local competitors + local demand + local price are joined,"Join local competitor, population/demand and current price layers before scoring market gap",Official government — DAHD BAHS 2025,Missing,Official — DAHD BAHS 2025 Table 35,Not populated — requires Consumer Affairs price-series extraction,Not populated — Census/OGD layer to be joined,Not populated — OSM/Overpass business layer to be joined,Not populated — market/business geocoding layer to be joined,https://www.dahd.gov.in/schemes/programmes/animal-husbandry-statistics,https://www.data.gov.in/catalog/dailyweekly-retail-prices-milk,https://www.openstreetmap.org/,2026-09-28 web verification of source availability,Official,"DAHD Basic Animal Husbandry Statistics 2025, Table 35",Milk production is official government data; blank market/competition/price fields are intentionally unfilled until their respective source datasets are joined.,61.45,57.6299,3.8201000000000036,All-India average; NOT local market price,2026-09-28,Department of Consumer Affairs - Price Monitoring System,REAL_OFFICIAL_REFERENCE
IN-DAIRY-0058,58,India,Himachal Pradesh,,,State/UT,2019-20,2019-20,Milk,Milk,1530.94,000 tonnes,4.85,YoY growth (%),4.8,,,,,,,,5,,,Pending local-data join,,,0,Not populated — needs local population/consumption/transactions,Not populated — needs OSM/Overpass or verified business directory,Not populated — government milk price series is separate,NOT LOCAL-MARKET COMPLETE,Cannot calculate until local competitors + local demand + local price are joined,"Join local competitor, population/demand and current price layers before scoring market gap",Official government — DAHD BAHS 2025,Missing,Official — DAHD BAHS 2025 Table 35,Not populated — requires Consumer Affairs price-series extraction,Not populated — Census/OGD layer to be joined,Not populated — OSM/Overpass business layer to be joined,Not populated — market/business geocoding layer to be joined,https://www.dahd.gov.in/schemes/programmes/animal-husbandry-statistics,https://www.data.gov.in/catalog/dailyweekly-retail-prices-milk,https://www.openstreetmap.org/,2026-09-28 web verification of source availability,Official,"DAHD Basic Animal Husbandry Statistics 2025, Table 35",Milk production is official government data; blank market/competition/price fields are intentionally unfilled until their respective source datasets are joined.,61.45,57.6299,3.8201000000000036,All-India average; NOT local market price,2026-09-28,Department of Consumer Affairs - Price Monitoring System,REAL_OFFICIAL_REFERENCE
IN-DAIRY-0059,59,India,Himachal Pradesh,,,State/UT,2020-21,2020-21,Milk,Milk,1576.44,000 tonnes,2.97,YoY growth (%),5.02,,,,,,,,5,,,Pending local-data join,,,0,Not populated — needs local population/consumption/transactions,Not populated — needs OSM/Overpass or verified business directory,Not populated — government milk price series is separate,NOT LOCAL-MARKET COMPLETE,Cannot calculate until local competitors + local demand + local price are joined,"Join local competitor, population/demand and current price layers before scoring market gap",Official government — DAHD BAHS 2025,Missing,Official — DAHD BAHS 2025 Table 35,Not populated — requires Consumer Affairs price-series extraction,Not populated — Census/OGD layer to be joined,Not populated — OSM/Overpass business layer to be joined,Not populated — market/business geocoding layer to be joined,https://www.dahd.gov.in/schemes/programmes/animal-husbandry-statistics,https://www.data.gov.in/catalog/dailyweekly-retail-prices-milk,https://www.openstreetmap.org/,2026-09-28 web verification of source availability,Official,"DAHD Basic Animal Husbandry Statistics 2025, Table 35",Milk production is official government data; blank market/competition/price fields are intentionally unfilled until their respective source datasets are joined.,61.45,57.6299,3.8201000000000036,All-India average; NOT local market price,2026-09-28,Department of Consumer Affairs - Price Monitoring System,REAL_OFFICIAL_REFERENCE
IN-DAIRY-0060,60,India,Himachal Pradesh,,,State/UT,2021-22,2021-22,Milk,Milk,1615.29,000 tonnes,2.46,YoY growth (%),4.77,,,,,,,,5,,,Pending local-data join,,,0,Not populated — needs local population/consumption/transactions,Not populated — needs OSM/Overpass or verified business directory,Not populated — government milk price series is separate,NOT LOCAL-MARKET COMPLETE,Cannot calculate until local competitors + local demand + local price are joined,"Join local competitor, population/demand and current price layers before scoring market gap",Official government — DAHD BAHS 2025,Missing,Official — DAHD BAHS 2025 Table 35,Not populated — requires Consumer Affairs price-series extraction,Not populated — Census/OGD layer to be joined,Not populated — OSM/Overpass business layer to be joined,Not populated — market/business geocoding layer to be joined,https://www.dahd.gov.in/schemes/programmes/animal-husbandry-statistics,https://www.data.gov.in/catalog/dailyweekly-retail-prices-milk,https://www.openstreetmap.org/,2026-09-28 web verification of source availability,Official,"DAHD Basic Animal Husbandry Statistics 2025, Table 35",Milk production is official government data; blank market/competition/price fields are intentionally unfilled until their respective source datasets are joined.,61.45,57.6299,3.8201000000000036,All-India average; NOT local market price,2026-09-28,Department of Consumer Affairs - Price Monitoring System,REAL_OFFICIAL_REFERENCE
IN-DAIRY-0061,61,India,Himachal Pradesh,,,State/UT,2022-23,2022-23,Milk,Milk,1617.41,000 tonnes,0.13,YoY growth (%),4.46,,,,,,,,5,,,Pending local-data join,,,0,Not populated — needs local population/consumption/transactions,Not populated — needs OSM/Overpass or verified business directory,Not populated — government milk price series is separate,NOT LOCAL-MARKET COMPLETE,Cannot calculate until local competitors + local demand + local price are joined,"Join local competitor, population/demand and current price layers before scoring market gap",Official government — DAHD BAHS 2025,Missing,Official — DAHD BAHS 2025 Table 35,Not populated — requires Consumer Affairs price-series extraction,Not populated — Census/OGD layer to be joined,Not populated — OSM/Overpass business layer to be joined,Not populated — market/business geocoding layer to be joined,https://www.dahd.gov.in/schemes/programmes/animal-husbandry-statistics,https://www.data.gov.in/catalog/dailyweekly-retail-prices-milk,https://www.openstreetmap.org/,2026-09-28 web verification of source availability,Official,"DAHD Basic Animal Husbandry Statistics 2025, Table 35",Milk production is official government data; blank market/competition/price fields are intentionally unfilled until their respective source datasets are joined.,61.45,57.6299,3.8201000000000036,All-India average; NOT local market price,2026-09-28,Department of Consumer Affairs - Price Monitoring System,REAL_OFFICIAL_REFERENCE
IN-DAIRY-0062,62,India,Himachal Pradesh,,,State/UT,2023-24,2023-24,Milk,Milk,1748.96,000 tonnes,8.13,YoY growth (%),4.51,,,,,,,,5,,,Pending local-data join,,,0,Not populated — needs local population/consumption/transactions,Not populated — needs OSM/Overpass or verified business directory,Not populated — government milk price series is separate,NOT LOCAL-MARKET COMPLETE,Cannot calculate until local competitors + local demand + local price are joined,"Join local competitor, population/demand and current price layers before scoring market gap",Official government — DAHD BAHS 2025,Missing,Official — DAHD BAHS 2025 Table 35,Not populated — requires Consumer Affairs price-series extraction,Not populated — Census/OGD layer to be joined,Not populated — OSM/Overpass business layer to be joined,Not populated — market/business geocoding layer to be joined,https://www.dahd.gov.in/schemes/programmes/animal-husbandry-statistics,https://www.data.gov.in/catalog/dailyweekly-retail-prices-milk,https://www.openstreetmap.org/,2026-09-28 web verification of source availability,Official,"DAHD Basic Animal Husbandry Statistics 2025, Table 35",Milk production is official government data; blank market/competition/price fields are intentionally unfilled until their respective source datasets are joined.,61.45,57.6299,3.8201000000000036,All-India average; NOT local market price,2026-09-28,Department of Consumer Affairs - Price Monitoring System,REAL_OFFICIAL_REFERENCE
IN-DAIRY-0063,63,India,Himachal Pradesh,,,State/UT,2024-25,2024-25,Milk,Milk,1823.89,000 tonnes,4.28,YoY growth (%),4.7,,,,,,,,5,,,Pending local-data join,,,0,Not populated — needs local population/consumption/transactions,Not populated — needs OSM/Overpass or verified business directory,Not populated — government milk price series is separate,NOT LOCAL-MARKET COMPLETE,Cannot calculate until local competitors + local demand + local price are joined,"Join local competitor, population/demand and current price layers before scoring market gap",Official government — DAHD BAHS 2025,Missing,Official — DAHD BAHS 2025 Table 35,Not populated — requires Consumer Affairs price-series extraction,Not populated — Census/OGD layer to be joined,Not populated — OSM/Overpass business layer to be joined,Not populated — market/business geocoding layer to be joined,https://www.dahd.gov.in/schemes/programmes/animal-husbandry-statistics,https://www.data.gov.in/catalog/dailyweekly-retail-prices-milk,https://www.openstreetmap.org/,2026-09-28 web verification of source availability,Official,"DAHD Basic Animal Husbandry Statistics 2025, Table 35",Milk production is official government data; blank market/competition/price fields are intentionally unfilled until their respective source datasets are joined.,61.45,57.6299,3.8201000000000036,All-India average; NOT local market price,2026-09-28,Department of Consumer Affairs - Price Monitoring System,REAL_OFFICIAL_REFERENCE
IN-DAIRY-0064,64,India,Jammu & Kashmir,,,State/UT,2018-19,2018-19,Milk,Milk,2540.11,000 tonnes,,YoY growth (%),8.32,,,,,,,,5,,,Pending local-data join,,,0,Not populated — needs local population/consumption/transactions,Not populated — needs OSM/Overpass or verified business directory,Not populated — government milk price series is separate,NOT LOCAL-MARKET COMPLETE,Cannot calculate until local competitors + local demand + local price are joined,"Join local competitor, population/demand and current price layers before scoring market gap",Official government — DAHD BAHS 2025,Missing,Official — DAHD BAHS 2025 Table 35,Not populated — requires Consumer Affairs price-series extraction,Not populated — Census/OGD layer to be joined,Not populated — OSM/Overpass business layer to be joined,Not populated — market/business geocoding layer to be joined,https://www.dahd.gov.in/schemes/programmes/animal-husbandry-statistics,https://www.data.gov.in/catalog/dailyweekly-retail-prices-milk,https://www.openstreetmap.org/,2026-09-28 web verification of source availability,Official,"DAHD Basic Animal Husbandry Statistics 2025, Table 35",Milk production is official government data; blank market/competition/price fields are intentionally unfilled until their respective source datasets are joined.,61.45,57.6299,3.8201000000000036,All-India average; NOT local market price,2026-09-28,Department of Consumer Affairs - Price Monitoring System,REAL_OFFICIAL_REFERENCE
IN-DAIRY-0065,65,India,Jammu & Kashmir,,,State/UT,2019-20,2019-20,Milk,Milk,2506.36,000 tonnes,-1.33,YoY growth (%),7.86,,,,,,,,5,,,Pending local-data join,,,0,Not populated — needs local population/consumption/transactions,Not populated — needs OSM/Overpass or verified business directory,Not populated — government milk price series is separate,NOT LOCAL-MARKET COMPLETE,Cannot calculate until local competitors + local demand + local price are joined,"Join local competitor, population/demand and current price layers before scoring market gap",Official government — DAHD BAHS 2025,Missing,Official — DAHD BAHS 2025 Table 35,Not populated — requires Consumer Affairs price-series extraction,Not populated — Census/OGD layer to be joined,Not populated — OSM/Overpass business layer to be joined,Not populated — market/business geocoding layer to be joined,https://www.dahd.gov.in/schemes/programmes/animal-husbandry-statistics,https://www.data.gov.in/catalog/dailyweekly-retail-prices-milk,https://www.openstreetmap.org/,2026-09-28 web verification of source availability,Official,"DAHD Basic Animal Husbandry Statistics 2025, Table 35",Milk production is official government data; blank market/competition/price fields are intentionally unfilled until their respective source datasets are joined.,61.45,57.6299,3.8201000000000036,All-India average; NOT local market price,2026-09-28,Department of Consumer Affairs - Price Monitoring System,REAL_OFFICIAL_REFERENCE
IN-DAIRY-0066,66,India,Jammu & Kashmir,,,State/UT,2020-21,2020-21,Milk,Milk,2594.5,000 tonnes,3.52,YoY growth (%),8.27,,,,,,,,5,,,Pending local-data join,,,0,Not populated — needs local population/consumption/transactions,Not populated — needs OSM/Overpass or verified business directory,Not populated — government milk price series is separate,NOT LOCAL-MARKET COMPLETE,Cannot calculate until local competitors + local demand + local price are joined,"Join local competitor, population/demand and current price layers before scoring market gap",Official government — DAHD BAHS 2025,Missing,Official — DAHD BAHS 2025 Table 35,Not populated — requires Consumer Affairs price-series extraction,Not populated — Census/OGD layer to be joined,Not populated — OSM/Overpass business layer to be joined,Not populated — market/business geocoding layer to be joined,https://www.dahd.gov.in/schemes/programmes/animal-husbandry-statistics,https://www.data.gov.in/catalog/dailyweekly-retail-prices-milk,https://www.openstreetmap.org/,2026-09-28 web verification of source availability,Official,"DAHD Basic Animal Husbandry Statistics 2025, Table 35",Milk production is official government data; blank market/competition/price fields are intentionally unfilled until their respective source datasets are joined.,61.45,57.6299,3.8201000000000036,All-India average; NOT local market price,2026-09-28,Department of Consumer Affairs - Price Monitoring System,REAL_OFFICIAL_REFERENCE
IN-DAIRY-0067,67,India,Jammu & Kashmir,,,State/UT,2021-22,2021-22,Milk,Milk,2726.79,000 tonnes,5.1,YoY growth (%),8.05,,,,,,,,5,,,Pending local-data join,,,0,Not populated — needs local population/consumption/transactions,Not populated — needs OSM/Overpass or verified business directory,Not populated — government milk price series is separate,NOT LOCAL-MARKET COMPLETE,Cannot calculate until local competitors + local demand + local price are joined,"Join local competitor, population/demand and current price layers before scoring market gap",Official government — DAHD BAHS 2025,Missing,Official — DAHD BAHS 2025 Table 35,Not populated — requires Consumer Affairs price-series extraction,Not populated — Census/OGD layer to be joined,Not populated — OSM/Overpass business layer to be joined,Not populated — market/business geocoding layer to be joined,https://www.dahd.gov.in/schemes/programmes/animal-husbandry-statistics,https://www.data.gov.in/catalog/dailyweekly-retail-prices-milk,https://www.openstreetmap.org/,2026-09-28 web verification of source availability,Official,"DAHD Basic Animal Husbandry Statistics 2025, Table 35",Milk production is official government data; blank market/competition/price fields are intentionally unfilled until their respective source datasets are joined.,61.45,57.6299,3.8201000000000036,All-India average; NOT local market price,2026-09-28,Department of Consumer Affairs - Price Monitoring System,REAL_OFFICIAL_REFERENCE
IN-DAIRY-0068,68,India,Jammu & Kashmir,,,State/UT,2022-23,2022-23,Milk,Milk,2817.31,000 tonnes,3.32,YoY growth (%),7.77,,,,,,,,5,,,Pending local-data join,,,0,Not populated — needs local population/consumption/transactions,Not populated — needs OSM/Overpass or verified business directory,Not populated — government milk price series is separate,NOT LOCAL-MARKET COMPLETE,Cannot calculate until local competitors + local demand + local price are joined,"Join local competitor, population/demand and current price layers before scoring market gap",Official government — DAHD BAHS 2025,Missing,Official — DAHD BAHS 2025 Table 35,Not populated — requires Consumer Affairs price-series extraction,Not populated — Census/OGD layer to be joined,Not populated — OSM/Overpass business layer to be joined,Not populated — market/business geocoding layer to be joined,https://www.dahd.gov.in/schemes/programmes/animal-husbandry-statistics,https://www.data.gov.in/catalog/dailyweekly-retail-prices-milk,https://www.openstreetmap.org/,2026-09-28 web verification of source availability,Official,"DAHD Basic Animal Husbandry Statistics 2025, Table 35",Milk production is official government data; blank market/competition/price fields are intentionally unfilled until their respective source datasets are joined.,61.45,57.6299,3.8201000000000036,All-India average; NOT local market price,2026-09-28,Department of Consumer Affairs - Price Monitoring System,REAL_OFFICIAL_REFERENCE
IN-DAIRY-0069,69,India,Jammu & Kashmir,,,State/UT,2023-24,2023-24,Milk,Milk,2874.73,000 tonnes,2.04,YoY growth (%),7.41,,,,,,,,5,,,Pending local-data join,,,0,Not populated — needs local population/consumption/transactions,Not populated — needs OSM/Overpass or verified business directory,Not populated — government milk price series is separate,NOT LOCAL-MARKET COMPLETE,Cannot calculate until local competitors + local demand + local price are joined,"Join local competitor, population/demand and current price layers before scoring market gap",Official government — DAHD BAHS 2025,Missing,Official — DAHD BAHS 2025 Table 35,Not populated — requires Consumer Affairs price-series extraction,Not populated — Census/OGD layer to be joined,Not populated — OSM/Overpass business layer to be joined,Not populated — market/business geocoding layer to be joined,https://www.dahd.gov.in/schemes/programmes/animal-husbandry-statistics,https://www.data.gov.in/catalog/dailyweekly-retail-prices-milk,https://www.openstreetmap.org/,2026-09-28 web verification of source availability,Official,"DAHD Basic Animal Husbandry Statistics 2025, Table 35",Milk production is official government data; blank market/competition/price fields are intentionally unfilled until their respective source datasets are joined.,61.45,57.6299,3.8201000000000036,All-India average; NOT local market price,2026-09-28,Department of Consumer Affairs - Price Monitoring System,REAL_OFFICIAL_REFERENCE
IN-DAIRY-0070,70,India,Jammu & Kashmir,,,State/UT,2024-25,2024-25,Milk,Milk,2973.89,000 tonnes,3.45,YoY growth (%),7.66,,,,,,,,5,,,Pending local-data join,,,0,Not populated — needs local population/consumption/transactions,Not populated — needs OSM/Overpass or verified business directory,Not populated — government milk price series is separate,NOT LOCAL-MARKET COMPLETE,Cannot calculate until local competitors + local demand + local price are joined,"Join local competitor, population/demand and current price layers before scoring market gap",Official government — DAHD BAHS 2025,Missing,Official — DAHD BAHS 2025 Table 35,Not populated — requires Consumer Affairs price-series extraction,Not populated — Census/OGD layer to be joined,Not populated — OSM/Overpass business layer to be joined,Not populated — market/business geocoding layer to be joined,https://www.dahd.gov.in/schemes/programmes/animal-husbandry-statistics,https://www.data.gov.in/catalog/dailyweekly-retail-prices-milk,https://www.openstreetmap.org/,2026-09-28 web verification of source availability,Official,"DAHD Basic Animal Husbandry Statistics 2025, Table 35",Milk production is official government data; blank market/competition/price fields are intentionally unfilled until their respective source datasets are joined.,61.45,57.6299,3.8201000000000036,All-India average; NOT local market price,2026-09-28,Department of Consumer Affairs - Price Monitoring System,REAL_OFFICIAL_REFERENCE
IN-DAIRY-0071,71,India,Jharkhand,,,State/UT,2018-19,2018-19,Milk,Milk,2183.05,000 tonnes,,YoY growth (%),7.15,,,,,,,,5,,,Pending local-data join,,,0,Not populated — needs local population/consumption/transactions,Not populated — needs OSM/Overpass or verified business directory,Not populated — government milk price series is separate,NOT LOCAL-MARKET COMPLETE,Cannot calculate until local competitors + local demand + local price are joined,"Join local competitor, population/demand and current price layers before scoring market gap",Official government — DAHD BAHS 2025,Missing,Official — DAHD BAHS 2025 Table 35,Not populated — requires Consumer Affairs price-series extraction,Not populated — Census/OGD layer to be joined,Not populated — OSM/Overpass business layer to be joined,Not populated — market/business geocoding layer to be joined,https://www.dahd.gov.in/schemes/programmes/animal-husbandry-statistics,https://www.data.gov.in/catalog/dailyweekly-retail-prices-milk,https://www.openstreetmap.org/,2026-09-28 web verification of source availability,Official,"DAHD Basic Animal Husbandry Statistics 2025, Table 35",Milk production is official government data; blank market/competition/price fields are intentionally unfilled until their respective source datasets are joined.,61.45,57.6299,3.8201000000000036,All-India average; NOT local market price,2026-09-28,Department of Consumer Affairs - Price Monitoring System,REAL_OFFICIAL_REFERENCE
IN-DAIRY-0072,72,India,Jharkhand,,,State/UT,2019-20,2019-20,Milk,Milk,2321.16,000 tonnes,6.33,YoY growth (%),7.28,,,,,,,,5,,,Pending local-data join,,,0,Not populated — needs local population/consumption/transactions,Not populated — needs OSM/Overpass or verified business directory,Not populated — government milk price series is separate,NOT LOCAL-MARKET COMPLETE,Cannot calculate until local competitors + local demand + local price are joined,"Join local competitor, population/demand and current price layers before scoring market gap",Official government — DAHD BAHS 2025,Missing,Official — DAHD BAHS 2025 Table 35,Not populated — requires Consumer Affairs price-series extraction,Not populated — Census/OGD layer to be joined,Not populated — OSM/Overpass business layer to be joined,Not populated — market/business geocoding layer to be joined,https://www.dahd.gov.in/schemes/programmes/animal-husbandry-statistics,https://www.data.gov.in/catalog/dailyweekly-retail-prices-milk,https://www.openstreetmap.org/,2026-09-28 web verification of source availability,Official,"DAHD Basic Animal Husbandry Statistics 2025, Table 35",Milk production is official government data; blank market/competition/price fields are intentionally unfilled until their respective source datasets are joined.,61.45,57.6299,3.8201000000000036,All-India average; NOT local market price,2026-09-28,Department of Consumer Affairs - Price Monitoring System,REAL_OFFICIAL_REFERENCE
IN-DAIRY-0073,73,India,Jharkhand,,,State/UT,2020-21,2020-21,Milk,Milk,2434.02,000 tonnes,4.86,YoY growth (%),7.76,,,,,,,,5,,,Pending local-data join,,,0,Not populated — needs local population/consumption/transactions,Not populated — needs OSM/Overpass or verified business directory,Not populated — government milk price series is separate,NOT LOCAL-MARKET COMPLETE,Cannot calculate until local competitors + local demand + local price are joined,"Join local competitor, population/demand and current price layers before scoring market gap",Official government — DAHD BAHS 2025,Missing,Official — DAHD BAHS 2025 Table 35,Not populated — requires Consumer Affairs price-series extraction,Not populated — Census/OGD layer to be joined,Not populated — OSM/Overpass business layer to be joined,Not populated — market/business geocoding layer to be joined,https://www.dahd.gov.in/schemes/programmes/animal-husbandry-statistics,https://www.data.gov.in/catalog/dailyweekly-retail-prices-milk,https://www.openstreetmap.org/,2026-09-28 web verification of source availability,Official,"DAHD Basic Animal Husbandry Statistics 2025, Table 35",Milk production is official government data; blank market/competition/price fields are intentionally unfilled until their respective source datasets are joined.,61.45,57.6299,3.8201000000000036,All-India average; NOT local market price,2026-09-28,Department of Consumer Affairs - Price Monitoring System,REAL_OFFICIAL_REFERENCE
IN-DAIRY-0074,74,India,Jharkhand,,,State/UT,2021-22,2021-22,Milk,Milk,2629.37,000 tonnes,8.03,YoY growth (%),7.76,,,,,,,,5,,,Pending local-data join,,,0,Not populated — needs local population/consumption/transactions,Not populated — needs OSM/Overpass or verified business directory,Not populated — government milk price series is separate,NOT LOCAL-MARKET COMPLETE,Cannot calculate until local competitors + local demand + local price are joined,"Join local competitor, population/demand and current price layers before scoring market gap",Official government — DAHD BAHS 2025,Missing,Official — DAHD BAHS 2025 Table 35,Not populated — requires Consumer Affairs price-series extraction,Not populated — Census/OGD layer to be joined,Not populated — OSM/Overpass business layer to be joined,Not populated — market/business geocoding layer to be joined,https://www.dahd.gov.in/schemes/programmes/animal-husbandry-statistics,https://www.data.gov.in/catalog/dailyweekly-retail-prices-milk,https://www.openstreetmap.org/,2026-09-28 web verification of source availability,Official,"DAHD Basic Animal Husbandry Statistics 2025, Table 35",Milk production is official government data; blank market/competition/price fields are intentionally unfilled until their respective source datasets are joined.,61.45,57.6299,3.8201000000000036,All-India average; NOT local market price,2026-09-28,Department of Consumer Affairs - Price Monitoring System,REAL_OFFICIAL_REFERENCE
IN-DAIRY-0075,75,India,Jharkhand,,,State/UT,2022-23,2022-23,Milk,Milk,2774.09,000 tonnes,5.5,YoY growth (%),7.65,,,,,,,,5,,,Pending local-data join,,,0,Not populated — needs local population/consumption/transactions,Not populated — needs OSM/Overpass or verified business directory,Not populated — government milk price series is separate,NOT LOCAL-MARKET COMPLETE,Cannot calculate until local competitors + local demand + local price are joined,"Join local competitor, population/demand and current price layers before scoring market gap",Official government — DAHD BAHS 2025,Missing,Official — DAHD BAHS 2025 Table 35,Not populated — requires Consumer Affairs price-series extraction,Not populated — Census/OGD layer to be joined,Not populated — OSM/Overpass business layer to be joined,Not populated — market/business geocoding layer to be joined,https://www.dahd.gov.in/schemes/programmes/animal-husbandry-statistics,https://www.data.gov.in/catalog/dailyweekly-retail-prices-milk,https://www.openstreetmap.org/,2026-09-28 web verification of source availability,Official,"DAHD Basic Animal Husbandry Statistics 2025, Table 35",Milk production is official government data; blank market/competition/price fields are intentionally unfilled until their respective source datasets are joined.,61.45,57.6299,3.8201000000000036,All-India average; NOT local market price,2026-09-28,Department of Consumer Affairs - Price Monitoring System,REAL_OFFICIAL_REFERENCE
IN-DAIRY-0076,76,India,Jharkhand,,,State/UT,2023-24,2023-24,Milk,Milk,3025.0,000 tonnes,9.04,YoY growth (%),7.8,,,,,,,,5,,,Pending local-data join,,,0,Not populated — needs local population/consumption/transactions,Not populated — needs OSM/Overpass or verified business directory,Not populated — government milk price series is separate,NOT LOCAL-MARKET COMPLETE,Cannot calculate until local competitors + local demand + local price are joined,"Join local competitor, population/demand and current price layers before scoring market gap",Official government — DAHD BAHS 2025,Missing,Official — DAHD BAHS 2025 Table 35,Not populated — requires Consumer Affairs price-series extraction,Not populated — Census/OGD layer to be joined,Not populated — OSM/Overpass business layer to be joined,Not populated — market/business geocoding layer to be joined,https://www.dahd.gov.in/schemes/programmes/animal-husbandry-statistics,https://www.data.gov.in/catalog/dailyweekly-retail-prices-milk,https://www.openstreetmap.org/,2026-09-28 web verification of source availability,Official,"DAHD Basic Animal Husbandry Statistics 2025, Table 35",Milk production is official government data; blank market/competition/price fields are intentionally unfilled until their respective source datasets are joined.,61.45,57.6299,3.8201000000000036,All-India average; NOT local market price,2026-09-28,Department of Consumer Affairs - Price Monitoring System,REAL_OFFICIAL_REFERENCE
IN-DAIRY-0077,77,India,Jharkhand,,,State/UT,2024-25,2024-25,Milk,Milk,3114.66,000 tonnes,2.96,YoY growth (%),8.02,,,,,,,,5,,,Pending local-data join,,,0,Not populated — needs local population/consumption/transactions,Not populated — needs OSM/Overpass or verified business directory,Not populated — government milk price series is separate,NOT LOCAL-MARKET COMPLETE,Cannot calculate until local competitors + local demand + local price are joined,"Join local competitor, population/demand and current price layers before scoring market gap",Official government — DAHD BAHS 2025,Missing,Official — DAHD BAHS 2025 Table 35,Not populated — requires Consumer Affairs price-series extraction,Not populated — Census/OGD layer to be joined,Not populated — OSM/Overpass business layer to be joined,Not populated — market/business geocoding layer to be joined,https://www.dahd.gov.in/schemes/programmes/animal-husbandry-statistics,https://www.data.gov.in/catalog/dailyweekly-retail-prices-milk,https://www.openstreetmap.org/,2026-09-28 web verification of source availability,Official,"DAHD Basic Animal Husbandry Statistics 2025, Table 35",Milk production is official government data; blank market/competition/price fields are intentionally unfilled until their respective source datasets are joined.,61.45,57.6299,3.8201000000000036,All-India average; NOT local market price,2026-09-28,Department of Consumer Affairs - Price Monitoring System,REAL_OFFICIAL_REFERENCE
IN-DAIRY-0078,78,India,Karnataka,,,State/UT,2018-19,2018-19,Milk,Milk,7900.63,000 tonnes,,YoY growth (%),25.89,,,,,,,,5,,,Pending local-data join,,,0,Not populated — needs local population/consumption/transactions,Not populated — needs OSM/Overpass or verified business directory,Not populated — government milk price series is separate,NOT LOCAL-MARKET COMPLETE,Cannot calculate until local competitors + local demand + local price are joined,"Join local competitor, population/demand and current price layers before scoring market gap",Official government — DAHD BAHS 2025,Missing,Official — DAHD BAHS 2025 Table 35,Not populated — requires Consumer Affairs price-series extraction,Not populated — Census/OGD layer to be joined,Not populated — OSM/Overpass business layer to be joined,Not populated — market/business geocoding layer to be joined,https://www.dahd.gov.in/schemes/programmes/animal-husbandry-statistics,https://www.data.gov.in/catalog/dailyweekly-retail-prices-milk,https://www.openstreetmap.org/,2026-09-28 web verification of source availability,Official,"DAHD Basic Animal Husbandry Statistics 2025, Table 35",Milk production is official government data; blank market/competition/price fields are intentionally unfilled until their respective source datasets are joined.,61.45,57.6299,3.8201000000000036,All-India average; NOT local market price,2026-09-28,Department of Consumer Affairs - Price Monitoring System,REAL_OFFICIAL_REFERENCE
IN-DAIRY-0079,79,India,Karnataka,,,State/UT,2019-20,2019-20,Milk,Milk,9031.49,000 tonnes,14.31,YoY growth (%),28.34,,,,,,,,5,,,Pending local-data join,,,0,Not populated — needs local population/consumption/transactions,Not populated — needs OSM/Overpass or verified business directory,Not populated — government milk price series is separate,NOT LOCAL-MARKET COMPLETE,Cannot calculate until local competitors + local demand + local price are joined,"Join local competitor, population/demand and current price layers before scoring market gap",Official government — DAHD BAHS 2025,Missing,Official — DAHD BAHS 2025 Table 35,Not populated — requires Consumer Affairs price-series extraction,Not populated — Census/OGD layer to be joined,Not populated — OSM/Overpass business layer to be joined,Not populated — market/business geocoding layer to be joined,https://www.dahd.gov.in/schemes/programmes/animal-husbandry-statistics,https://www.data.gov.in/catalog/dailyweekly-retail-prices-milk,https://www.openstreetmap.org/,2026-09-28 web verification of source availability,Official,"DAHD Basic Animal Husbandry Statistics 2025, Table 35",Milk production is official government data; blank market/competition/price fields are intentionally unfilled until their respective source datasets are joined.,61.45,57.6299,3.8201000000000036,All-India average; NOT local market price,2026-09-28,Department of Consumer Affairs - Price Monitoring System,REAL_OFFICIAL_REFERENCE
IN-DAIRY-0080,80,India,Karnataka,,,State/UT,2020-21,2020-21,Milk,Milk,10936.44,000 tonnes,21.09,YoY growth (%),34.87,,,,,,,,5,,,Pending local-data join,,,0,Not populated — needs local population/consumption/transactions,Not populated — needs OSM/Overpass or verified business directory,Not populated — government milk price series is separate,NOT LOCAL-MARKET COMPLETE,Cannot calculate until local competitors + local demand + local price are joined,"Join local competitor, population/demand and current price layers before scoring market gap",Official government — DAHD BAHS 2025,Missing,Official — DAHD BAHS 2025 Table 35,Not populated — requires Consumer Affairs price-series extraction,Not populated — Census/OGD layer to be joined,Not populated — OSM/Overpass business layer to be joined,Not populated — market/business geocoding layer to be joined,https://www.dahd.gov.in/schemes/programmes/animal-husbandry-statistics,https://www.data.gov.in/catalog/dailyweekly-retail-prices-milk,https://www.openstreetmap.org/,2026-09-28 web verification of source availability,Official,"DAHD Basic Animal Husbandry Statistics 2025, Table 35",Milk production is official government data; blank market/competition/price fields are intentionally unfilled until their respective source datasets are joined.,61.45,57.6299,3.8201000000000036,All-India average; NOT local market price,2026-09-28,Department of Consumer Affairs - Price Monitoring System,REAL_OFFICIAL_REFERENCE
IN-DAIRY-0081,81,India,Karnataka,,,State/UT,2021-22,2021-22,Milk,Milk,11795.79,000 tonnes,7.86,YoY growth (%),34.82,,,,,,,,5,,,Pending local-data join,,,0,Not populated — needs local population/consumption/transactions,Not populated — needs OSM/Overpass or verified business directory,Not populated — government milk price series is separate,NOT LOCAL-MARKET COMPLETE,Cannot calculate until local competitors + local demand + local price are joined,"Join local competitor, population/demand and current price layers before scoring market gap",Official government — DAHD BAHS 2025,Missing,Official — DAHD BAHS 2025 Table 35,Not populated — requires Consumer Affairs price-series extraction,Not populated — Census/OGD layer to be joined,Not populated — OSM/Overpass business layer to be joined,Not populated — market/business geocoding layer to be joined,https://www.dahd.gov.in/schemes/programmes/animal-husbandry-statistics,https://www.data.gov.in/catalog/dailyweekly-retail-prices-milk,https://www.openstreetmap.org/,2026-09-28 web verification of source availability,Official,"DAHD Basic Animal Husbandry Statistics 2025, Table 35",Milk production is official government data; blank market/competition/price fields are intentionally unfilled until their respective source datasets are joined.,61.45,57.6299,3.8201000000000036,All-India average; NOT local market price,2026-09-28,Department of Consumer Affairs - Price Monitoring System,REAL_OFFICIAL_REFERENCE
IN-DAIRY-0082,82,India,Karnataka,,,State/UT,2022-23,2022-23,Milk,Milk,12829.29,000 tonnes,8.76,YoY growth (%),35.4,,,,,,,,5,,,Pending local-data join,,,0,Not populated — needs local population/consumption/transactions,Not populated — needs OSM/Overpass or verified business directory,Not populated — government milk price series is separate,NOT LOCAL-MARKET COMPLETE,Cannot calculate until local competitors + local demand + local price are joined,"Join local competitor, population/demand and current price layers before scoring market gap",Official government — DAHD BAHS 2025,Missing,Official — DAHD BAHS 2025 Table 35,Not populated — requires Consumer Affairs price-series extraction,Not populated — Census/OGD layer to be joined,Not populated — OSM/Overpass business layer to be joined,Not populated — market/business geocoding layer to be joined,https://www.dahd.gov.in/schemes/programmes/animal-husbandry-statistics,https://www.data.gov.in/catalog/dailyweekly-retail-prices-milk,https://www.openstreetmap.org/,2026-09-28 web verification of source availability,Official,"DAHD Basic Animal Husbandry Statistics 2025, Table 35",Milk production is official government data; blank market/competition/price fields are intentionally unfilled until their respective source datasets are joined.,61.45,57.6299,3.8201000000000036,All-India average; NOT local market price,2026-09-28,Department of Consumer Affairs - Price Monitoring System,REAL_OFFICIAL_REFERENCE
IN-DAIRY-0083,83,India,Karnataka,,,State/UT,2023-24,2023-24,Milk,Milk,13463.07,000 tonnes,4.94,YoY growth (%),34.72,,,,,,,,5,,,Pending local-data join,,,0,Not populated — needs local population/consumption/transactions,Not populated — needs OSM/Overpass or verified business directory,Not populated — government milk price series is separate,NOT LOCAL-MARKET COMPLETE,Cannot calculate until local competitors + local demand + local price are joined,"Join local competitor, population/demand and current price layers before scoring market gap",Official government — DAHD BAHS 2025,Missing,Official — DAHD BAHS 2025 Table 35,Not populated — requires Consumer Affairs price-series extraction,Not populated — Census/OGD layer to be joined,Not populated — OSM/Overpass business layer to be joined,Not populated — market/business geocoding layer to be joined,https://www.dahd.gov.in/schemes/programmes/animal-husbandry-statistics,https://www.data.gov.in/catalog/dailyweekly-retail-prices-milk,https://www.openstreetmap.org/,2026-09-28 web verification of source availability,Official,"DAHD Basic Animal Husbandry Statistics 2025, Table 35",Milk production is official government data; blank market/competition/price fields are intentionally unfilled until their respective source datasets are joined.,61.45,57.6299,3.8201000000000036,All-India average; NOT local market price,2026-09-28,Department of Consumer Affairs - Price Monitoring System,REAL_OFFICIAL_REFERENCE
IN-DAIRY-0084,84,India,Karnataka,,,State/UT,2024-25,2024-25,Milk,Milk,13897.53,000 tonnes,3.23,YoY growth (%),35.8,,,,,,,,5,,,Pending local-data join,,,0,Not populated — needs local population/consumption/transactions,Not populated — needs OSM/Overpass or verified business directory,Not populated — government milk price series is separate,NOT LOCAL-MARKET COMPLETE,Cannot calculate until local competitors + local demand + local price are joined,"Join local competitor, population/demand and current price layers before scoring market gap",Official government — DAHD BAHS 2025,Missing,Official — DAHD BAHS 2025 Table 35,Not populated — requires Consumer Affairs price-series extraction,Not populated — Census/OGD layer to be joined,Not populated — OSM/Overpass business layer to be joined,Not populated — market/business geocoding layer to be joined,https://www.dahd.gov.in/schemes/programmes/animal-husbandry-statistics,https://www.data.gov.in/catalog/dailyweekly-retail-prices-milk,https://www.openstreetmap.org/,2026-09-28 web verification of source availability,Official,"DAHD Basic Animal Husbandry Statistics 2025, Table 35",Milk production is official government data; blank market/competition/price fields are intentionally unfilled until their respective source datasets are joined.,61.45,57.6299,3.8201000000000036,All-India average; NOT local market price,2026-09-28,Department of Consumer Affairs - Price Monitoring System,REAL_OFFICIAL_REFERENCE
IN-DAIRY-0085,85,India,Kerala,,,State/UT,2018-19,2018-19,Milk,Milk,2548.28,000 tonnes,,YoY growth (%),8.35,,,,,,,,5,,,Pending local-data join,,,0,Not populated — needs local population/consumption/transactions,Not populated — needs OSM/Overpass or verified business directory,Not populated — government milk price series is separate,NOT LOCAL-MARKET COMPLETE,Cannot calculate until local competitors + local demand + local price are joined,"Join local competitor, population/demand and current price layers before scoring market gap",Official government — DAHD BAHS 2025,Missing,Official — DAHD BAHS 2025 Table 35,Not populated — requires Consumer Affairs price-series extraction,Not populated — Census/OGD layer to be joined,Not populated — OSM/Overpass business layer to be joined,Not populated — market/business geocoding layer to be joined,https://www.dahd.gov.in/schemes/programmes/animal-husbandry-statistics,https://www.data.gov.in/catalog/dailyweekly-retail-prices-milk,https://www.openstreetmap.org/,2026-09-28 web verification of source availability,Official,"DAHD Basic Animal Husbandry Statistics 2025, Table 35",Milk production is official government data; blank market/competition/price fields are intentionally unfilled until their respective source datasets are joined.,61.45,57.6299,3.8201000000000036,All-India average; NOT local market price,2026-09-28,Department of Consumer Affairs - Price Monitoring System,REAL_OFFICIAL_REFERENCE
IN-DAIRY-0086,86,India,Kerala,,,State/UT,2019-20,2019-20,Milk,Milk,2544.35,000 tonnes,-0.15,YoY growth (%),7.98,,,,,,,,5,,,Pending local-data join,,,0,Not populated — needs local population/consumption/transactions,Not populated — needs OSM/Overpass or verified business directory,Not populated — government milk price series is separate,NOT LOCAL-MARKET COMPLETE,Cannot calculate until local competitors + local demand + local price are joined,"Join local competitor, population/demand and current price layers before scoring market gap",Official government — DAHD BAHS 2025,Missing,Official — DAHD BAHS 2025 Table 35,Not populated — requires Consumer Affairs price-series extraction,Not populated — Census/OGD layer to be joined,Not populated — OSM/Overpass business layer to be joined,Not populated — market/business geocoding layer to be joined,https://www.dahd.gov.in/schemes/programmes/animal-husbandry-statistics,https://www.data.gov.in/catalog/dailyweekly-retail-prices-milk,https://www.openstreetmap.org/,2026-09-28 web verification of source availability,Official,"DAHD Basic Animal Husbandry Statistics 2025, Table 35",Milk production is official government data; blank market/competition/price fields are intentionally unfilled until their respective source datasets are joined.,61.45,57.6299,3.8201000000000036,All-India average; NOT local market price,2026-09-28,Department of Consumer Affairs - Price Monitoring System,REAL_OFFICIAL_REFERENCE
IN-DAIRY-0087,87,India,Kerala,,,State/UT,2020-21,2020-21,Milk,Milk,2533.88,000 tonnes,-0.41,YoY growth (%),8.08,,,,,,,,5,,,Pending local-data join,,,0,Not populated — needs local population/consumption/transactions,Not populated — needs OSM/Overpass or verified business directory,Not populated — government milk price series is separate,NOT LOCAL-MARKET COMPLETE,Cannot calculate until local competitors + local demand + local price are joined,"Join local competitor, population/demand and current price layers before scoring market gap",Official government — DAHD BAHS 2025,Missing,Official — DAHD BAHS 2025 Table 35,Not populated — requires Consumer Affairs price-series extraction,Not populated — Census/OGD layer to be joined,Not populated — OSM/Overpass business layer to be joined,Not populated — market/business geocoding layer to be joined,https://www.dahd.gov.in/schemes/programmes/animal-husbandry-statistics,https://www.data.gov.in/catalog/dailyweekly-retail-prices-milk,https://www.openstreetmap.org/,2026-09-28 web verification of source availability,Official,"DAHD Basic Animal Husbandry Statistics 2025, Table 35",Milk production is official government data; blank market/competition/price fields are intentionally unfilled until their respective source datasets are joined.,61.45,57.6299,3.8201000000000036,All-India average; NOT local market price,2026-09-28,Department of Consumer Affairs - Price Monitoring System,REAL_OFFICIAL_REFERENCE
IN-DAIRY-0088,88,India,Kerala,,,State/UT,2021-22,2021-22,Milk,Milk,2532.46,000 tonnes,-0.06,YoY growth (%),7.48,,,,,,,,5,,,Pending local-data join,,,0,Not populated — needs local population/consumption/transactions,Not populated — needs OSM/Overpass or verified business directory,Not populated — government milk price series is separate,NOT LOCAL-MARKET COMPLETE,Cannot calculate until local competitors + local demand + local price are joined,"Join local competitor, population/demand and current price layers before scoring market gap",Official government — DAHD BAHS 2025,Missing,Official — DAHD BAHS 2025 Table 35,Not populated — requires Consumer Affairs price-series extraction,Not populated — Census/OGD layer to be joined,Not populated — OSM/Overpass business layer to be joined,Not populated — market/business geocoding layer to be joined,https://www.dahd.gov.in/schemes/programmes/animal-husbandry-statistics,https://www.data.gov.in/catalog/dailyweekly-retail-prices-milk,https://www.openstreetmap.org/,2026-09-28 web verification of source availability,Official,"DAHD Basic Animal Husbandry Statistics 2025, Table 35",Milk production is official government data; blank market/competition/price fields are intentionally unfilled until their respective source datasets are joined.,61.45,57.6299,3.8201000000000036,All-India average; NOT local market price,2026-09-28,Department of Consumer Affairs - Price Monitoring System,REAL_OFFICIAL_REFERENCE
IN-DAIRY-0089,89,India,Kerala,,,State/UT,2022-23,2022-23,Milk,Milk,2579.76,000 tonnes,1.87,YoY growth (%),7.12,,,,,,,,5,,,Pending local-data join,,,0,Not populated — needs local population/consumption/transactions,Not populated — needs OSM/Overpass or verified business directory,Not populated — government milk price series is separate,NOT LOCAL-MARKET COMPLETE,Cannot calculate until local competitors + local demand + local price are joined,"Join local competitor, population/demand and current price layers before scoring market gap",Official government — DAHD BAHS 2025,Missing,Official — DAHD BAHS 2025 Table 35,Not populated — requires Consumer Affairs price-series extraction,Not populated — Census/OGD layer to be joined,Not populated — OSM/Overpass business layer to be joined,Not populated — market/business geocoding layer to be joined,https://www.dahd.gov.in/schemes/programmes/animal-husbandry-statistics,https://www.data.gov.in/catalog/dailyweekly-retail-prices-milk,https://www.openstreetmap.org/,2026-09-28 web verification of source availability,Official,"DAHD Basic Animal Husbandry Statistics 2025, Table 35",Milk production is official government data; blank market/competition/price fields are intentionally unfilled until their respective source datasets are joined.,61.45,57.6299,3.8201000000000036,All-India average; NOT local market price,2026-09-28,Department of Consumer Affairs - Price Monitoring System,REAL_OFFICIAL_REFERENCE
IN-DAIRY-0090,90,India,Kerala,,,State/UT,2023-24,2023-24,Milk,Milk,2579.99,000 tonnes,0.01,YoY growth (%),6.65,,,,,,,,5,,,Pending local-data join,,,0,Not populated — needs local population/consumption/transactions,Not populated — needs OSM/Overpass or verified business directory,Not populated — government milk price series is separate,NOT LOCAL-MARKET COMPLETE,Cannot calculate until local competitors + local demand + local price are joined,"Join local competitor, population/demand and current price layers before scoring market gap",Official government — DAHD BAHS 2025,Missing,Official — DAHD BAHS 2025 Table 35,Not populated — requires Consumer Affairs price-series extraction,Not populated — Census/OGD layer to be joined,Not populated — OSM/Overpass business layer to be joined,Not populated — market/business geocoding layer to be joined,https://www.dahd.gov.in/schemes/programmes/animal-husbandry-statistics,https://www.data.gov.in/catalog/dailyweekly-retail-prices-milk,https://www.openstreetmap.org/,2026-09-28 web verification of source availability,Official,"DAHD Basic Animal Husbandry Statistics 2025, Table 35",Milk production is official government data; blank market/competition/price fields are intentionally unfilled until their respective source datasets are joined.,61.45,57.6299,3.8201000000000036,All-India average; NOT local market price,2026-09-28,Department of Consumer Affairs - Price Monitoring System,REAL_OFFICIAL_REFERENCE
IN-DAIRY-0091,91,India,Kerala,,,State/UT,2024-25,2024-25,Milk,Milk,2560.58,000 tonnes,-0.75,YoY growth (%),6.6,,,,,,,,5,,,Pending local-data join,,,0,Not populated — needs local population/consumption/transactions,Not populated — needs OSM/Overpass or verified business directory,Not populated — government milk price series is separate,NOT LOCAL-MARKET COMPLETE,Cannot calculate until local competitors + local demand + local price are joined,"Join local competitor, population/demand and current price layers before scoring market gap",Official government — DAHD BAHS 2025,Missing,Official — DAHD BAHS 2025 Table 35,Not populated — requires Consumer Affairs price-series extraction,Not populated — Census/OGD layer to be joined,Not populated — OSM/Overpass business layer to be joined,Not populated — market/business geocoding layer to be joined,https://www.dahd.gov.in/schemes/programmes/animal-husbandry-statistics,https://www.data.gov.in/catalog/dailyweekly-retail-prices-milk,https://www.openstreetmap.org/,2026-09-28 web verification of source availability,Official,"DAHD Basic Animal Husbandry Statistics 2025, Table 35",Milk production is official government data; blank market/competition/price fields are intentionally unfilled until their respective source datasets are joined.,61.45,57.6299,3.8201000000000036,All-India average; NOT local market price,2026-09-28,Department of Consumer Affairs - Price Monitoring System,REAL_OFFICIAL_REFERENCE
IN-DAIRY-0092,92,India,Madhya Pradesh,,,State/UT,2018-19,2018-19,Milk,Milk,15911.13,000 tonnes,,YoY growth (%),52.13,,,,,,,,5,,,Pending local-data join,,,0,Not populated — needs local population/consumption/transactions,Not populated — needs OSM/Overpass or verified business directory,Not populated — government milk price series is separate,NOT LOCAL-MARKET COMPLETE,Cannot calculate until local competitors + local demand + local price are joined,"Join local competitor, population/demand and current price layers before scoring market gap",Official government — DAHD BAHS 2025,Missing,Official — DAHD BAHS 2025 Table 35,Not populated — requires Consumer Affairs price-series extraction,Not populated — Census/OGD layer to be joined,Not populated — OSM/Overpass business layer to be joined,Not populated — market/business geocoding layer to be joined,https://www.dahd.gov.in/schemes/programmes/animal-husbandry-statistics,https://www.data.gov.in/catalog/dailyweekly-retail-prices-milk,https://www.openstreetmap.org/,2026-09-28 web verification of source availability,Official,"DAHD Basic Animal Husbandry Statistics 2025, Table 35",Milk production is official government data; blank market/competition/price fields are intentionally unfilled until their respective source datasets are joined.,61.45,57.6299,3.8201000000000036,All-India average; NOT local market price,2026-09-28,Department of Consumer Affairs - Price Monitoring System,REAL_OFFICIAL_REFERENCE
IN-DAIRY-0093,93,India,Madhya Pradesh,,,State/UT,2019-20,2019-20,Milk,Milk,17108.96,000 tonnes,7.53,YoY growth (%),53.69,,,,,,,,5,,,Pending local-data join,,,0,Not populated — needs local population/consumption/transactions,Not populated — needs OSM/Overpass or verified business directory,Not populated — government milk price series is separate,NOT LOCAL-MARKET COMPLETE,Cannot calculate until local competitors + local demand + local price are joined,"Join local competitor, population/demand and current price layers before scoring market gap",Official government — DAHD BAHS 2025,Missing,Official — DAHD BAHS 2025 Table 35,Not populated — requires Consumer Affairs price-series extraction,Not populated — Census/OGD layer to be joined,Not populated — OSM/Overpass business layer to be joined,Not populated — market/business geocoding layer to be joined,https://www.dahd.gov.in/schemes/programmes/animal-husbandry-statistics,https://www.data.gov.in/catalog/dailyweekly-retail-prices-milk,https://www.openstreetmap.org/,2026-09-28 web verification of source availability,Official,"DAHD Basic Animal Husbandry Statistics 2025, Table 35",Milk production is official government data; blank market/competition/price fields are intentionally unfilled until their respective source datasets are joined.,61.45,57.6299,3.8201000000000036,All-India average; NOT local market price,2026-09-28,Department of Consumer Affairs - Price Monitoring System,REAL_OFFICIAL_REFERENCE
IN-DAIRY-0094,94,India,Madhya Pradesh,,,State/UT,2020-21,2020-21,Milk,Milk,17999.3,000 tonnes,5.2,YoY growth (%),57.4,,,,,,,,5,,,Pending local-data join,,,0,Not populated — needs local population/consumption/transactions,Not populated — needs OSM/Overpass or verified business directory,Not populated — government milk price series is separate,NOT LOCAL-MARKET COMPLETE,Cannot calculate until local competitors + local demand + local price are joined,"Join local competitor, population/demand and current price layers before scoring market gap",Official government — DAHD BAHS 2025,Missing,Official — DAHD BAHS 2025 Table 35,Not populated — requires Consumer Affairs price-series extraction,Not populated — Census/OGD layer to be joined,Not populated — OSM/Overpass business layer to be joined,Not populated — market/business geocoding layer to be joined,https://www.dahd.gov.in/schemes/programmes/animal-husbandry-statistics,https://www.data.gov.in/catalog/dailyweekly-retail-prices-milk,https://www.openstreetmap.org/,2026-09-28 web verification of source availability,Official,"DAHD Basic Animal Husbandry Statistics 2025, Table 35",Milk production is official government data; blank market/competition/price fields are intentionally unfilled until their respective source datasets are joined.,61.45,57.6299,3.8201000000000036,All-India average; NOT local market price,2026-09-28,Department of Consumer Affairs - Price Monitoring System,REAL_OFFICIAL_REFERENCE
IN-DAIRY-0095,95,India,Madhya Pradesh,,,State/UT,2021-22,2021-22,Milk,Milk,19004.25,000 tonnes,5.58,YoY growth (%),56.1,,,,,,,,5,,,Pending local-data join,,,0,Not populated — needs local population/consumption/transactions,Not populated — needs OSM/Overpass or verified business directory,Not populated — government milk price series is separate,NOT LOCAL-MARKET COMPLETE,Cannot calculate until local competitors + local demand + local price are joined,"Join local competitor, population/demand and current price layers before scoring market gap",Official government — DAHD BAHS 2025,Missing,Official — DAHD BAHS 2025 Table 35,Not populated — requires Consumer Affairs price-series extraction,Not populated — Census/OGD layer to be joined,Not populated — OSM/Overpass business layer to be joined,Not populated — market/business geocoding layer to be joined,https://www.dahd.gov.in/schemes/programmes/animal-husbandry-statistics,https://www.data.gov.in/catalog/dailyweekly-retail-prices-milk,https://www.openstreetmap.org/,2026-09-28 web verification of source availability,Official,"DAHD Basic Animal Husbandry Statistics 2025, Table 35",Milk production is official government data; blank market/competition/price fields are intentionally unfilled until their respective source datasets are joined.,61.45,57.6299,3.8201000000000036,All-India average; NOT local market price,2026-09-28,Department of Consumer Affairs - Price Monitoring System,REAL_OFFICIAL_REFERENCE
IN-DAIRY-0096,96,India,Madhya Pradesh,,,State/UT,2022-23,2022-23,Milk,Milk,20122.43,000 tonnes,5.88,YoY growth (%),55.52,,,,,,,,5,,,Pending local-data join,,,0,Not populated — needs local population/consumption/transactions,Not populated — needs OSM/Overpass or verified business directory,Not populated — government milk price series is separate,NOT LOCAL-MARKET COMPLETE,Cannot calculate until local competitors + local demand + local price are joined,"Join local competitor, population/demand and current price layers before scoring market gap",Official government — DAHD BAHS 2025,Missing,Official — DAHD BAHS 2025 Table 35,Not populated — requires Consumer Affairs price-series extraction,Not populated — Census/OGD layer to be joined,Not populated — OSM/Overpass business layer to be joined,Not populated — market/business geocoding layer to be joined,https://www.dahd.gov.in/schemes/programmes/animal-husbandry-statistics,https://www.data.gov.in/catalog/dailyweekly-retail-prices-milk,https://www.openstreetmap.org/,2026-09-28 web verification of source availability,Official,"DAHD Basic Animal Husbandry Statistics 2025, Table 35",Milk production is official government data; blank market/competition/price fields are intentionally unfilled until their respective source datasets are joined.,61.45,57.6299,3.8201000000000036,All-India average; NOT local market price,2026-09-28,Department of Consumer Affairs - Price Monitoring System,REAL_OFFICIAL_REFERENCE
IN-DAIRY-0097,97,India,Madhya Pradesh,,,State/UT,2023-24,2023-24,Milk,Milk,21326.38,000 tonnes,5.98,YoY growth (%),54.99,,,,,,,,5,,,Pending local-data join,,,0,Not populated — needs local population/consumption/transactions,Not populated — needs OSM/Overpass or verified business directory,Not populated — government milk price series is separate,NOT LOCAL-MARKET COMPLETE,Cannot calculate until local competitors + local demand + local price are joined,"Join local competitor, population/demand and current price layers before scoring market gap",Official government — DAHD BAHS 2025,Missing,Official — DAHD BAHS 2025 Table 35,Not populated — requires Consumer Affairs price-series extraction,Not populated — Census/OGD layer to be joined,Not populated — OSM/Overpass business layer to be joined,Not populated — market/business geocoding layer to be joined,https://www.dahd.gov.in/schemes/programmes/animal-husbandry-statistics,https://www.data.gov.in/catalog/dailyweekly-retail-prices-milk,https://www.openstreetmap.org/,2026-09-28 web verification of source availability,Official,"DAHD Basic Animal Husbandry Statistics 2025, Table 35",Milk production is official government data; blank market/competition/price fields are intentionally unfilled until their respective source datasets are joined.,61.45,57.6299,3.8201000000000036,All-India average; NOT local market price,2026-09-28,Department of Consumer Affairs - Price Monitoring System,REAL_OFFICIAL_REFERENCE
IN-DAIRY-0098,98,India,Madhya Pradesh,,,State/UT,2024-25,2024-25,Milk,Milk,22595.53,000 tonnes,5.95,YoY growth (%),58.21,,,,,,,,5,,,Pending local-data join,,,0,Not populated — needs local population/consumption/transactions,Not populated — needs OSM/Overpass or verified business directory,Not populated — government milk price series is separate,NOT LOCAL-MARKET COMPLETE,Cannot calculate until local competitors + local demand + local price are joined,"Join local competitor, population/demand and current price layers before scoring market gap",Official government — DAHD BAHS 2025,Missing,Official — DAHD BAHS 2025 Table 35,Not populated — requires Consumer Affairs price-series extraction,Not populated — Census/OGD layer to be joined,Not populated — OSM/Overpass business layer to be joined,Not populated — market/business geocoding layer to be joined,https://www.dahd.gov.in/schemes/programmes/animal-husbandry-statistics,https://www.data.gov.in/catalog/dailyweekly-retail-prices-milk,https://www.openstreetmap.org/,2026-09-28 web verification of source availability,Official,"DAHD Basic Animal Husbandry Statistics 2025, Table 35",Milk production is official government data; blank market/competition/price fields are intentionally unfilled until their respective source datasets are joined.,61.45,57.6299,3.8201000000000036,All-India average; NOT local market price,2026-09-28,Department of Consumer Affairs - Price Monitoring System,REAL_OFFICIAL_REFERENCE
IN-DAIRY-0099,99,India,Maharashtra,,,State/UT,2018-19,2018-19,Milk,Milk,11655.46,000 tonnes,,YoY growth (%),38.19,,,,,,,,5,,,Pending local-data join,,,0,Not populated — needs local population/consumption/transactions,Not populated — needs OSM/Overpass or verified business directory,Not populated — government milk price series is separate,NOT LOCAL-MARKET COMPLETE,Cannot calculate until local competitors + local demand + local price are joined,"Join local competitor, population/demand and current price layers before scoring market gap",Official government — DAHD BAHS 2025,Missing,Official — DAHD BAHS 2025 Table 35,Not populated — requires Consumer Affairs price-series extraction,Not populated — Census/OGD layer to be joined,Not populated — OSM/Overpass business layer to be joined,Not populated — market/business geocoding layer to be joined,https://www.dahd.gov.in/schemes/programmes/animal-husbandry-statistics,https://www.data.gov.in/catalog/dailyweekly-retail-prices-milk,https://www.openstreetmap.org/,2026-09-28 web verification of source availability,Official,"DAHD Basic Animal Husbandry Statistics 2025, Table 35",Milk production is official government data; blank market/competition/price fields are intentionally unfilled until their respective source datasets are joined.,61.45,57.6299,3.8201000000000036,All-India average; NOT local market price,2026-09-28,Department of Consumer Affairs - Price Monitoring System,REAL_OFFICIAL_REFERENCE
IN-DAIRY-0100,100,India,Maharashtra,,,State/UT,2019-20,2019-20,Milk,Milk,12024.26,000 tonnes,3.16,YoY growth (%),37.73,,,,,,,,5,,,Pending local-data join,,,0,Not populated — needs local population/consumption/transactions,Not populated — needs OSM/Overpass or verified business directory,Not populated — government milk price series is separate,NOT LOCAL-MARKET COMPLETE,Cannot calculate until local competitors + local demand + local price are joined,"Join local competitor, population/demand and current price layers before scoring market gap",Official government — DAHD BAHS 2025,Missing,Official — DAHD BAHS 2025 Table 35,Not populated — requires Consumer Affairs price-series extraction,Not populated — Census/OGD layer to be joined,Not populated — OSM/Overpass business layer to be joined,Not populated — market/business geocoding layer to be joined,https://www.dahd.gov.in/schemes/programmes/animal-husbandry-statistics,https://www.data.gov.in/catalog/dailyweekly-retail-prices-milk,https://www.openstreetmap.org/,2026-09-28 web verification of source availability,Official,"DAHD Basic Animal Husbandry Statistics 2025, Table 35",Milk production is official government data; blank market/competition/price fields are intentionally unfilled until their respective source datasets are joined.,61.45,57.6299,3.8201000000000036,All-India average; NOT local market price,2026-09-28,Department of Consumer Affairs - Price Monitoring System,REAL_OFFICIAL_REFERENCE
IN-DAIRY-0101,101,India,Maharashtra,,,State/UT,2020-21,2020-21,Milk,Milk,13703.32,000 tonnes,13.96,YoY growth (%),43.7,,,,,,,,5,,,Pending local-data join,,,0,Not populated — needs local population/consumption/transactions,Not populated — needs OSM/Overpass or verified business directory,Not populated — government milk price series is separate,NOT LOCAL-MARKET COMPLETE,Cannot calculate until local competitors + local demand + local price are joined,"Join local competitor, population/demand and current price layers before scoring market gap",Official government — DAHD BAHS 2025,Missing,Official — DAHD BAHS 2025 Table 35,Not populated — requires Consumer Affairs price-series extraction,Not populated — Census/OGD layer to be joined,Not populated — OSM/Overpass business layer to be joined,Not populated — market/business geocoding layer to be joined,https://www.dahd.gov.in/schemes/programmes/animal-husbandry-statistics,https://www.data.gov.in/catalog/dailyweekly-retail-prices-milk,https://www.openstreetmap.org/,2026-09-28 web verification of source availability,Official,"DAHD Basic Animal Husbandry Statistics 2025, Table 35",Milk production is official government data; blank market/competition/price fields are intentionally unfilled until their respective source datasets are joined.,61.45,57.6299,3.8201000000000036,All-India average; NOT local market price,2026-09-28,Department of Consumer Affairs - Price Monitoring System,REAL_OFFICIAL_REFERENCE
IN-DAIRY-0102,102,India,Maharashtra,,,State/UT,2021-22,2021-22,Milk,Milk,14304.51,000 tonnes,4.39,YoY growth (%),42.23,,,,,,,,5,,,Pending local-data join,,,0,Not populated — needs local population/consumption/transactions,Not populated — needs OSM/Overpass or verified business directory,Not populated — government milk price series is separate,NOT LOCAL-MARKET COMPLETE,Cannot calculate until local competitors + local demand + local price are joined,"Join local competitor, population/demand and current price layers before scoring market gap",Official government — DAHD BAHS 2025,Missing,Official — DAHD BAHS 2025 Table 35,Not populated — requires Consumer Affairs price-series extraction,Not populated — Census/OGD layer to be joined,Not populated — OSM/Overpass business layer to be joined,Not populated — market/business geocoding layer to be joined,https://www.dahd.gov.in/schemes/programmes/animal-husbandry-statistics,https://www.data.gov.in/catalog/dailyweekly-retail-prices-milk,https://www.openstreetmap.org/,2026-09-28 web verification of source availability,Official,"DAHD Basic Animal Husbandry Statistics 2025, Table 35",Milk production is official government data; blank market/competition/price fields are intentionally unfilled until their respective source datasets are joined.,61.45,57.6299,3.8201000000000036,All-India average; NOT local market price,2026-09-28,Department of Consumer Affairs - Price Monitoring System,REAL_OFFICIAL_REFERENCE
IN-DAIRY-0103,103,India,Maharashtra,,,State/UT,2022-23,2022-23,Milk,Milk,15041.86,000 tonnes,5.15,YoY growth (%),41.5,,,,,,,,5,,,Pending local-data join,,,0,Not populated — needs local population/consumption/transactions,Not populated — needs OSM/Overpass or verified business directory,Not populated — government milk price series is separate,NOT LOCAL-MARKET COMPLETE,Cannot calculate until local competitors + local demand + local price are joined,"Join local competitor, population/demand and current price layers before scoring market gap",Official government — DAHD BAHS 2025,Missing,Official — DAHD BAHS 2025 Table 35,Not populated — requires Consumer Affairs price-series extraction,Not populated — Census/OGD layer to be joined,Not populated — OSM/Overpass business layer to be joined,Not populated — market/business geocoding layer to be joined,https://www.dahd.gov.in/schemes/programmes/animal-husbandry-statistics,https://www.data.gov.in/catalog/dailyweekly-retail-prices-milk,https://www.openstreetmap.org/,2026-09-28 web verification of source availability,Official,"DAHD Basic Animal Husbandry Statistics 2025, Table 35",Milk production is official government data; blank market/competition/price fields are intentionally unfilled until their respective source datasets are joined.,61.45,57.6299,3.8201000000000036,All-India average; NOT local market price,2026-09-28,Department of Consumer Affairs - Price Monitoring System,REAL_OFFICIAL_REFERENCE
IN-DAIRY-0104,104,India,Maharashtra,,,State/UT,2023-24,2023-24,Milk,Milk,16045.41,000 tonnes,6.67,YoY growth (%),41.38,,,,,,,,5,,,Pending local-data join,,,0,Not populated — needs local population/consumption/transactions,Not populated — needs OSM/Overpass or verified business directory,Not populated — government milk price series is separate,NOT LOCAL-MARKET COMPLETE,Cannot calculate until local competitors + local demand + local price are joined,"Join local competitor, population/demand and current price layers before scoring market gap",Official government — DAHD BAHS 2025,Missing,Official — DAHD BAHS 2025 Table 35,Not populated — requires Consumer Affairs price-series extraction,Not populated — Census/OGD layer to be joined,Not populated — OSM/Overpass business layer to be joined,Not populated — market/business geocoding layer to be joined,https://www.dahd.gov.in/schemes/programmes/animal-husbandry-statistics,https://www.data.gov.in/catalog/dailyweekly-retail-prices-milk,https://www.openstreetmap.org/,2026-09-28 web verification of source availability,Official,"DAHD Basic Animal Husbandry Statistics 2025, Table 35",Milk production is official government data; blank market/competition/price fields are intentionally unfilled until their respective source datasets are joined.,61.45,57.6299,3.8201000000000036,All-India average; NOT local market price,2026-09-28,Department of Consumer Affairs - Price Monitoring System,REAL_OFFICIAL_REFERENCE
IN-DAIRY-0105,105,India,Maharashtra,,,State/UT,2024-25,2024-25,Milk,Milk,16625.59,000 tonnes,3.62,YoY growth (%),42.83,,,,,,,,5,,,Pending local-data join,,,0,Not populated — needs local population/consumption/transactions,Not populated — needs OSM/Overpass or verified business directory,Not populated — government milk price series is separate,NOT LOCAL-MARKET COMPLETE,Cannot calculate until local competitors + local demand + local price are joined,"Join local competitor, population/demand and current price layers before scoring market gap",Official government — DAHD BAHS 2025,Missing,Official — DAHD BAHS 2025 Table 35,Not populated — requires Consumer Affairs price-series extraction,Not populated — Census/OGD layer to be joined,Not populated — OSM/Overpass business layer to be joined,Not populated — market/business geocoding layer to be joined,https://www.dahd.gov.in/schemes/programmes/animal-husbandry-statistics,https://www.data.gov.in/catalog/dailyweekly-retail-prices-milk,https://www.openstreetmap.org/,2026-09-28 web verification of source availability,Official,"DAHD Basic Animal Husbandry Statistics 2025, Table 35",Milk production is official government data; blank market/competition/price fields are intentionally unfilled until their respective source datasets are joined.,61.45,57.6299,3.8201000000000036,All-India average; NOT local market price,2026-09-28,Department of Consumer Affairs - Price Monitoring System,REAL_OFFICIAL_REFERENCE
IN-DAIRY-0106,106,India,Manipur,,,State/UT,2018-19,2018-19,Milk,Milk,85.75,000 tonnes,,YoY growth (%),0.28,,,,,,,,5,,,Pending local-data join,,,0,Not populated — needs local population/consumption/transactions,Not populated — needs OSM/Overpass or verified business directory,Not populated — government milk price series is separate,NOT LOCAL-MARKET COMPLETE,Cannot calculate until local competitors + local demand + local price are joined,"Join local competitor, population/demand and current price layers before scoring market gap",Official government — DAHD BAHS 2025,Missing,Official — DAHD BAHS 2025 Table 35,Not populated — requires Consumer Affairs price-series extraction,Not populated — Census/OGD layer to be joined,Not populated — OSM/Overpass business layer to be joined,Not populated — market/business geocoding layer to be joined,https://www.dahd.gov.in/schemes/programmes/animal-husbandry-statistics,https://www.data.gov.in/catalog/dailyweekly-retail-prices-milk,https://www.openstreetmap.org/,2026-09-28 web verification of source availability,Official,"DAHD Basic Animal Husbandry Statistics 2025, Table 35",Milk production is official government data; blank market/competition/price fields are intentionally unfilled until their respective source datasets are joined.,61.45,57.6299,3.8201000000000036,All-India average; NOT local market price,2026-09-28,Department of Consumer Affairs - Price Monitoring System,REAL_OFFICIAL_REFERENCE
IN-DAIRY-0107,107,India,Manipur,,,State/UT,2019-20,2019-20,Milk,Milk,89.65,000 tonnes,4.55,YoY growth (%),0.28,,,,,,,,5,,,Pending local-data join,,,0,Not populated — needs local population/consumption/transactions,Not populated — needs OSM/Overpass or verified business directory,Not populated — government milk price series is separate,NOT LOCAL-MARKET COMPLETE,Cannot calculate until local competitors + local demand + local price are joined,"Join local competitor, population/demand and current price layers before scoring market gap",Official government — DAHD BAHS 2025,Missing,Official — DAHD BAHS 2025 Table 35,Not populated — requires Consumer Affairs price-series extraction,Not populated — Census/OGD layer to be joined,Not populated — OSM/Overpass business layer to be joined,Not populated — market/business geocoding layer to be joined,https://www.dahd.gov.in/schemes/programmes/animal-husbandry-statistics,https://www.data.gov.in/catalog/dailyweekly-retail-prices-milk,https://www.openstreetmap.org/,2026-09-28 web verification of source availability,Official,"DAHD Basic Animal Husbandry Statistics 2025, Table 35",Milk production is official government data; blank market/competition/price fields are intentionally unfilled until their respective source datasets are joined.,61.45,57.6299,3.8201000000000036,All-India average; NOT local market price,2026-09-28,Department of Consumer Affairs - Price Monitoring System,REAL_OFFICIAL_REFERENCE
IN-DAIRY-0108,108,India,Manipur,,,State/UT,2020-21,2020-21,Milk,Milk,71.05,000 tonnes,-20.75,YoY growth (%),0.22,,,,,,,,5,,,Pending local-data join,,,0,Not populated — needs local population/consumption/transactions,Not populated — needs OSM/Overpass or verified business directory,Not populated — government milk price series is separate,NOT LOCAL-MARKET COMPLETE,Cannot calculate until local competitors + local demand + local price are joined,"Join local competitor, population/demand and current price layers before scoring market gap",Official government — DAHD BAHS 2025,Missing,Official — DAHD BAHS 2025 Table 35,Not populated — requires Consumer Affairs price-series extraction,Not populated — Census/OGD layer to be joined,Not populated — OSM/Overpass business layer to be joined,Not populated — market/business geocoding layer to be joined,https://www.dahd.gov.in/schemes/programmes/animal-husbandry-statistics,https://www.data.gov.in/catalog/dailyweekly-retail-prices-milk,https://www.openstreetmap.org/,2026-09-28 web verification of source availability,Official,"DAHD Basic Animal Husbandry Statistics 2025, Table 35",Milk production is official government data; blank market/competition/price fields are intentionally unfilled until their respective source datasets are joined.,61.45,57.6299,3.8201000000000036,All-India average; NOT local market price,2026-09-28,Department of Consumer Affairs - Price Monitoring System,REAL_OFFICIAL_REFERENCE
IN-DAIRY-0109,109,India,Manipur,,,State/UT,2021-22,2021-22,Milk,Milk,75.55,000 tonnes,6.33,YoY growth (%),0.22,,,,,,,,5,,,Pending local-data join,,,0,Not populated — needs local population/consumption/transactions,Not populated — needs OSM/Overpass or verified business directory,Not populated — government milk price series is separate,NOT LOCAL-MARKET COMPLETE,Cannot calculate until local competitors + local demand + local price are joined,"Join local competitor, population/demand and current price layers before scoring market gap",Official government — DAHD BAHS 2025,Missing,Official — DAHD BAHS 2025 Table 35,Not populated — requires Consumer Affairs price-series extraction,Not populated — Census/OGD layer to be joined,Not populated — OSM/Overpass business layer to be joined,Not populated — market/business geocoding layer to be joined,https://www.dahd.gov.in/schemes/programmes/animal-husbandry-statistics,https://www.data.gov.in/catalog/dailyweekly-retail-prices-milk,https://www.openstreetmap.org/,2026-09-28 web verification of source availability,Official,"DAHD Basic Animal Husbandry Statistics 2025, Table 35",Milk production is official government data; blank market/competition/price fields are intentionally unfilled until their respective source datasets are joined.,61.45,57.6299,3.8201000000000036,All-India average; NOT local market price,2026-09-28,Department of Consumer Affairs - Price Monitoring System,REAL_OFFICIAL_REFERENCE
IN-DAIRY-0110,110,India,Manipur,,,State/UT,2022-23,2022-23,Milk,Milk,71.87,000 tonnes,-4.87,YoY growth (%),0.2,,,,,,,,5,,,Pending local-data join,,,0,Not populated — needs local population/consumption/transactions,Not populated — needs OSM/Overpass or verified business directory,Not populated — government milk price series is separate,NOT LOCAL-MARKET COMPLETE,Cannot calculate until local competitors + local demand + local price are joined,"Join local competitor, population/demand and current price layers before scoring market gap",Official government — DAHD BAHS 2025,Missing,Official — DAHD BAHS 2025 Table 35,Not populated — requires Consumer Affairs price-series extraction,Not populated — Census/OGD layer to be joined,Not populated — OSM/Overpass business layer to be joined,Not populated — market/business geocoding layer to be joined,https://www.dahd.gov.in/schemes/programmes/animal-husbandry-statistics,https://www.data.gov.in/catalog/dailyweekly-retail-prices-milk,https://www.openstreetmap.org/,2026-09-28 web verification of source availability,Official,"DAHD Basic Animal Husbandry Statistics 2025, Table 35",Milk production is official government data; blank market/competition/price fields are intentionally unfilled until their respective source datasets are joined.,61.45,57.6299,3.8201000000000036,All-India average; NOT local market price,2026-09-28,Department of Consumer Affairs - Price Monitoring System,REAL_OFFICIAL_REFERENCE
IN-DAIRY-0111,111,India,Manipur,,,State/UT,2023-24,2023-24,Milk,Milk,63.37,000 tonnes,-11.83,YoY growth (%),0.16,,,,,,,,5,,,Pending local-data join,,,0,Not populated — needs local population/consumption/transactions,Not populated — needs OSM/Overpass or verified business directory,Not populated — government milk price series is separate,NOT LOCAL-MARKET COMPLETE,Cannot calculate until local competitors + local demand + local price are joined,"Join local competitor, population/demand and current price layers before scoring market gap",Official government — DAHD BAHS 2025,Missing,Official — DAHD BAHS 2025 Table 35,Not populated — requires Consumer Affairs price-series extraction,Not populated — Census/OGD layer to be joined,Not populated — OSM/Overpass business layer to be joined,Not populated — market/business geocoding layer to be joined,https://www.dahd.gov.in/schemes/programmes/animal-husbandry-statistics,https://www.data.gov.in/catalog/dailyweekly-retail-prices-milk,https://www.openstreetmap.org/,2026-09-28 web verification of source availability,Official,"DAHD Basic Animal Husbandry Statistics 2025, Table 35",Milk production is official government data; blank market/competition/price fields are intentionally unfilled until their respective source datasets are joined.,61.45,57.6299,3.8201000000000036,All-India average; NOT local market price,2026-09-28,Department of Consumer Affairs - Price Monitoring System,REAL_OFFICIAL_REFERENCE
IN-DAIRY-0112,112,India,Manipur,,,State/UT,2024-25,2024-25,Milk,Milk,48.89,000 tonnes,-22.85,YoY growth (%),0.12,,,,,,,,5,,,Pending local-data join,,,0,Not populated — needs local population/consumption/transactions,Not populated — needs OSM/Overpass or verified business directory,Not populated — government milk price series is separate,NOT LOCAL-MARKET COMPLETE,Cannot calculate until local competitors + local demand + local price are joined,"Join local competitor, population/demand and current price layers before scoring market gap",Official government — DAHD BAHS 2025,Missing,Official — DAHD BAHS 2025 Table 35,Not populated — requires Consumer Affairs price-series extraction,Not populated — Census/OGD layer to be joined,Not populated — OSM/Overpass business layer to be joined,Not populated — market/business geocoding layer to be joined,https://www.dahd.gov.in/schemes/programmes/animal-husbandry-statistics,https://www.data.gov.in/catalog/dailyweekly-retail-prices-milk,https://www.openstreetmap.org/,2026-09-28 web verification of source availability,Official,"DAHD Basic Animal Husbandry Statistics 2025, Table 35",Milk production is official government data; blank market/competition/price fields are intentionally unfilled until their respective source datasets are joined.,61.45,57.6299,3.8201000000000036,All-India average; NOT local market price,2026-09-28,Department of Consumer Affairs - Price Monitoring System,REAL_OFFICIAL_REFERENCE
IN-DAIRY-0113,113,India,Meghalaya,,,State/UT,2018-19,2018-19,Milk,Milk,86.61,000 tonnes,,YoY growth (%),0.28,,,,,,,,5,,,Pending local-data join,,,0,Not populated — needs local population/consumption/transactions,Not populated — needs OSM/Overpass or verified business directory,Not populated — government milk price series is separate,NOT LOCAL-MARKET COMPLETE,Cannot calculate until local competitors + local demand + local price are joined,"Join local competitor, population/demand and current price layers before scoring market gap",Official government — DAHD BAHS 2025,Missing,Official — DAHD BAHS 2025 Table 35,Not populated — requires Consumer Affairs price-series extraction,Not populated — Census/OGD layer to be joined,Not populated — OSM/Overpass business layer to be joined,Not populated — market/business geocoding layer to be joined,https://www.dahd.gov.in/schemes/programmes/animal-husbandry-statistics,https://www.data.gov.in/catalog/dailyweekly-retail-prices-milk,https://www.openstreetmap.org/,2026-09-28 web verification of source availability,Official,"DAHD Basic Animal Husbandry Statistics 2025, Table 35",Milk production is official government data; blank market/competition/price fields are intentionally unfilled until their respective source datasets are joined.,61.45,57.6299,3.8201000000000036,All-India average; NOT local market price,2026-09-28,Department of Consumer Affairs - Price Monitoring System,REAL_OFFICIAL_REFERENCE
IN-DAIRY-0114,114,India,Meghalaya,,,State/UT,2019-20,2019-20,Milk,Milk,87.6,000 tonnes,1.14,YoY growth (%),0.27,,,,,,,,5,,,Pending local-data join,,,0,Not populated — needs local population/consumption/transactions,Not populated — needs OSM/Overpass or verified business directory,Not populated — government milk price series is separate,NOT LOCAL-MARKET COMPLETE,Cannot calculate until local competitors + local demand + local price are joined,"Join local competitor, population/demand and current price layers before scoring market gap",Official government — DAHD BAHS 2025,Missing,Official — DAHD BAHS 2025 Table 35,Not populated — requires Consumer Affairs price-series extraction,Not populated — Census/OGD layer to be joined,Not populated — OSM/Overpass business layer to be joined,Not populated — market/business geocoding layer to be joined,https://www.dahd.gov.in/schemes/programmes/animal-husbandry-statistics,https://www.data.gov.in/catalog/dailyweekly-retail-prices-milk,https://www.openstreetmap.org/,2026-09-28 web verification of source availability,Official,"DAHD Basic Animal Husbandry Statistics 2025, Table 35",Milk production is official government data; blank market/competition/price fields are intentionally unfilled until their respective source datasets are joined.,61.45,57.6299,3.8201000000000036,All-India average; NOT local market price,2026-09-28,Department of Consumer Affairs - Price Monitoring System,REAL_OFFICIAL_REFERENCE
IN-DAIRY-0115,115,India,Meghalaya,,,State/UT,2020-21,2020-21,Milk,Milk,89.14,000 tonnes,1.76,YoY growth (%),0.28,,,,,,,,5,,,Pending local-data join,,,0,Not populated — needs local population/consumption/transactions,Not populated — needs OSM/Overpass or verified business directory,Not populated — government milk price series is separate,NOT LOCAL-MARKET COMPLETE,Cannot calculate until local competitors + local demand + local price are joined,"Join local competitor, population/demand and current price layers before scoring market gap",Official government — DAHD BAHS 2025,Missing,Official — DAHD BAHS 2025 Table 35,Not populated — requires Consumer Affairs price-series extraction,Not populated — Census/OGD layer to be joined,Not populated — OSM/Overpass business layer to be joined,Not populated — market/business geocoding layer to be joined,https://www.dahd.gov.in/schemes/programmes/animal-husbandry-statistics,https://www.data.gov.in/catalog/dailyweekly-retail-prices-milk,https://www.openstreetmap.org/,2026-09-28 web verification of source availability,Official,"DAHD Basic Animal Husbandry Statistics 2025, Table 35",Milk production is official government data; blank market/competition/price fields are intentionally unfilled until their respective source datasets are joined.,61.45,57.6299,3.8201000000000036,All-India average; NOT local market price,2026-09-28,Department of Consumer Affairs - Price Monitoring System,REAL_OFFICIAL_REFERENCE
IN-DAIRY-0116,116,India,Meghalaya,,,State/UT,2021-22,2021-22,Milk,Milk,90.23,000 tonnes,1.22,YoY growth (%),0.27,,,,,,,,5,,,Pending local-data join,,,0,Not populated — needs local population/consumption/transactions,Not populated — needs OSM/Overpass or verified business directory,Not populated — government milk price series is separate,NOT LOCAL-MARKET COMPLETE,Cannot calculate until local competitors + local demand + local price are joined,"Join local competitor, population/demand and current price layers before scoring market gap",Official government — DAHD BAHS 2025,Missing,Official — DAHD BAHS 2025 Table 35,Not populated — requires Consumer Affairs price-series extraction,Not populated — Census/OGD layer to be joined,Not populated — OSM/Overpass business layer to be joined,Not populated — market/business geocoding layer to be joined,https://www.dahd.gov.in/schemes/programmes/animal-husbandry-statistics,https://www.data.gov.in/catalog/dailyweekly-retail-prices-milk,https://www.openstreetmap.org/,2026-09-28 web verification of source availability,Official,"DAHD Basic Animal Husbandry Statistics 2025, Table 35",Milk production is official government data; blank market/competition/price fields are intentionally unfilled until their respective source datasets are joined.,61.45,57.6299,3.8201000000000036,All-India average; NOT local market price,2026-09-28,Department of Consumer Affairs - Price Monitoring System,REAL_OFFICIAL_REFERENCE
IN-DAIRY-0117,117,India,Meghalaya,,,State/UT,2022-23,2022-23,Milk,Milk,93.51,000 tonnes,3.64,YoY growth (%),0.26,,,,,,,,5,,,Pending local-data join,,,0,Not populated — needs local population/consumption/transactions,Not populated — needs OSM/Overpass or verified business directory,Not populated — government milk price series is separate,NOT LOCAL-MARKET COMPLETE,Cannot calculate until local competitors + local demand + local price are joined,"Join local competitor, population/demand and current price layers before scoring market gap",Official government — DAHD BAHS 2025,Missing,Official — DAHD BAHS 2025 Table 35,Not populated — requires Consumer Affairs price-series extraction,Not populated — Census/OGD layer to be joined,Not populated — OSM/Overpass business layer to be joined,Not populated — market/business geocoding layer to be joined,https://www.dahd.gov.in/schemes/programmes/animal-husbandry-statistics,https://www.data.gov.in/catalog/dailyweekly-retail-prices-milk,https://www.openstreetmap.org/,2026-09-28 web verification of source availability,Official,"DAHD Basic Animal Husbandry Statistics 2025, Table 35",Milk production is official government data; blank market/competition/price fields are intentionally unfilled until their respective source datasets are joined.,61.45,57.6299,3.8201000000000036,All-India average; NOT local market price,2026-09-28,Department of Consumer Affairs - Price Monitoring System,REAL_OFFICIAL_REFERENCE
IN-DAIRY-0118,118,India,Meghalaya,,,State/UT,2023-24,2023-24,Milk,Milk,97.04,000 tonnes,3.77,YoY growth (%),0.25,,,,,,,,5,,,Pending local-data join,,,0,Not populated — needs local population/consumption/transactions,Not populated — needs OSM/Overpass or verified business directory,Not populated — government milk price series is separate,NOT LOCAL-MARKET COMPLETE,Cannot calculate until local competitors + local demand + local price are joined,"Join local competitor, population/demand and current price layers before scoring market gap",Official government — DAHD BAHS 2025,Missing,Official — DAHD BAHS 2025 Table 35,Not populated — requires Consumer Affairs price-series extraction,Not populated — Census/OGD layer to be joined,Not populated — OSM/Overpass business layer to be joined,Not populated — market/business geocoding layer to be joined,https://www.dahd.gov.in/schemes/programmes/animal-husbandry-statistics,https://www.data.gov.in/catalog/dailyweekly-retail-prices-milk,https://www.openstreetmap.org/,2026-09-28 web verification of source availability,Official,"DAHD Basic Animal Husbandry Statistics 2025, Table 35",Milk production is official government data; blank market/competition/price fields are intentionally unfilled until their respective source datasets are joined.,61.45,57.6299,3.8201000000000036,All-India average; NOT local market price,2026-09-28,Department of Consumer Affairs - Price Monitoring System,REAL_OFFICIAL_REFERENCE
IN-DAIRY-0119,119,India,Meghalaya,,,State/UT,2024-25,2024-25,Milk,Milk,93.95,000 tonnes,-3.18,YoY growth (%),0.24,,,,,,,,5,,,Pending local-data join,,,0,Not populated — needs local population/consumption/transactions,Not populated — needs OSM/Overpass or verified business directory,Not populated — government milk price series is separate,NOT LOCAL-MARKET COMPLETE,Cannot calculate until local competitors + local demand + local price are joined,"Join local competitor, population/demand and current price layers before scoring market gap",Official government — DAHD BAHS 2025,Missing,Official — DAHD BAHS 2025 Table 35,Not populated — requires Consumer Affairs price-series extraction,Not populated — Census/OGD layer to be joined,Not populated — OSM/Overpass business layer to be joined,Not populated — market/business geocoding layer to be joined,https://www.dahd.gov.in/schemes/programmes/animal-husbandry-statistics,https://www.data.gov.in/catalog/dailyweekly-retail-prices-milk,https://www.openstreetmap.org/,2026-09-28 web verification of source availability,Official,"DAHD Basic Animal Husbandry Statistics 2025, Table 35",Milk production is official government data; blank market/competition/price fields are intentionally unfilled until their respective source datasets are joined.,61.45,57.6299,3.8201000000000036,All-India average; NOT local market price,2026-09-28,Department of Consumer Affairs - Price Monitoring System,REAL_OFFICIAL_REFERENCE
IN-DAIRY-0120,120,India,Mizoram,,,State/UT,2018-19,2018-19,Milk,Milk,25.75,000 tonnes,,YoY growth (%),0.08,,,,,,,,5,,,Pending local-data join,,,0,Not populated — needs local population/consumption/transactions,Not populated — needs OSM/Overpass or verified business directory,Not populated — government milk price series is separate,NOT LOCAL-MARKET COMPLETE,Cannot calculate until local competitors + local demand + local price are joined,"Join local competitor, population/demand and current price layers before scoring market gap",Official government — DAHD BAHS 2025,Missing,Official — DAHD BAHS 2025 Table 35,Not populated — requires Consumer Affairs price-series extraction,Not populated — Census/OGD layer to be joined,Not populated — OSM/Overpass business layer to be joined,Not populated — market/business geocoding layer to be joined,https://www.dahd.gov.in/schemes/programmes/animal-husbandry-statistics,https://www.data.gov.in/catalog/dailyweekly-retail-prices-milk,https://www.openstreetmap.org/,2026-09-28 web verification of source availability,Official,"DAHD Basic Animal Husbandry Statistics 2025, Table 35",Milk production is official government data; blank market/competition/price fields are intentionally unfilled until their respective source datasets are joined.,61.45,57.6299,3.8201000000000036,All-India average; NOT local market price,2026-09-28,Department of Consumer Affairs - Price Monitoring System,REAL_OFFICIAL_REFERENCE
IN-DAIRY-0121,121,India,Mizoram,,,State/UT,2019-20,2019-20,Milk,Milk,23.53,000 tonnes,-8.62,YoY growth (%),0.07,,,,,,,,5,,,Pending local-data join,,,0,Not populated — needs local population/consumption/transactions,Not populated — needs OSM/Overpass or verified business directory,Not populated — government milk price series is separate,NOT LOCAL-MARKET COMPLETE,Cannot calculate until local competitors + local demand + local price are joined,"Join local competitor, population/demand and current price layers before scoring market gap",Official government — DAHD BAHS 2025,Missing,Official — DAHD BAHS 2025 Table 35,Not populated — requires Consumer Affairs price-series extraction,Not populated — Census/OGD layer to be joined,Not populated — OSM/Overpass business layer to be joined,Not populated — market/business geocoding layer to be joined,https://www.dahd.gov.in/schemes/programmes/animal-husbandry-statistics,https://www.data.gov.in/catalog/dailyweekly-retail-prices-milk,https://www.openstreetmap.org/,2026-09-28 web verification of source availability,Official,"DAHD Basic Animal Husbandry Statistics 2025, Table 35",Milk production is official government data; blank market/competition/price fields are intentionally unfilled until their respective source datasets are joined.,61.45,57.6299,3.8201000000000036,All-India average; NOT local market price,2026-09-28,Department of Consumer Affairs - Price Monitoring System,REAL_OFFICIAL_REFERENCE
IN-DAIRY-0122,122,India,Mizoram,,,State/UT,2020-21,2020-21,Milk,Milk,25.38,000 tonnes,7.86,YoY growth (%),0.08,,,,,,,,5,,,Pending local-data join,,,0,Not populated — needs local population/consumption/transactions,Not populated — needs OSM/Overpass or verified business directory,Not populated — government milk price series is separate,NOT LOCAL-MARKET COMPLETE,Cannot calculate until local competitors + local demand + local price are joined,"Join local competitor, population/demand and current price layers before scoring market gap",Official government — DAHD BAHS 2025,Missing,Official — DAHD BAHS 2025 Table 35,Not populated — requires Consumer Affairs price-series extraction,Not populated — Census/OGD layer to be joined,Not populated — OSM/Overpass business layer to be joined,Not populated — market/business geocoding layer to be joined,https://www.dahd.gov.in/schemes/programmes/animal-husbandry-statistics,https://www.data.gov.in/catalog/dailyweekly-retail-prices-milk,https://www.openstreetmap.org/,2026-09-28 web verification of source availability,Official,"DAHD Basic Animal Husbandry Statistics 2025, Table 35",Milk production is official government data; blank market/competition/price fields are intentionally unfilled until their respective source datasets are joined.,61.45,57.6299,3.8201000000000036,All-India average; NOT local market price,2026-09-28,Department of Consumer Affairs - Price Monitoring System,REAL_OFFICIAL_REFERENCE
IN-DAIRY-0123,123,India,Mizoram,,,State/UT,2021-22,2021-22,Milk,Milk,24.59,000 tonnes,-3.11,YoY growth (%),0.07,,,,,,,,5,,,Pending local-data join,,,0,Not populated — needs local population/consumption/transactions,Not populated — needs OSM/Overpass or verified business directory,Not populated — government milk price series is separate,NOT LOCAL-MARKET COMPLETE,Cannot calculate until local competitors + local demand + local price are joined,"Join local competitor, population/demand and current price layers before scoring market gap",Official government — DAHD BAHS 2025,Missing,Official — DAHD BAHS 2025 Table 35,Not populated — requires Consumer Affairs price-series extraction,Not populated — Census/OGD layer to be joined,Not populated — OSM/Overpass business layer to be joined,Not populated — market/business geocoding layer to be joined,https://www.dahd.gov.in/schemes/programmes/animal-husbandry-statistics,https://www.data.gov.in/catalog/dailyweekly-retail-prices-milk,https://www.openstreetmap.org/,2026-09-28 web verification of source availability,Official,"DAHD Basic Animal Husbandry Statistics 2025, Table 35",Milk production is official government data; blank market/competition/price fields are intentionally unfilled until their respective source datasets are joined.,61.45,57.6299,3.8201000000000036,All-India average; NOT local market price,2026-09-28,Department of Consumer Affairs - Price Monitoring System,REAL_OFFICIAL_REFERENCE
IN-DAIRY-0124,124,India,Mizoram,,,State/UT,2022-23,2022-23,Milk,Milk,24.48,000 tonnes,-0.45,YoY growth (%),0.07,,,,,,,,5,,,Pending local-data join,,,0,Not populated — needs local population/consumption/transactions,Not populated — needs OSM/Overpass or verified business directory,Not populated — government milk price series is separate,NOT LOCAL-MARKET COMPLETE,Cannot calculate until local competitors + local demand + local price are joined,"Join local competitor, population/demand and current price layers before scoring market gap",Official government — DAHD BAHS 2025,Missing,Official — DAHD BAHS 2025 Table 35,Not populated — requires Consumer Affairs price-series extraction,Not populated — Census/OGD layer to be joined,Not populated — OSM/Overpass business layer to be joined,Not populated — market/business geocoding layer to be joined,https://www.dahd.gov.in/schemes/programmes/animal-husbandry-statistics,https://www.data.gov.in/catalog/dailyweekly-retail-prices-milk,https://www.openstreetmap.org/,2026-09-28 web verification of source availability,Official,"DAHD Basic Animal Husbandry Statistics 2025, Table 35",Milk production is official government data; blank market/competition/price fields are intentionally unfilled until their respective source datasets are joined.,61.45,57.6299,3.8201000000000036,All-India average; NOT local market price,2026-09-28,Department of Consumer Affairs - Price Monitoring System,REAL_OFFICIAL_REFERENCE
IN-DAIRY-0125,125,India,Mizoram,,,State/UT,2023-24,2023-24,Milk,Milk,25.43,000 tonnes,3.88,YoY growth (%),0.06,,,,,,,,5,,,Pending local-data join,,,0,Not populated — needs local population/consumption/transactions,Not populated — needs OSM/Overpass or verified business directory,Not populated — government milk price series is separate,NOT LOCAL-MARKET COMPLETE,Cannot calculate until local competitors + local demand + local price are joined,"Join local competitor, population/demand and current price layers before scoring market gap",Official government — DAHD BAHS 2025,Missing,Official — DAHD BAHS 2025 Table 35,Not populated — requires Consumer Affairs price-series extraction,Not populated — Census/OGD layer to be joined,Not populated — OSM/Overpass business layer to be joined,Not populated — market/business geocoding layer to be joined,https://www.dahd.gov.in/schemes/programmes/animal-husbandry-statistics,https://www.data.gov.in/catalog/dailyweekly-retail-prices-milk,https://www.openstreetmap.org/,2026-09-28 web verification of source availability,Official,"DAHD Basic Animal Husbandry Statistics 2025, Table 35",Milk production is official government data; blank market/competition/price fields are intentionally unfilled until their respective source datasets are joined.,61.45,57.6299,3.8201000000000036,All-India average; NOT local market price,2026-09-28,Department of Consumer Affairs - Price Monitoring System,REAL_OFFICIAL_REFERENCE
IN-DAIRY-0126,126,India,Mizoram,,,State/UT,2024-25,2024-25,Milk,Milk,23.51,000 tonnes,-7.55,YoY growth (%),0.06,,,,,,,,5,,,Pending local-data join,,,0,Not populated — needs local population/consumption/transactions,Not populated — needs OSM/Overpass or verified business directory,Not populated — government milk price series is separate,NOT LOCAL-MARKET COMPLETE,Cannot calculate until local competitors + local demand + local price are joined,"Join local competitor, population/demand and current price layers before scoring market gap",Official government — DAHD BAHS 2025,Missing,Official — DAHD BAHS 2025 Table 35,Not populated — requires Consumer Affairs price-series extraction,Not populated — Census/OGD layer to be joined,Not populated — OSM/Overpass business layer to be joined,Not populated — market/business geocoding layer to be joined,https://www.dahd.gov.in/schemes/programmes/animal-husbandry-statistics,https://www.data.gov.in/catalog/dailyweekly-retail-prices-milk,https://www.openstreetmap.org/,2026-09-28 web verification of source availability,Official,"DAHD Basic Animal Husbandry Statistics 2025, Table 35",Milk production is official government data; blank market/competition/price fields are intentionally unfilled until their respective source datasets are joined.,61.45,57.6299,3.8201000000000036,All-India average; NOT local market price,2026-09-28,Department of Consumer Affairs - Price Monitoring System,REAL_OFFICIAL_REFERENCE
IN-DAIRY-0127,127,India,Nagaland,,,State/UT,2018-19,2018-19,Milk,Milk,72.57,000 tonnes,,YoY growth (%),0.23,,,,,,,,5,,,Pending local-data join,,,0,Not populated — needs local population/consumption/transactions,Not populated — needs OSM/Overpass or verified business directory,Not populated — government milk price series is separate,NOT LOCAL-MARKET COMPLETE,Cannot calculate until local competitors + local demand + local price are joined,"Join local competitor, population/demand and current price layers before scoring market gap",Official government — DAHD BAHS 2025,Missing,Official — DAHD BAHS 2025 Table 35,Not populated — requires Consumer Affairs price-series extraction,Not populated — Census/OGD layer to be joined,Not populated — OSM/Overpass business layer to be joined,Not populated — market/business geocoding layer to be joined,https://www.dahd.gov.in/schemes/programmes/animal-husbandry-statistics,https://www.data.gov.in/catalog/dailyweekly-retail-prices-milk,https://www.openstreetmap.org/,2026-09-28 web verification of source availability,Official,"DAHD Basic Animal Husbandry Statistics 2025, Table 35",Milk production is official government data; blank market/competition/price fields are intentionally unfilled until their respective source datasets are joined.,61.45,57.6299,3.8201000000000036,All-India average; NOT local market price,2026-09-28,Department of Consumer Affairs - Price Monitoring System,REAL_OFFICIAL_REFERENCE
IN-DAIRY-0128,128,India,Nagaland,,,State/UT,2019-20,2019-20,Milk,Milk,61.64,000 tonnes,-15.06,YoY growth (%),0.19,,,,,,,,5,,,Pending local-data join,,,0,Not populated — needs local population/consumption/transactions,Not populated — needs OSM/Overpass or verified business directory,Not populated — government milk price series is separate,NOT LOCAL-MARKET COMPLETE,Cannot calculate until local competitors + local demand + local price are joined,"Join local competitor, population/demand and current price layers before scoring market gap",Official government — DAHD BAHS 2025,Missing,Official — DAHD BAHS 2025 Table 35,Not populated — requires Consumer Affairs price-series extraction,Not populated — Census/OGD layer to be joined,Not populated — OSM/Overpass business layer to be joined,Not populated — market/business geocoding layer to be joined,https://www.dahd.gov.in/schemes/programmes/animal-husbandry-statistics,https://www.data.gov.in/catalog/dailyweekly-retail-prices-milk,https://www.openstreetmap.org/,2026-09-28 web verification of source availability,Official,"DAHD Basic Animal Husbandry Statistics 2025, Table 35",Milk production is official government data; blank market/competition/price fields are intentionally unfilled until their respective source datasets are joined.,61.45,57.6299,3.8201000000000036,All-India average; NOT local market price,2026-09-28,Department of Consumer Affairs - Price Monitoring System,REAL_OFFICIAL_REFERENCE
IN-DAIRY-0129,129,India,Nagaland,,,State/UT,2020-21,2020-21,Milk,Milk,55.93,000 tonnes,-9.26,YoY growth (%),0.17,,,,,,,,5,,,Pending local-data join,,,0,Not populated — needs local population/consumption/transactions,Not populated — needs OSM/Overpass or verified business directory,Not populated — government milk price series is separate,NOT LOCAL-MARKET COMPLETE,Cannot calculate until local competitors + local demand + local price are joined,"Join local competitor, population/demand and current price layers before scoring market gap",Official government — DAHD BAHS 2025,Missing,Official — DAHD BAHS 2025 Table 35,Not populated — requires Consumer Affairs price-series extraction,Not populated — Census/OGD layer to be joined,Not populated — OSM/Overpass business layer to be joined,Not populated — market/business geocoding layer to be joined,https://www.dahd.gov.in/schemes/programmes/animal-husbandry-statistics,https://www.data.gov.in/catalog/dailyweekly-retail-prices-milk,https://www.openstreetmap.org/,2026-09-28 web verification of source availability,Official,"DAHD Basic Animal Husbandry Statistics 2025, Table 35",Milk production is official government data; blank market/competition/price fields are intentionally unfilled until their respective source datasets are joined.,61.45,57.6299,3.8201000000000036,All-India average; NOT local market price,2026-09-28,Department of Consumer Affairs - Price Monitoring System,REAL_OFFICIAL_REFERENCE
IN-DAIRY-0130,130,India,Nagaland,,,State/UT,2021-22,2021-22,Milk,Milk,61.07,000 tonnes,9.19,YoY growth (%),0.18,,,,,,,,5,,,Pending local-data join,,,0,Not populated — needs local population/consumption/transactions,Not populated — needs OSM/Overpass or verified business directory,Not populated — government milk price series is separate,NOT LOCAL-MARKET COMPLETE,Cannot calculate until local competitors + local demand + local price are joined,"Join local competitor, population/demand and current price layers before scoring market gap",Official government — DAHD BAHS 2025,Missing,Official — DAHD BAHS 2025 Table 35,Not populated — requires Consumer Affairs price-series extraction,Not populated — Census/OGD layer to be joined,Not populated — OSM/Overpass business layer to be joined,Not populated — market/business geocoding layer to be joined,https://www.dahd.gov.in/schemes/programmes/animal-husbandry-statistics,https://www.data.gov.in/catalog/dailyweekly-retail-prices-milk,https://www.openstreetmap.org/,2026-09-28 web verification of source availability,Official,"DAHD Basic Animal Husbandry Statistics 2025, Table 35",Milk production is official government data; blank market/competition/price fields are intentionally unfilled until their respective source datasets are joined.,61.45,57.6299,3.8201000000000036,All-India average; NOT local market price,2026-09-28,Department of Consumer Affairs - Price Monitoring System,REAL_OFFICIAL_REFERENCE
IN-DAIRY-0131,131,India,Nagaland,,,State/UT,2022-23,2022-23,Milk,Milk,49.57,000 tonnes,-18.83,YoY growth (%),0.14,,,,,,,,5,,,Pending local-data join,,,0,Not populated — needs local population/consumption/transactions,Not populated — needs OSM/Overpass or verified business directory,Not populated — government milk price series is separate,NOT LOCAL-MARKET COMPLETE,Cannot calculate until local competitors + local demand + local price are joined,"Join local competitor, population/demand and current price layers before scoring market gap",Official government — DAHD BAHS 2025,Missing,Official — DAHD BAHS 2025 Table 35,Not populated — requires Consumer Affairs price-series extraction,Not populated — Census/OGD layer to be joined,Not populated — OSM/Overpass business layer to be joined,Not populated — market/business geocoding layer to be joined,https://www.dahd.gov.in/schemes/programmes/animal-husbandry-statistics,https://www.data.gov.in/catalog/dailyweekly-retail-prices-milk,https://www.openstreetmap.org/,2026-09-28 web verification of source availability,Official,"DAHD Basic Animal Husbandry Statistics 2025, Table 35",Milk production is official government data; blank market/competition/price fields are intentionally unfilled until their respective source datasets are joined.,61.45,57.6299,3.8201000000000036,All-India average; NOT local market price,2026-09-28,Department of Consumer Affairs - Price Monitoring System,REAL_OFFICIAL_REFERENCE
IN-DAIRY-0132,132,India,Nagaland,,,State/UT,2023-24,2023-24,Milk,Milk,52.79,000 tonnes,6.5,YoY growth (%),0.14,,,,,,,,5,,,Pending local-data join,,,0,Not populated — needs local population/consumption/transactions,Not populated — needs OSM/Overpass or verified business directory,Not populated — government milk price series is separate,NOT LOCAL-MARKET COMPLETE,Cannot calculate until local competitors + local demand + local price are joined,"Join local competitor, population/demand and current price layers before scoring market gap",Official government — DAHD BAHS 2025,Missing,Official — DAHD BAHS 2025 Table 35,Not populated — requires Consumer Affairs price-series extraction,Not populated — Census/OGD layer to be joined,Not populated — OSM/Overpass business layer to be joined,Not populated — market/business geocoding layer to be joined,https://www.dahd.gov.in/schemes/programmes/animal-husbandry-statistics,https://www.data.gov.in/catalog/dailyweekly-retail-prices-milk,https://www.openstreetmap.org/,2026-09-28 web verification of source availability,Official,"DAHD Basic Animal Husbandry Statistics 2025, Table 35",Milk production is official government data; blank market/competition/price fields are intentionally unfilled until their respective source datasets are joined.,61.45,57.6299,3.8201000000000036,All-India average; NOT local market price,2026-09-28,Department of Consumer Affairs - Price Monitoring System,REAL_OFFICIAL_REFERENCE
IN-DAIRY-0133,133,India,Nagaland,,,State/UT,2024-25,2024-25,Milk,Milk,49.19,000 tonnes,-6.82,YoY growth (%),0.13,,,,,,,,5,,,Pending local-data join,,,0,Not populated — needs local population/consumption/transactions,Not populated — needs OSM/Overpass or verified business directory,Not populated — government milk price series is separate,NOT LOCAL-MARKET COMPLETE,Cannot calculate until local competitors + local demand + local price are joined,"Join local competitor, population/demand and current price layers before scoring market gap",Official government — DAHD BAHS 2025,Missing,Official — DAHD BAHS 2025 Table 35,Not populated — requires Consumer Affairs price-series extraction,Not populated — Census/OGD layer to be joined,Not populated — OSM/Overpass business layer to be joined,Not populated — market/business geocoding layer to be joined,https://www.dahd.gov.in/schemes/programmes/animal-husbandry-statistics,https://www.data.gov.in/catalog/dailyweekly-retail-prices-milk,https://www.openstreetmap.org/,2026-09-28 web verification of source availability,Official,"DAHD Basic Animal Husbandry Statistics 2025, Table 35",Milk production is official government data; blank market/competition/price fields are intentionally unfilled until their respective source datasets are joined.,61.45,57.6299,3.8201000000000036,All-India average; NOT local market price,2026-09-28,Department of Consumer Affairs - Price Monitoring System,REAL_OFFICIAL_REFERENCE
IN-DAIRY-0134,134,India,Odisha,,,State/UT,2018-19,2018-19,Milk,Milk,2311.07,000 tonnes,,YoY growth (%),7.57,,,,,,,,5,,,Pending local-data join,,,0,Not populated — needs local population/consumption/transactions,Not populated — needs OSM/Overpass or verified business directory,Not populated — government milk price series is separate,NOT LOCAL-MARKET COMPLETE,Cannot calculate until local competitors + local demand + local price are joined,"Join local competitor, population/demand and current price layers before scoring market gap",Official government — DAHD BAHS 2025,Missing,Official — DAHD BAHS 2025 Table 35,Not populated — requires Consumer Affairs price-series extraction,Not populated — Census/OGD layer to be joined,Not populated — OSM/Overpass business layer to be joined,Not populated — market/business geocoding layer to be joined,https://www.dahd.gov.in/schemes/programmes/animal-husbandry-statistics,https://www.data.gov.in/catalog/dailyweekly-retail-prices-milk,https://www.openstreetmap.org/,2026-09-28 web verification of source availability,Official,"DAHD Basic Animal Husbandry Statistics 2025, Table 35",Milk production is official government data; blank market/competition/price fields are intentionally unfilled until their respective source datasets are joined.,61.45,57.6299,3.8201000000000036,All-India average; NOT local market price,2026-09-28,Department of Consumer Affairs - Price Monitoring System,REAL_OFFICIAL_REFERENCE
IN-DAIRY-0135,135,India,Odisha,,,State/UT,2019-20,2019-20,Milk,Milk,2370.18,000 tonnes,2.56,YoY growth (%),7.43,,,,,,,,5,,,Pending local-data join,,,0,Not populated — needs local population/consumption/transactions,Not populated — needs OSM/Overpass or verified business directory,Not populated — government milk price series is separate,NOT LOCAL-MARKET COMPLETE,Cannot calculate until local competitors + local demand + local price are joined,"Join local competitor, population/demand and current price layers before scoring market gap",Official government — DAHD BAHS 2025,Missing,Official — DAHD BAHS 2025 Table 35,Not populated — requires Consumer Affairs price-series extraction,Not populated — Census/OGD layer to be joined,Not populated — OSM/Overpass business layer to be joined,Not populated — market/business geocoding layer to be joined,https://www.dahd.gov.in/schemes/programmes/animal-husbandry-statistics,https://www.data.gov.in/catalog/dailyweekly-retail-prices-milk,https://www.openstreetmap.org/,2026-09-28 web verification of source availability,Official,"DAHD Basic Animal Husbandry Statistics 2025, Table 35",Milk production is official government data; blank market/competition/price fields are intentionally unfilled until their respective source datasets are joined.,61.45,57.6299,3.8201000000000036,All-India average; NOT local market price,2026-09-28,Department of Consumer Affairs - Price Monitoring System,REAL_OFFICIAL_REFERENCE
IN-DAIRY-0136,136,India,Odisha,,,State/UT,2020-21,2020-21,Milk,Milk,2372.81,000 tonnes,0.11,YoY growth (%),7.56,,,,,,,,5,,,Pending local-data join,,,0,Not populated — needs local population/consumption/transactions,Not populated — needs OSM/Overpass or verified business directory,Not populated — government milk price series is separate,NOT LOCAL-MARKET COMPLETE,Cannot calculate until local competitors + local demand + local price are joined,"Join local competitor, population/demand and current price layers before scoring market gap",Official government — DAHD BAHS 2025,Missing,Official — DAHD BAHS 2025 Table 35,Not populated — requires Consumer Affairs price-series extraction,Not populated — Census/OGD layer to be joined,Not populated — OSM/Overpass business layer to be joined,Not populated — market/business geocoding layer to be joined,https://www.dahd.gov.in/schemes/programmes/animal-husbandry-statistics,https://www.data.gov.in/catalog/dailyweekly-retail-prices-milk,https://www.openstreetmap.org/,2026-09-28 web verification of source availability,Official,"DAHD Basic Animal Husbandry Statistics 2025, Table 35",Milk production is official government data; blank market/competition/price fields are intentionally unfilled until their respective source datasets are joined.,61.45,57.6299,3.8201000000000036,All-India average; NOT local market price,2026-09-28,Department of Consumer Affairs - Price Monitoring System,REAL_OFFICIAL_REFERENCE
IN-DAIRY-0137,137,India,Odisha,,,State/UT,2021-22,2021-22,Milk,Milk,2402.06,000 tonnes,1.23,YoY growth (%),7.09,,,,,,,,5,,,Pending local-data join,,,0,Not populated — needs local population/consumption/transactions,Not populated — needs OSM/Overpass or verified business directory,Not populated — government milk price series is separate,NOT LOCAL-MARKET COMPLETE,Cannot calculate until local competitors + local demand + local price are joined,"Join local competitor, population/demand and current price layers before scoring market gap",Official government — DAHD BAHS 2025,Missing,Official — DAHD BAHS 2025 Table 35,Not populated — requires Consumer Affairs price-series extraction,Not populated — Census/OGD layer to be joined,Not populated — OSM/Overpass business layer to be joined,Not populated — market/business geocoding layer to be joined,https://www.dahd.gov.in/schemes/programmes/animal-husbandry-statistics,https://www.data.gov.in/catalog/dailyweekly-retail-prices-milk,https://www.openstreetmap.org/,2026-09-28 web verification of source availability,Official,"DAHD Basic Animal Husbandry Statistics 2025, Table 35",Milk production is official government data; blank market/competition/price fields are intentionally unfilled until their respective source datasets are joined.,61.45,57.6299,3.8201000000000036,All-India average; NOT local market price,2026-09-28,Department of Consumer Affairs - Price Monitoring System,REAL_OFFICIAL_REFERENCE
IN-DAIRY-0138,138,India,Odisha,,,State/UT,2022-23,2022-23,Milk,Milk,2476.42,000 tonnes,3.1,YoY growth (%),6.83,,,,,,,,5,,,Pending local-data join,,,0,Not populated — needs local population/consumption/transactions,Not populated — needs OSM/Overpass or verified business directory,Not populated — government milk price series is separate,NOT LOCAL-MARKET COMPLETE,Cannot calculate until local competitors + local demand + local price are joined,"Join local competitor, population/demand and current price layers before scoring market gap",Official government — DAHD BAHS 2025,Missing,Official — DAHD BAHS 2025 Table 35,Not populated — requires Consumer Affairs price-series extraction,Not populated — Census/OGD layer to be joined,Not populated — OSM/Overpass business layer to be joined,Not populated — market/business geocoding layer to be joined,https://www.dahd.gov.in/schemes/programmes/animal-husbandry-statistics,https://www.data.gov.in/catalog/dailyweekly-retail-prices-milk,https://www.openstreetmap.org/,2026-09-28 web verification of source availability,Official,"DAHD Basic Animal Husbandry Statistics 2025, Table 35",Milk production is official government data; blank market/competition/price fields are intentionally unfilled until their respective source datasets are joined.,61.45,57.6299,3.8201000000000036,All-India average; NOT local market price,2026-09-28,Department of Consumer Affairs - Price Monitoring System,REAL_OFFICIAL_REFERENCE
IN-DAIRY-0139,139,India,Odisha,,,State/UT,2023-24,2023-24,Milk,Milk,2635.99,000 tonnes,6.44,YoY growth (%),6.8,,,,,,,,5,,,Pending local-data join,,,0,Not populated — needs local population/consumption/transactions,Not populated — needs OSM/Overpass or verified business directory,Not populated — government milk price series is separate,NOT LOCAL-MARKET COMPLETE,Cannot calculate until local competitors + local demand + local price are joined,"Join local competitor, population/demand and current price layers before scoring market gap",Official government — DAHD BAHS 2025,Missing,Official — DAHD BAHS 2025 Table 35,Not populated — requires Consumer Affairs price-series extraction,Not populated — Census/OGD layer to be joined,Not populated — OSM/Overpass business layer to be joined,Not populated — market/business geocoding layer to be joined,https://www.dahd.gov.in/schemes/programmes/animal-husbandry-statistics,https://www.data.gov.in/catalog/dailyweekly-retail-prices-milk,https://www.openstreetmap.org/,2026-09-28 web verification of source availability,Official,"DAHD Basic Animal Husbandry Statistics 2025, Table 35",Milk production is official government data; blank market/competition/price fields are intentionally unfilled until their respective source datasets are joined.,61.45,57.6299,3.8201000000000036,All-India average; NOT local market price,2026-09-28,Department of Consumer Affairs - Price Monitoring System,REAL_OFFICIAL_REFERENCE
IN-DAIRY-0140,140,India,Odisha,,,State/UT,2024-25,2024-25,Milk,Milk,2700.96,000 tonnes,2.46,YoY growth (%),6.96,,,,,,,,5,,,Pending local-data join,,,0,Not populated — needs local population/consumption/transactions,Not populated — needs OSM/Overpass or verified business directory,Not populated — government milk price series is separate,NOT LOCAL-MARKET COMPLETE,Cannot calculate until local competitors + local demand + local price are joined,"Join local competitor, population/demand and current price layers before scoring market gap",Official government — DAHD BAHS 2025,Missing,Official — DAHD BAHS 2025 Table 35,Not populated — requires Consumer Affairs price-series extraction,Not populated — Census/OGD layer to be joined,Not populated — OSM/Overpass business layer to be joined,Not populated — market/business geocoding layer to be joined,https://www.dahd.gov.in/schemes/programmes/animal-husbandry-statistics,https://www.data.gov.in/catalog/dailyweekly-retail-prices-milk,https://www.openstreetmap.org/,2026-09-28 web verification of source availability,Official,"DAHD Basic Animal Husbandry Statistics 2025, Table 35",Milk production is official government data; blank market/competition/price fields are intentionally unfilled until their respective source datasets are joined.,61.45,57.6299,3.8201000000000036,All-India average; NOT local market price,2026-09-28,Department of Consumer Affairs - Price Monitoring System,REAL_OFFICIAL_REFERENCE
IN-DAIRY-0141,141,India,Punjab,,,State/UT,2018-19,2018-19,Milk,Milk,12598.82,000 tonnes,,YoY growth (%),41.28,,,,,,,,5,,,Pending local-data join,,,0,Not populated — needs local population/consumption/transactions,Not populated — needs OSM/Overpass or verified business directory,Not populated — government milk price series is separate,NOT LOCAL-MARKET COMPLETE,Cannot calculate until local competitors + local demand + local price are joined,"Join local competitor, population/demand and current price layers before scoring market gap",Official government — DAHD BAHS 2025,Missing,Official — DAHD BAHS 2025 Table 35,Not populated — requires Consumer Affairs price-series extraction,Not populated — Census/OGD layer to be joined,Not populated — OSM/Overpass business layer to be joined,Not populated — market/business geocoding layer to be joined,https://www.dahd.gov.in/schemes/programmes/animal-husbandry-statistics,https://www.data.gov.in/catalog/dailyweekly-retail-prices-milk,https://www.openstreetmap.org/,2026-09-28 web verification of source availability,Official,"DAHD Basic Animal Husbandry Statistics 2025, Table 35",Milk production is official government data; blank market/competition/price fields are intentionally unfilled until their respective source datasets are joined.,61.45,57.6299,3.8201000000000036,All-India average; NOT local market price,2026-09-28,Department of Consumer Affairs - Price Monitoring System,REAL_OFFICIAL_REFERENCE
IN-DAIRY-0142,142,India,Punjab,,,State/UT,2019-20,2019-20,Milk,Milk,13347.56,000 tonnes,5.94,YoY growth (%),41.89,,,,,,,,5,,,Pending local-data join,,,0,Not populated — needs local population/consumption/transactions,Not populated — needs OSM/Overpass or verified business directory,Not populated — government milk price series is separate,NOT LOCAL-MARKET COMPLETE,Cannot calculate until local competitors + local demand + local price are joined,"Join local competitor, population/demand and current price layers before scoring market gap",Official government — DAHD BAHS 2025,Missing,Official — DAHD BAHS 2025 Table 35,Not populated — requires Consumer Affairs price-series extraction,Not populated — Census/OGD layer to be joined,Not populated — OSM/Overpass business layer to be joined,Not populated — market/business geocoding layer to be joined,https://www.dahd.gov.in/schemes/programmes/animal-husbandry-statistics,https://www.data.gov.in/catalog/dailyweekly-retail-prices-milk,https://www.openstreetmap.org/,2026-09-28 web verification of source availability,Official,"DAHD Basic Animal Husbandry Statistics 2025, Table 35",Milk production is official government data; blank market/competition/price fields are intentionally unfilled until their respective source datasets are joined.,61.45,57.6299,3.8201000000000036,All-India average; NOT local market price,2026-09-28,Department of Consumer Affairs - Price Monitoring System,REAL_OFFICIAL_REFERENCE
IN-DAIRY-0143,143,India,Punjab,,,State/UT,2020-21,2020-21,Milk,Milk,13393.99,000 tonnes,0.35,YoY growth (%),42.71,,,,,,,,5,,,Pending local-data join,,,0,Not populated — needs local population/consumption/transactions,Not populated — needs OSM/Overpass or verified business directory,Not populated — government milk price series is separate,NOT LOCAL-MARKET COMPLETE,Cannot calculate until local competitors + local demand + local price are joined,"Join local competitor, population/demand and current price layers before scoring market gap",Official government — DAHD BAHS 2025,Missing,Official — DAHD BAHS 2025 Table 35,Not populated — requires Consumer Affairs price-series extraction,Not populated — Census/OGD layer to be joined,Not populated — OSM/Overpass business layer to be joined,Not populated — market/business geocoding layer to be joined,https://www.dahd.gov.in/schemes/programmes/animal-husbandry-statistics,https://www.data.gov.in/catalog/dailyweekly-retail-prices-milk,https://www.openstreetmap.org/,2026-09-28 web verification of source availability,Official,"DAHD Basic Animal Husbandry Statistics 2025, Table 35",Milk production is official government data; blank market/competition/price fields are intentionally unfilled until their respective source datasets are joined.,61.45,57.6299,3.8201000000000036,All-India average; NOT local market price,2026-09-28,Department of Consumer Affairs - Price Monitoring System,REAL_OFFICIAL_REFERENCE
IN-DAIRY-0144,144,India,Punjab,,,State/UT,2021-22,2021-22,Milk,Milk,14076.76,000 tonnes,5.1,YoY growth (%),41.56,,,,,,,,5,,,Pending local-data join,,,0,Not populated — needs local population/consumption/transactions,Not populated — needs OSM/Overpass or verified business directory,Not populated — government milk price series is separate,NOT LOCAL-MARKET COMPLETE,Cannot calculate until local competitors + local demand + local price are joined,"Join local competitor, population/demand and current price layers before scoring market gap",Official government — DAHD BAHS 2025,Missing,Official — DAHD BAHS 2025 Table 35,Not populated — requires Consumer Affairs price-series extraction,Not populated — Census/OGD layer to be joined,Not populated — OSM/Overpass business layer to be joined,Not populated — market/business geocoding layer to be joined,https://www.dahd.gov.in/schemes/programmes/animal-husbandry-statistics,https://www.data.gov.in/catalog/dailyweekly-retail-prices-milk,https://www.openstreetmap.org/,2026-09-28 web verification of source availability,Official,"DAHD Basic Animal Husbandry Statistics 2025, Table 35",Milk production is official government data; blank market/competition/price fields are intentionally unfilled until their respective source datasets are joined.,61.45,57.6299,3.8201000000000036,All-India average; NOT local market price,2026-09-28,Department of Consumer Affairs - Price Monitoring System,REAL_OFFICIAL_REFERENCE
IN-DAIRY-0145,145,India,Punjab,,,State/UT,2022-23,2022-23,Milk,Milk,14301.45,000 tonnes,1.6,YoY growth (%),39.46,,,,,,,,5,,,Pending local-data join,,,0,Not populated — needs local population/consumption/transactions,Not populated — needs OSM/Overpass or verified business directory,Not populated — government milk price series is separate,NOT LOCAL-MARKET COMPLETE,Cannot calculate until local competitors + local demand + local price are joined,"Join local competitor, population/demand and current price layers before scoring market gap",Official government — DAHD BAHS 2025,Missing,Official — DAHD BAHS 2025 Table 35,Not populated — requires Consumer Affairs price-series extraction,Not populated — Census/OGD layer to be joined,Not populated — OSM/Overpass business layer to be joined,Not populated — market/business geocoding layer to be joined,https://www.dahd.gov.in/schemes/programmes/animal-husbandry-statistics,https://www.data.gov.in/catalog/dailyweekly-retail-prices-milk,https://www.openstreetmap.org/,2026-09-28 web verification of source availability,Official,"DAHD Basic Animal Husbandry Statistics 2025, Table 35",Milk production is official government data; blank market/competition/price fields are intentionally unfilled until their respective source datasets are joined.,61.45,57.6299,3.8201000000000036,All-India average; NOT local market price,2026-09-28,Department of Consumer Affairs - Price Monitoring System,REAL_OFFICIAL_REFERENCE
IN-DAIRY-0146,146,India,Punjab,,,State/UT,2023-24,2023-24,Milk,Milk,14000.18,000 tonnes,-2.11,YoY growth (%),36.1,,,,,,,,5,,,Pending local-data join,,,0,Not populated — needs local population/consumption/transactions,Not populated — needs OSM/Overpass or verified business directory,Not populated — government milk price series is separate,NOT LOCAL-MARKET COMPLETE,Cannot calculate until local competitors + local demand + local price are joined,"Join local competitor, population/demand and current price layers before scoring market gap",Official government — DAHD BAHS 2025,Missing,Official — DAHD BAHS 2025 Table 35,Not populated — requires Consumer Affairs price-series extraction,Not populated — Census/OGD layer to be joined,Not populated — OSM/Overpass business layer to be joined,Not populated — market/business geocoding layer to be joined,https://www.dahd.gov.in/schemes/programmes/animal-husbandry-statistics,https://www.data.gov.in/catalog/dailyweekly-retail-prices-milk,https://www.openstreetmap.org/,2026-09-28 web verification of source availability,Official,"DAHD Basic Animal Husbandry Statistics 2025, Table 35",Milk production is official government data; blank market/competition/price fields are intentionally unfilled until their respective source datasets are joined.,61.45,57.6299,3.8201000000000036,All-India average; NOT local market price,2026-09-28,Department of Consumer Affairs - Price Monitoring System,REAL_OFFICIAL_REFERENCE
IN-DAIRY-0147,147,India,Punjab,,,State/UT,2024-25,2024-25,Milk,Milk,14874.74,000 tonnes,6.25,YoY growth (%),38.32,,,,,,,,5,,,Pending local-data join,,,0,Not populated — needs local population/consumption/transactions,Not populated — needs OSM/Overpass or verified business directory,Not populated — government milk price series is separate,NOT LOCAL-MARKET COMPLETE,Cannot calculate until local competitors + local demand + local price are joined,"Join local competitor, population/demand and current price layers before scoring market gap",Official government — DAHD BAHS 2025,Missing,Official — DAHD BAHS 2025 Table 35,Not populated — requires Consumer Affairs price-series extraction,Not populated — Census/OGD layer to be joined,Not populated — OSM/Overpass business layer to be joined,Not populated — market/business geocoding layer to be joined,https://www.dahd.gov.in/schemes/programmes/animal-husbandry-statistics,https://www.data.gov.in/catalog/dailyweekly-retail-prices-milk,https://www.openstreetmap.org/,2026-09-28 web verification of source availability,Official,"DAHD Basic Animal Husbandry Statistics 2025, Table 35",Milk production is official government data; blank market/competition/price fields are intentionally unfilled until their respective source datasets are joined.,61.45,57.6299,3.8201000000000036,All-India average; NOT local market price,2026-09-28,Department of Consumer Affairs - Price Monitoring System,REAL_OFFICIAL_REFERENCE
IN-DAIRY-0148,148,India,Rajasthan,,,State/UT,2018-19,2018-19,Milk,Milk,23668.07,000 tonnes,,YoY growth (%),77.55,,,,,,,,5,,,Pending local-data join,,,0,Not populated — needs local population/consumption/transactions,Not populated — needs OSM/Overpass or verified business directory,Not populated — government milk price series is separate,NOT LOCAL-MARKET COMPLETE,Cannot calculate until local competitors + local demand + local price are joined,"Join local competitor, population/demand and current price layers before scoring market gap",Official government — DAHD BAHS 2025,Missing,Official — DAHD BAHS 2025 Table 35,Not populated — requires Consumer Affairs price-series extraction,Not populated — Census/OGD layer to be joined,Not populated — OSM/Overpass business layer to be joined,Not populated — market/business geocoding layer to be joined,https://www.dahd.gov.in/schemes/programmes/animal-husbandry-statistics,https://www.data.gov.in/catalog/dailyweekly-retail-prices-milk,https://www.openstreetmap.org/,2026-09-28 web verification of source availability,Official,"DAHD Basic Animal Husbandry Statistics 2025, Table 35",Milk production is official government data; blank market/competition/price fields are intentionally unfilled until their respective source datasets are joined.,61.45,57.6299,3.8201000000000036,All-India average; NOT local market price,2026-09-28,Department of Consumer Affairs - Price Monitoring System,REAL_OFFICIAL_REFERENCE
IN-DAIRY-0149,149,India,Rajasthan,,,State/UT,2019-20,2019-20,Milk,Milk,25573.09,000 tonnes,8.05,YoY growth (%),80.26,,,,,,,,5,,,Pending local-data join,,,0,Not populated — needs local population/consumption/transactions,Not populated — needs OSM/Overpass or verified business directory,Not populated — government milk price series is separate,NOT LOCAL-MARKET COMPLETE,Cannot calculate until local competitors + local demand + local price are joined,"Join local competitor, population/demand and current price layers before scoring market gap",Official government — DAHD BAHS 2025,Missing,Official — DAHD BAHS 2025 Table 35,Not populated — requires Consumer Affairs price-series extraction,Not populated — Census/OGD layer to be joined,Not populated — OSM/Overpass business layer to be joined,Not populated — market/business geocoding layer to be joined,https://www.dahd.gov.in/schemes/programmes/animal-husbandry-statistics,https://www.data.gov.in/catalog/dailyweekly-retail-prices-milk,https://www.openstreetmap.org/,2026-09-28 web verification of source availability,Official,"DAHD Basic Animal Husbandry Statistics 2025, Table 35",Milk production is official government data; blank market/competition/price fields are intentionally unfilled until their respective source datasets are joined.,61.45,57.6299,3.8201000000000036,All-India average; NOT local market price,2026-09-28,Department of Consumer Affairs - Price Monitoring System,REAL_OFFICIAL_REFERENCE
IN-DAIRY-0150,150,India,Rajasthan,,,State/UT,2020-21,2020-21,Milk,Milk,30723.11,000 tonnes,20.14,YoY growth (%),97.97,,,,,,,,5,,,Pending local-data join,,,0,Not populated — needs local population/consumption/transactions,Not populated — needs OSM/Overpass or verified business directory,Not populated — government milk price series is separate,NOT LOCAL-MARKET COMPLETE,Cannot calculate until local competitors + local demand + local price are joined,"Join local competitor, population/demand and current price layers before scoring market gap",Official government — DAHD BAHS 2025,Missing,Official — DAHD BAHS 2025 Table 35,Not populated — requires Consumer Affairs price-series extraction,Not populated — Census/OGD layer to be joined,Not populated — OSM/Overpass business layer to be joined,Not populated — market/business geocoding layer to be joined,https://www.dahd.gov.in/schemes/programmes/animal-husbandry-statistics,https://www.data.gov.in/catalog/dailyweekly-retail-prices-milk,https://www.openstreetmap.org/,2026-09-28 web verification of source availability,Official,"DAHD Basic Animal Husbandry Statistics 2025, Table 35",Milk production is official government data; blank market/competition/price fields are intentionally unfilled until their respective source datasets are joined.,61.45,57.6299,3.8201000000000036,All-India average; NOT local market price,2026-09-28,Department of Consumer Affairs - Price Monitoring System,REAL_OFFICIAL_REFERENCE
IN-DAIRY-0151,151,India,Rajasthan,,,State/UT,2021-22,2021-22,Milk,Milk,33264.7,000 tonnes,8.27,YoY growth (%),98.2,,,,,,,,5,,,Pending local-data join,,,0,Not populated — needs local population/consumption/transactions,Not populated — needs OSM/Overpass or verified business directory,Not populated — government milk price series is separate,NOT LOCAL-MARKET COMPLETE,Cannot calculate until local competitors + local demand + local price are joined,"Join local competitor, population/demand and current price layers before scoring market gap",Official government — DAHD BAHS 2025,Missing,Official — DAHD BAHS 2025 Table 35,Not populated — requires Consumer Affairs price-series extraction,Not populated — Census/OGD layer to be joined,Not populated — OSM/Overpass business layer to be joined,Not populated — market/business geocoding layer to be joined,https://www.dahd.gov.in/schemes/programmes/animal-husbandry-statistics,https://www.data.gov.in/catalog/dailyweekly-retail-prices-milk,https://www.openstreetmap.org/,2026-09-28 web verification of source availability,Official,"DAHD Basic Animal Husbandry Statistics 2025, Table 35",Milk production is official government data; blank market/competition/price fields are intentionally unfilled until their respective source datasets are joined.,61.45,57.6299,3.8201000000000036,All-India average; NOT local market price,2026-09-28,Department of Consumer Affairs - Price Monitoring System,REAL_OFFICIAL_REFERENCE
IN-DAIRY-0152,152,India,Rajasthan,,,State/UT,2022-23,2022-23,Milk,Milk,33306.8,000 tonnes,0.13,YoY growth (%),91.9,,,,,,,,5,,,Pending local-data join,,,0,Not populated — needs local population/consumption/transactions,Not populated — needs OSM/Overpass or verified business directory,Not populated — government milk price series is separate,NOT LOCAL-MARKET COMPLETE,Cannot calculate until local competitors + local demand + local price are joined,"Join local competitor, population/demand and current price layers before scoring market gap",Official government — DAHD BAHS 2025,Missing,Official — DAHD BAHS 2025 Table 35,Not populated — requires Consumer Affairs price-series extraction,Not populated — Census/OGD layer to be joined,Not populated — OSM/Overpass business layer to be joined,Not populated — market/business geocoding layer to be joined,https://www.dahd.gov.in/schemes/programmes/animal-husbandry-statistics,https://www.data.gov.in/catalog/dailyweekly-retail-prices-milk,https://www.openstreetmap.org/,2026-09-28 web verification of source availability,Official,"DAHD Basic Animal Husbandry Statistics 2025, Table 35",Milk production is official government data; blank market/competition/price fields are intentionally unfilled until their respective source datasets are joined.,61.45,57.6299,3.8201000000000036,All-India average; NOT local market price,2026-09-28,Department of Consumer Affairs - Price Monitoring System,REAL_OFFICIAL_REFERENCE
IN-DAIRY-0153,153,India,Rajasthan,,,State/UT,2023-24,2023-24,Milk,Milk,34733.0,000 tonnes,4.28,YoY growth (%),89.57,,,,,,,,5,,,Pending local-data join,,,0,Not populated — needs local population/consumption/transactions,Not populated — needs OSM/Overpass or verified business directory,Not populated — government milk price series is separate,NOT LOCAL-MARKET COMPLETE,Cannot calculate until local competitors + local demand + local price are joined,"Join local competitor, population/demand and current price layers before scoring market gap",Official government — DAHD BAHS 2025,Missing,Official — DAHD BAHS 2025 Table 35,Not populated — requires Consumer Affairs price-series extraction,Not populated — Census/OGD layer to be joined,Not populated — OSM/Overpass business layer to be joined,Not populated — market/business geocoding layer to be joined,https://www.dahd.gov.in/schemes/programmes/animal-husbandry-statistics,https://www.data.gov.in/catalog/dailyweekly-retail-prices-milk,https://www.openstreetmap.org/,2026-09-28 web verification of source availability,Official,"DAHD Basic Animal Husbandry Statistics 2025, Table 35",Milk production is official government data; blank market/competition/price fields are intentionally unfilled until their respective source datasets are joined.,61.45,57.6299,3.8201000000000036,All-India average; NOT local market price,2026-09-28,Department of Consumer Affairs - Price Monitoring System,REAL_OFFICIAL_REFERENCE
IN-DAIRY-0154,154,India,Rajasthan,,,State/UT,2024-25,2024-25,Milk,Milk,36741.37,000 tonnes,5.78,YoY growth (%),94.66,,,,,,,,5,,,Pending local-data join,,,0,Not populated — needs local population/consumption/transactions,Not populated — needs OSM/Overpass or verified business directory,Not populated — government milk price series is separate,NOT LOCAL-MARKET COMPLETE,Cannot calculate until local competitors + local demand + local price are joined,"Join local competitor, population/demand and current price layers before scoring market gap",Official government — DAHD BAHS 2025,Missing,Official — DAHD BAHS 2025 Table 35,Not populated — requires Consumer Affairs price-series extraction,Not populated — Census/OGD layer to be joined,Not populated — OSM/Overpass business layer to be joined,Not populated — market/business geocoding layer to be joined,https://www.dahd.gov.in/schemes/programmes/animal-husbandry-statistics,https://www.data.gov.in/catalog/dailyweekly-retail-prices-milk,https://www.openstreetmap.org/,2026-09-28 web verification of source availability,Official,"DAHD Basic Animal Husbandry Statistics 2025, Table 35",Milk production is official government data; blank market/competition/price fields are intentionally unfilled until their respective source datasets are joined.,61.45,57.6299,3.8201000000000036,All-India average; NOT local market price,2026-09-28,Department of Consumer Affairs - Price Monitoring System,REAL_OFFICIAL_REFERENCE
IN-DAIRY-0155,155,India,Sikkim,,,State/UT,2018-19,2018-19,Milk,Milk,60.85,000 tonnes,,YoY growth (%),0.2,,,,,,,,5,,,Pending local-data join,,,0,Not populated — needs local population/consumption/transactions,Not populated — needs OSM/Overpass or verified business directory,Not populated — government milk price series is separate,NOT LOCAL-MARKET COMPLETE,Cannot calculate until local competitors + local demand + local price are joined,"Join local competitor, population/demand and current price layers before scoring market gap",Official government — DAHD BAHS 2025,Missing,Official — DAHD BAHS 2025 Table 35,Not populated — requires Consumer Affairs price-series extraction,Not populated — Census/OGD layer to be joined,Not populated — OSM/Overpass business layer to be joined,Not populated — market/business geocoding layer to be joined,https://www.dahd.gov.in/schemes/programmes/animal-husbandry-statistics,https://www.data.gov.in/catalog/dailyweekly-retail-prices-milk,https://www.openstreetmap.org/,2026-09-28 web verification of source availability,Official,"DAHD Basic Animal Husbandry Statistics 2025, Table 35",Milk production is official government data; blank market/competition/price fields are intentionally unfilled until their respective source datasets are joined.,61.45,57.6299,3.8201000000000036,All-India average; NOT local market price,2026-09-28,Department of Consumer Affairs - Price Monitoring System,REAL_OFFICIAL_REFERENCE
IN-DAIRY-0156,156,India,Sikkim,,,State/UT,2019-20,2019-20,Milk,Milk,83.94,000 tonnes,37.95,YoY growth (%),0.26,,,,,,,,5,,,Pending local-data join,,,0,Not populated — needs local population/consumption/transactions,Not populated — needs OSM/Overpass or verified business directory,Not populated — government milk price series is separate,NOT LOCAL-MARKET COMPLETE,Cannot calculate until local competitors + local demand + local price are joined,"Join local competitor, population/demand and current price layers before scoring market gap",Official government — DAHD BAHS 2025,Missing,Official — DAHD BAHS 2025 Table 35,Not populated — requires Consumer Affairs price-series extraction,Not populated — Census/OGD layer to be joined,Not populated — OSM/Overpass business layer to be joined,Not populated — market/business geocoding layer to be joined,https://www.dahd.gov.in/schemes/programmes/animal-husbandry-statistics,https://www.data.gov.in/catalog/dailyweekly-retail-prices-milk,https://www.openstreetmap.org/,2026-09-28 web verification of source availability,Official,"DAHD Basic Animal Husbandry Statistics 2025, Table 35",Milk production is official government data; blank market/competition/price fields are intentionally unfilled until their respective source datasets are joined.,61.45,57.6299,3.8201000000000036,All-India average; NOT local market price,2026-09-28,Department of Consumer Affairs - Price Monitoring System,REAL_OFFICIAL_REFERENCE
IN-DAIRY-0157,157,India,Sikkim,,,State/UT,2020-21,2020-21,Milk,Milk,73.85,000 tonnes,-12.02,YoY growth (%),0.23,,,,,,,,5,,,Pending local-data join,,,0,Not populated — needs local population/consumption/transactions,Not populated — needs OSM/Overpass or verified business directory,Not populated — government milk price series is separate,NOT LOCAL-MARKET COMPLETE,Cannot calculate until local competitors + local demand + local price are joined,"Join local competitor, population/demand and current price layers before scoring market gap",Official government — DAHD BAHS 2025,Missing,Official — DAHD BAHS 2025 Table 35,Not populated — requires Consumer Affairs price-series extraction,Not populated — Census/OGD layer to be joined,Not populated — OSM/Overpass business layer to be joined,Not populated — market/business geocoding layer to be joined,https://www.dahd.gov.in/schemes/programmes/animal-husbandry-statistics,https://www.data.gov.in/catalog/dailyweekly-retail-prices-milk,https://www.openstreetmap.org/,2026-09-28 web verification of source availability,Official,"DAHD Basic Animal Husbandry Statistics 2025, Table 35",Milk production is official government data; blank market/competition/price fields are intentionally unfilled until their respective source datasets are joined.,61.45,57.6299,3.8201000000000036,All-India average; NOT local market price,2026-09-28,Department of Consumer Affairs - Price Monitoring System,REAL_OFFICIAL_REFERENCE
IN-DAIRY-0158,158,India,Sikkim,,,State/UT,2021-22,2021-22,Milk,Milk,86.52,000 tonnes,17.16,YoY growth (%),0.25,,,,,,,,5,,,Pending local-data join,,,0,Not populated — needs local population/consumption/transactions,Not populated — needs OSM/Overpass or verified business directory,Not populated — government milk price series is separate,NOT LOCAL-MARKET COMPLETE,Cannot calculate until local competitors + local demand + local price are joined,"Join local competitor, population/demand and current price layers before scoring market gap",Official government — DAHD BAHS 2025,Missing,Official — DAHD BAHS 2025 Table 35,Not populated — requires Consumer Affairs price-series extraction,Not populated — Census/OGD layer to be joined,Not populated — OSM/Overpass business layer to be joined,Not populated — market/business geocoding layer to be joined,https://www.dahd.gov.in/schemes/programmes/animal-husbandry-statistics,https://www.data.gov.in/catalog/dailyweekly-retail-prices-milk,https://www.openstreetmap.org/,2026-09-28 web verification of source availability,Official,"DAHD Basic Animal Husbandry Statistics 2025, Table 35",Milk production is official government data; blank market/competition/price fields are intentionally unfilled until their respective source datasets are joined.,61.45,57.6299,3.8201000000000036,All-India average; NOT local market price,2026-09-28,Department of Consumer Affairs - Price Monitoring System,REAL_OFFICIAL_REFERENCE
IN-DAIRY-0159,159,India,Sikkim,,,State/UT,2022-23,2022-23,Milk,Milk,86.53,000 tonnes,0.01,YoY growth (%),0.24,,,,,,,,5,,,Pending local-data join,,,0,Not populated — needs local population/consumption/transactions,Not populated — needs OSM/Overpass or verified business directory,Not populated — government milk price series is separate,NOT LOCAL-MARKET COMPLETE,Cannot calculate until local competitors + local demand + local price are joined,"Join local competitor, population/demand and current price layers before scoring market gap",Official government — DAHD BAHS 2025,Missing,Official — DAHD BAHS 2025 Table 35,Not populated — requires Consumer Affairs price-series extraction,Not populated — Census/OGD layer to be joined,Not populated — OSM/Overpass business layer to be joined,Not populated — market/business geocoding layer to be joined,https://www.dahd.gov.in/schemes/programmes/animal-husbandry-statistics,https://www.data.gov.in/catalog/dailyweekly-retail-prices-milk,https://www.openstreetmap.org/,2026-09-28 web verification of source availability,Official,"DAHD Basic Animal Husbandry Statistics 2025, Table 35",Milk production is official government data; blank market/competition/price fields are intentionally unfilled until their respective source datasets are joined.,61.45,57.6299,3.8201000000000036,All-India average; NOT local market price,2026-09-28,Department of Consumer Affairs - Price Monitoring System,REAL_OFFICIAL_REFERENCE
IN-DAIRY-0160,160,India,Sikkim,,,State/UT,2023-24,2023-24,Milk,Milk,80.99,000 tonnes,-6.4,YoY growth (%),0.21,,,,,,,,5,,,Pending local-data join,,,0,Not populated — needs local population/consumption/transactions,Not populated — needs OSM/Overpass or verified business directory,Not populated — government milk price series is separate,NOT LOCAL-MARKET COMPLETE,Cannot calculate until local competitors + local demand + local price are joined,"Join local competitor, population/demand and current price layers before scoring market gap",Official government — DAHD BAHS 2025,Missing,Official — DAHD BAHS 2025 Table 35,Not populated — requires Consumer Affairs price-series extraction,Not populated — Census/OGD layer to be joined,Not populated — OSM/Overpass business layer to be joined,Not populated — market/business geocoding layer to be joined,https://www.dahd.gov.in/schemes/programmes/animal-husbandry-statistics,https://www.data.gov.in/catalog/dailyweekly-retail-prices-milk,https://www.openstreetmap.org/,2026-09-28 web verification of source availability,Official,"DAHD Basic Animal Husbandry Statistics 2025, Table 35",Milk production is official government data; blank market/competition/price fields are intentionally unfilled until their respective source datasets are joined.,61.45,57.6299,3.8201000000000036,All-India average; NOT local market price,2026-09-28,Department of Consumer Affairs - Price Monitoring System,REAL_OFFICIAL_REFERENCE
IN-DAIRY-0161,161,India,Sikkim,,,State/UT,2024-25,2024-25,Milk,Milk,89.35,000 tonnes,10.32,YoY growth (%),0.23,,,,,,,,5,,,Pending local-data join,,,0,Not populated — needs local population/consumption/transactions,Not populated — needs OSM/Overpass or verified business directory,Not populated — government milk price series is separate,NOT LOCAL-MARKET COMPLETE,Cannot calculate until local competitors + local demand + local price are joined,"Join local competitor, population/demand and current price layers before scoring market gap",Official government — DAHD BAHS 2025,Missing,Official — DAHD BAHS 2025 Table 35,Not populated — requires Consumer Affairs price-series extraction,Not populated — Census/OGD layer to be joined,Not populated — OSM/Overpass business layer to be joined,Not populated — market/business geocoding layer to be joined,https://www.dahd.gov.in/schemes/programmes/animal-husbandry-statistics,https://www.data.gov.in/catalog/dailyweekly-retail-prices-milk,https://www.openstreetmap.org/,2026-09-28 web verification of source availability,Official,"DAHD Basic Animal Husbandry Statistics 2025, Table 35",Milk production is official government data; blank market/competition/price fields are intentionally unfilled until their respective source datasets are joined.,61.45,57.6299,3.8201000000000036,All-India average; NOT local market price,2026-09-28,Department of Consumer Affairs - Price Monitoring System,REAL_OFFICIAL_REFERENCE
IN-DAIRY-0162,162,India,Tamil Nadu,,,State/UT,2018-19,2018-19,Milk,Milk,8361.68,000 tonnes,,YoY growth (%),27.4,,,,,,,,5,,,Pending local-data join,,,0,Not populated — needs local population/consumption/transactions,Not populated — needs OSM/Overpass or verified business directory,Not populated — government milk price series is separate,NOT LOCAL-MARKET COMPLETE,Cannot calculate until local competitors + local demand + local price are joined,"Join local competitor, population/demand and current price layers before scoring market gap",Official government — DAHD BAHS 2025,Missing,Official — DAHD BAHS 2025 Table 35,Not populated — requires Consumer Affairs price-series extraction,Not populated — Census/OGD layer to be joined,Not populated — OSM/Overpass business layer to be joined,Not populated — market/business geocoding layer to be joined,https://www.dahd.gov.in/schemes/programmes/animal-husbandry-statistics,https://www.data.gov.in/catalog/dailyweekly-retail-prices-milk,https://www.openstreetmap.org/,2026-09-28 web verification of source availability,Official,"DAHD Basic Animal Husbandry Statistics 2025, Table 35",Milk production is official government data; blank market/competition/price fields are intentionally unfilled until their respective source datasets are joined.,61.45,57.6299,3.8201000000000036,All-India average; NOT local market price,2026-09-28,Department of Consumer Affairs - Price Monitoring System,REAL_OFFICIAL_REFERENCE
IN-DAIRY-0163,163,India,Tamil Nadu,,,State/UT,2019-20,2019-20,Milk,Milk,8759.01,000 tonnes,4.75,YoY growth (%),27.49,,,,,,,,5,,,Pending local-data join,,,0,Not populated — needs local population/consumption/transactions,Not populated — needs OSM/Overpass or verified business directory,Not populated — government milk price series is separate,NOT LOCAL-MARKET COMPLETE,Cannot calculate until local competitors + local demand + local price are joined,"Join local competitor, population/demand and current price layers before scoring market gap",Official government — DAHD BAHS 2025,Missing,Official — DAHD BAHS 2025 Table 35,Not populated — requires Consumer Affairs price-series extraction,Not populated — Census/OGD layer to be joined,Not populated — OSM/Overpass business layer to be joined,Not populated — market/business geocoding layer to be joined,https://www.dahd.gov.in/schemes/programmes/animal-husbandry-statistics,https://www.data.gov.in/catalog/dailyweekly-retail-prices-milk,https://www.openstreetmap.org/,2026-09-28 web verification of source availability,Official,"DAHD Basic Animal Husbandry Statistics 2025, Table 35",Milk production is official government data; blank market/competition/price fields are intentionally unfilled until their respective source datasets are joined.,61.45,57.6299,3.8201000000000036,All-India average; NOT local market price,2026-09-28,Department of Consumer Affairs - Price Monitoring System,REAL_OFFICIAL_REFERENCE
IN-DAIRY-0164,164,India,Tamil Nadu,,,State/UT,2020-21,2020-21,Milk,Milk,9790.36,000 tonnes,11.77,YoY growth (%),31.22,,,,,,,,5,,,Pending local-data join,,,0,Not populated — needs local population/consumption/transactions,Not populated — needs OSM/Overpass or verified business directory,Not populated — government milk price series is separate,NOT LOCAL-MARKET COMPLETE,Cannot calculate until local competitors + local demand + local price are joined,"Join local competitor, population/demand and current price layers before scoring market gap",Official government — DAHD BAHS 2025,Missing,Official — DAHD BAHS 2025 Table 35,Not populated — requires Consumer Affairs price-series extraction,Not populated — Census/OGD layer to be joined,Not populated — OSM/Overpass business layer to be joined,Not populated — market/business geocoding layer to be joined,https://www.dahd.gov.in/schemes/programmes/animal-husbandry-statistics,https://www.data.gov.in/catalog/dailyweekly-retail-prices-milk,https://www.openstreetmap.org/,2026-09-28 web verification of source availability,Official,"DAHD Basic Animal Husbandry Statistics 2025, Table 35",Milk production is official government data; blank market/competition/price fields are intentionally unfilled until their respective source datasets are joined.,61.45,57.6299,3.8201000000000036,All-India average; NOT local market price,2026-09-28,Department of Consumer Affairs - Price Monitoring System,REAL_OFFICIAL_REFERENCE
IN-DAIRY-0165,165,India,Tamil Nadu,,,State/UT,2021-22,2021-22,Milk,Milk,10107.43,000 tonnes,3.24,YoY growth (%),29.84,,,,,,,,5,,,Pending local-data join,,,0,Not populated — needs local population/consumption/transactions,Not populated — needs OSM/Overpass or verified business directory,Not populated — government milk price series is separate,NOT LOCAL-MARKET COMPLETE,Cannot calculate until local competitors + local demand + local price are joined,"Join local competitor, population/demand and current price layers before scoring market gap",Official government — DAHD BAHS 2025,Missing,Official — DAHD BAHS 2025 Table 35,Not populated — requires Consumer Affairs price-series extraction,Not populated — Census/OGD layer to be joined,Not populated — OSM/Overpass business layer to be joined,Not populated — market/business geocoding layer to be joined,https://www.dahd.gov.in/schemes/programmes/animal-husbandry-statistics,https://www.data.gov.in/catalog/dailyweekly-retail-prices-milk,https://www.openstreetmap.org/,2026-09-28 web verification of source availability,Official,"DAHD Basic Animal Husbandry Statistics 2025, Table 35",Milk production is official government data; blank market/competition/price fields are intentionally unfilled until their respective source datasets are joined.,61.45,57.6299,3.8201000000000036,All-India average; NOT local market price,2026-09-28,Department of Consumer Affairs - Price Monitoring System,REAL_OFFICIAL_REFERENCE
IN-DAIRY-0166,166,India,Tamil Nadu,,,State/UT,2022-23,2022-23,Milk,Milk,10316.75,000 tonnes,2.07,YoY growth (%),28.47,,,,,,,,5,,,Pending local-data join,,,0,Not populated — needs local population/consumption/transactions,Not populated — needs OSM/Overpass or verified business directory,Not populated — government milk price series is separate,NOT LOCAL-MARKET COMPLETE,Cannot calculate until local competitors + local demand + local price are joined,"Join local competitor, population/demand and current price layers before scoring market gap",Official government — DAHD BAHS 2025,Missing,Official — DAHD BAHS 2025 Table 35,Not populated — requires Consumer Affairs price-series extraction,Not populated — Census/OGD layer to be joined,Not populated — OSM/Overpass business layer to be joined,Not populated — market/business geocoding layer to be joined,https://www.dahd.gov.in/schemes/programmes/animal-husbandry-statistics,https://www.data.gov.in/catalog/dailyweekly-retail-prices-milk,https://www.openstreetmap.org/,2026-09-28 web verification of source availability,Official,"DAHD Basic Animal Husbandry Statistics 2025, Table 35",Milk production is official government data; blank market/competition/price fields are intentionally unfilled until their respective source datasets are joined.,61.45,57.6299,3.8201000000000036,All-India average; NOT local market price,2026-09-28,Department of Consumer Affairs - Price Monitoring System,REAL_OFFICIAL_REFERENCE
IN-DAIRY-0167,167,India,Tamil Nadu,,,State/UT,2023-24,2023-24,Milk,Milk,10807.84,000 tonnes,4.76,YoY growth (%),27.87,,,,,,,,5,,,Pending local-data join,,,0,Not populated — needs local population/consumption/transactions,Not populated — needs OSM/Overpass or verified business directory,Not populated — government milk price series is separate,NOT LOCAL-MARKET COMPLETE,Cannot calculate until local competitors + local demand + local price are joined,"Join local competitor, population/demand and current price layers before scoring market gap",Official government — DAHD BAHS 2025,Missing,Official — DAHD BAHS 2025 Table 35,Not populated — requires Consumer Affairs price-series extraction,Not populated — Census/OGD layer to be joined,Not populated — OSM/Overpass business layer to be joined,Not populated — market/business geocoding layer to be joined,https://www.dahd.gov.in/schemes/programmes/animal-husbandry-statistics,https://www.data.gov.in/catalog/dailyweekly-retail-prices-milk,https://www.openstreetmap.org/,2026-09-28 web verification of source availability,Official,"DAHD Basic Animal Husbandry Statistics 2025, Table 35",Milk production is official government data; blank market/competition/price fields are intentionally unfilled until their respective source datasets are joined.,61.45,57.6299,3.8201000000000036,All-India average; NOT local market price,2026-09-28,Department of Consumer Affairs - Price Monitoring System,REAL_OFFICIAL_REFERENCE
IN-DAIRY-0168,168,India,Tamil Nadu,,,State/UT,2024-25,2024-25,Milk,Milk,11442.91,000 tonnes,5.88,YoY growth (%),29.48,,,,,,,,5,,,Pending local-data join,,,0,Not populated — needs local population/consumption/transactions,Not populated — needs OSM/Overpass or verified business directory,Not populated — government milk price series is separate,NOT LOCAL-MARKET COMPLETE,Cannot calculate until local competitors + local demand + local price are joined,"Join local competitor, population/demand and current price layers before scoring market gap",Official government — DAHD BAHS 2025,Missing,Official — DAHD BAHS 2025 Table 35,Not populated — requires Consumer Affairs price-series extraction,Not populated — Census/OGD layer to be joined,Not populated — OSM/Overpass business layer to be joined,Not populated — market/business geocoding layer to be joined,https://www.dahd.gov.in/schemes/programmes/animal-husbandry-statistics,https://www.data.gov.in/catalog/dailyweekly-retail-prices-milk,https://www.openstreetmap.org/,2026-09-28 web verification of source availability,Official,"DAHD Basic Animal Husbandry Statistics 2025, Table 35",Milk production is official government data; blank market/competition/price fields are intentionally unfilled until their respective source datasets are joined.,61.45,57.6299,3.8201000000000036,All-India average; NOT local market price,2026-09-28,Department of Consumer Affairs - Price Monitoring System,REAL_OFFICIAL_REFERENCE
IN-DAIRY-0169,169,India,Telangana,,,State/UT,2018-19,2018-19,Milk,Milk,5416.13,000 tonnes,,YoY growth (%),17.74,,,,,,,,5,,,Pending local-data join,,,0,Not populated — needs local population/consumption/transactions,Not populated — needs OSM/Overpass or verified business directory,Not populated — government milk price series is separate,NOT LOCAL-MARKET COMPLETE,Cannot calculate until local competitors + local demand + local price are joined,"Join local competitor, population/demand and current price layers before scoring market gap",Official government — DAHD BAHS 2025,Missing,Official — DAHD BAHS 2025 Table 35,Not populated — requires Consumer Affairs price-series extraction,Not populated — Census/OGD layer to be joined,Not populated — OSM/Overpass business layer to be joined,Not populated — market/business geocoding layer to be joined,https://www.dahd.gov.in/schemes/programmes/animal-husbandry-statistics,https://www.data.gov.in/catalog/dailyweekly-retail-prices-milk,https://www.openstreetmap.org/,2026-09-28 web verification of source availability,Official,"DAHD Basic Animal Husbandry Statistics 2025, Table 35",Milk production is official government data; blank market/competition/price fields are intentionally unfilled until their respective source datasets are joined.,61.45,57.6299,3.8201000000000036,All-India average; NOT local market price,2026-09-28,Department of Consumer Affairs - Price Monitoring System,REAL_OFFICIAL_REFERENCE
IN-DAIRY-0170,170,India,Telangana,,,State/UT,2019-20,2019-20,Milk,Milk,5589.8,000 tonnes,3.21,YoY growth (%),17.54,,,,,,,,5,,,Pending local-data join,,,0,Not populated — needs local population/consumption/transactions,Not populated — needs OSM/Overpass or verified business directory,Not populated — government milk price series is separate,NOT LOCAL-MARKET COMPLETE,Cannot calculate until local competitors + local demand + local price are joined,"Join local competitor, population/demand and current price layers before scoring market gap",Official government — DAHD BAHS 2025,Missing,Official — DAHD BAHS 2025 Table 35,Not populated — requires Consumer Affairs price-series extraction,Not populated — Census/OGD layer to be joined,Not populated — OSM/Overpass business layer to be joined,Not populated — market/business geocoding layer to be joined,https://www.dahd.gov.in/schemes/programmes/animal-husbandry-statistics,https://www.data.gov.in/catalog/dailyweekly-retail-prices-milk,https://www.openstreetmap.org/,2026-09-28 web verification of source availability,Official,"DAHD Basic Animal Husbandry Statistics 2025, Table 35",Milk production is official government data; blank market/competition/price fields are intentionally unfilled until their respective source datasets are joined.,61.45,57.6299,3.8201000000000036,All-India average; NOT local market price,2026-09-28,Department of Consumer Affairs - Price Monitoring System,REAL_OFFICIAL_REFERENCE
IN-DAIRY-0171,171,India,Telangana,,,State/UT,2020-21,2020-21,Milk,Milk,5765.21,000 tonnes,3.14,YoY growth (%),18.38,,,,,,,,5,,,Pending local-data join,,,0,Not populated — needs local population/consumption/transactions,Not populated — needs OSM/Overpass or verified business directory,Not populated — government milk price series is separate,NOT LOCAL-MARKET COMPLETE,Cannot calculate until local competitors + local demand + local price are joined,"Join local competitor, population/demand and current price layers before scoring market gap",Official government — DAHD BAHS 2025,Missing,Official — DAHD BAHS 2025 Table 35,Not populated — requires Consumer Affairs price-series extraction,Not populated — Census/OGD layer to be joined,Not populated — OSM/Overpass business layer to be joined,Not populated — market/business geocoding layer to be joined,https://www.dahd.gov.in/schemes/programmes/animal-husbandry-statistics,https://www.data.gov.in/catalog/dailyweekly-retail-prices-milk,https://www.openstreetmap.org/,2026-09-28 web verification of source availability,Official,"DAHD Basic Animal Husbandry Statistics 2025, Table 35",Milk production is official government data; blank market/competition/price fields are intentionally unfilled until their respective source datasets are joined.,61.45,57.6299,3.8201000000000036,All-India average; NOT local market price,2026-09-28,Department of Consumer Affairs - Price Monitoring System,REAL_OFFICIAL_REFERENCE
IN-DAIRY-0172,172,India,Telangana,,,State/UT,2021-22,2021-22,Milk,Milk,5807.78,000 tonnes,0.74,YoY growth (%),17.14,,,,,,,,5,,,Pending local-data join,,,0,Not populated — needs local population/consumption/transactions,Not populated — needs OSM/Overpass or verified business directory,Not populated — government milk price series is separate,NOT LOCAL-MARKET COMPLETE,Cannot calculate until local competitors + local demand + local price are joined,"Join local competitor, population/demand and current price layers before scoring market gap",Official government — DAHD BAHS 2025,Missing,Official — DAHD BAHS 2025 Table 35,Not populated — requires Consumer Affairs price-series extraction,Not populated — Census/OGD layer to be joined,Not populated — OSM/Overpass business layer to be joined,Not populated — market/business geocoding layer to be joined,https://www.dahd.gov.in/schemes/programmes/animal-husbandry-statistics,https://www.data.gov.in/catalog/dailyweekly-retail-prices-milk,https://www.openstreetmap.org/,2026-09-28 web verification of source availability,Official,"DAHD Basic Animal Husbandry Statistics 2025, Table 35",Milk production is official government data; blank market/competition/price fields are intentionally unfilled until their respective source datasets are joined.,61.45,57.6299,3.8201000000000036,All-India average; NOT local market price,2026-09-28,Department of Consumer Affairs - Price Monitoring System,REAL_OFFICIAL_REFERENCE
IN-DAIRY-0173,173,India,Telangana,,,State/UT,2022-23,2022-23,Milk,Milk,5854.96,000 tonnes,0.81,YoY growth (%),16.15,,,,,,,,5,,,Pending local-data join,,,0,Not populated — needs local population/consumption/transactions,Not populated — needs OSM/Overpass or verified business directory,Not populated — government milk price series is separate,NOT LOCAL-MARKET COMPLETE,Cannot calculate until local competitors + local demand + local price are joined,"Join local competitor, population/demand and current price layers before scoring market gap",Official government — DAHD BAHS 2025,Missing,Official — DAHD BAHS 2025 Table 35,Not populated — requires Consumer Affairs price-series extraction,Not populated — Census/OGD layer to be joined,Not populated — OSM/Overpass business layer to be joined,Not populated — market/business geocoding layer to be joined,https://www.dahd.gov.in/schemes/programmes/animal-husbandry-statistics,https://www.data.gov.in/catalog/dailyweekly-retail-prices-milk,https://www.openstreetmap.org/,2026-09-28 web verification of source availability,Official,"DAHD Basic Animal Husbandry Statistics 2025, Table 35",Milk production is official government data; blank market/competition/price fields are intentionally unfilled until their respective source datasets are joined.,61.45,57.6299,3.8201000000000036,All-India average; NOT local market price,2026-09-28,Department of Consumer Affairs - Price Monitoring System,REAL_OFFICIAL_REFERENCE
IN-DAIRY-0174,174,India,Telangana,,,State/UT,2023-24,2023-24,Milk,Milk,5839.56,000 tonnes,-0.26,YoY growth (%),15.06,,,,,,,,5,,,Pending local-data join,,,0,Not populated — needs local population/consumption/transactions,Not populated — needs OSM/Overpass or verified business directory,Not populated — government milk price series is separate,NOT LOCAL-MARKET COMPLETE,Cannot calculate until local competitors + local demand + local price are joined,"Join local competitor, population/demand and current price layers before scoring market gap",Official government — DAHD BAHS 2025,Missing,Official — DAHD BAHS 2025 Table 35,Not populated — requires Consumer Affairs price-series extraction,Not populated — Census/OGD layer to be joined,Not populated — OSM/Overpass business layer to be joined,Not populated — market/business geocoding layer to be joined,https://www.dahd.gov.in/schemes/programmes/animal-husbandry-statistics,https://www.data.gov.in/catalog/dailyweekly-retail-prices-milk,https://www.openstreetmap.org/,2026-09-28 web verification of source availability,Official,"DAHD Basic Animal Husbandry Statistics 2025, Table 35",Milk production is official government data; blank market/competition/price fields are intentionally unfilled until their respective source datasets are joined.,61.45,57.6299,3.8201000000000036,All-India average; NOT local market price,2026-09-28,Department of Consumer Affairs - Price Monitoring System,REAL_OFFICIAL_REFERENCE
IN-DAIRY-0175,175,India,Telangana,,,State/UT,2024-25,2024-25,Milk,Milk,5935.12,000 tonnes,1.64,YoY growth (%),15.29,,,,,,,,5,,,Pending local-data join,,,0,Not populated — needs local population/consumption/transactions,Not populated — needs OSM/Overpass or verified business directory,Not populated — government milk price series is separate,NOT LOCAL-MARKET COMPLETE,Cannot calculate until local competitors + local demand + local price are joined,"Join local competitor, population/demand and current price layers before scoring market gap",Official government — DAHD BAHS 2025,Missing,Official — DAHD BAHS 2025 Table 35,Not populated — requires Consumer Affairs price-series extraction,Not populated — Census/OGD layer to be joined,Not populated — OSM/Overpass business layer to be joined,Not populated — market/business geocoding layer to be joined,https://www.dahd.gov.in/schemes/programmes/animal-husbandry-statistics,https://www.data.gov.in/catalog/dailyweekly-retail-prices-milk,https://www.openstreetmap.org/,2026-09-28 web verification of source availability,Official,"DAHD Basic Animal Husbandry Statistics 2025, Table 35",Milk production is official government data; blank market/competition/price fields are intentionally unfilled until their respective source datasets are joined.,61.45,57.6299,3.8201000000000036,All-India average; NOT local market price,2026-09-28,Department of Consumer Affairs - Price Monitoring System,REAL_OFFICIAL_REFERENCE
IN-DAIRY-0176,176,India,Tripura,,,State/UT,2018-19,2018-19,Milk,Milk,185.27,000 tonnes,,YoY growth (%),0.6,,,,,,,,5,,,Pending local-data join,,,0,Not populated — needs local population/consumption/transactions,Not populated — needs OSM/Overpass or verified business directory,Not populated — government milk price series is separate,NOT LOCAL-MARKET COMPLETE,Cannot calculate until local competitors + local demand + local price are joined,"Join local competitor, population/demand and current price layers before scoring market gap",Official government — DAHD BAHS 2025,Missing,Official — DAHD BAHS 2025 Table 35,Not populated — requires Consumer Affairs price-series extraction,Not populated — Census/OGD layer to be joined,Not populated — OSM/Overpass business layer to be joined,Not populated — market/business geocoding layer to be joined,https://www.dahd.gov.in/schemes/programmes/animal-husbandry-statistics,https://www.data.gov.in/catalog/dailyweekly-retail-prices-milk,https://www.openstreetmap.org/,2026-09-28 web verification of source availability,Official,"DAHD Basic Animal Husbandry Statistics 2025, Table 35",Milk production is official government data; blank market/competition/price fields are intentionally unfilled until their respective source datasets are joined.,61.45,57.6299,3.8201000000000036,All-India average; NOT local market price,2026-09-28,Department of Consumer Affairs - Price Monitoring System,REAL_OFFICIAL_REFERENCE
IN-DAIRY-0177,177,India,Tripura,,,State/UT,2019-20,2019-20,Milk,Milk,198.6,000 tonnes,7.19,YoY growth (%),0.62,,,,,,,,5,,,Pending local-data join,,,0,Not populated — needs local population/consumption/transactions,Not populated — needs OSM/Overpass or verified business directory,Not populated — government milk price series is separate,NOT LOCAL-MARKET COMPLETE,Cannot calculate until local competitors + local demand + local price are joined,"Join local competitor, population/demand and current price layers before scoring market gap",Official government — DAHD BAHS 2025,Missing,Official — DAHD BAHS 2025 Table 35,Not populated — requires Consumer Affairs price-series extraction,Not populated — Census/OGD layer to be joined,Not populated — OSM/Overpass business layer to be joined,Not populated — market/business geocoding layer to be joined,https://www.dahd.gov.in/schemes/programmes/animal-husbandry-statistics,https://www.data.gov.in/catalog/dailyweekly-retail-prices-milk,https://www.openstreetmap.org/,2026-09-28 web verification of source availability,Official,"DAHD Basic Animal Husbandry Statistics 2025, Table 35",Milk production is official government data; blank market/competition/price fields are intentionally unfilled until their respective source datasets are joined.,61.45,57.6299,3.8201000000000036,All-India average; NOT local market price,2026-09-28,Department of Consumer Affairs - Price Monitoring System,REAL_OFFICIAL_REFERENCE
IN-DAIRY-0178,178,India,Tripura,,,State/UT,2020-21,2020-21,Milk,Milk,206.17,000 tonnes,3.81,YoY growth (%),0.65,,,,,,,,5,,,Pending local-data join,,,0,Not populated — needs local population/consumption/transactions,Not populated — needs OSM/Overpass or verified business directory,Not populated — government milk price series is separate,NOT LOCAL-MARKET COMPLETE,Cannot calculate until local competitors + local demand + local price are joined,"Join local competitor, population/demand and current price layers before scoring market gap",Official government — DAHD BAHS 2025,Missing,Official — DAHD BAHS 2025 Table 35,Not populated — requires Consumer Affairs price-series extraction,Not populated — Census/OGD layer to be joined,Not populated — OSM/Overpass business layer to be joined,Not populated — market/business geocoding layer to be joined,https://www.dahd.gov.in/schemes/programmes/animal-husbandry-statistics,https://www.data.gov.in/catalog/dailyweekly-retail-prices-milk,https://www.openstreetmap.org/,2026-09-28 web verification of source availability,Official,"DAHD Basic Animal Husbandry Statistics 2025, Table 35",Milk production is official government data; blank market/competition/price fields are intentionally unfilled until their respective source datasets are joined.,61.45,57.6299,3.8201000000000036,All-India average; NOT local market price,2026-09-28,Department of Consumer Affairs - Price Monitoring System,REAL_OFFICIAL_REFERENCE
IN-DAIRY-0179,179,India,Tripura,,,State/UT,2021-22,2021-22,Milk,Milk,216.96,000 tonnes,5.23,YoY growth (%),0.64,,,,,,,,5,,,Pending local-data join,,,0,Not populated — needs local population/consumption/transactions,Not populated — needs OSM/Overpass or verified business directory,Not populated — government milk price series is separate,NOT LOCAL-MARKET COMPLETE,Cannot calculate until local competitors + local demand + local price are joined,"Join local competitor, population/demand and current price layers before scoring market gap",Official government — DAHD BAHS 2025,Missing,Official — DAHD BAHS 2025 Table 35,Not populated — requires Consumer Affairs price-series extraction,Not populated — Census/OGD layer to be joined,Not populated — OSM/Overpass business layer to be joined,Not populated — market/business geocoding layer to be joined,https://www.dahd.gov.in/schemes/programmes/animal-husbandry-statistics,https://www.data.gov.in/catalog/dailyweekly-retail-prices-milk,https://www.openstreetmap.org/,2026-09-28 web verification of source availability,Official,"DAHD Basic Animal Husbandry Statistics 2025, Table 35",Milk production is official government data; blank market/competition/price fields are intentionally unfilled until their respective source datasets are joined.,61.45,57.6299,3.8201000000000036,All-India average; NOT local market price,2026-09-28,Department of Consumer Affairs - Price Monitoring System,REAL_OFFICIAL_REFERENCE
IN-DAIRY-0180,180,India,Tripura,,,State/UT,2022-23,2022-23,Milk,Milk,230.12,000 tonnes,6.07,YoY growth (%),0.63,,,,,,,,5,,,Pending local-data join,,,0,Not populated — needs local population/consumption/transactions,Not populated — needs OSM/Overpass or verified business directory,Not populated — government milk price series is separate,NOT LOCAL-MARKET COMPLETE,Cannot calculate until local competitors + local demand + local price are joined,"Join local competitor, population/demand and current price layers before scoring market gap",Official government — DAHD BAHS 2025,Missing,Official — DAHD BAHS 2025 Table 35,Not populated — requires Consumer Affairs price-series extraction,Not populated — Census/OGD layer to be joined,Not populated — OSM/Overpass business layer to be joined,Not populated — market/business geocoding layer to be joined,https://www.dahd.gov.in/schemes/programmes/animal-husbandry-statistics,https://www.data.gov.in/catalog/dailyweekly-retail-prices-milk,https://www.openstreetmap.org/,2026-09-28 web verification of source availability,Official,"DAHD Basic Animal Husbandry Statistics 2025, Table 35",Milk production is official government data; blank market/competition/price fields are intentionally unfilled until their respective source datasets are joined.,61.45,57.6299,3.8201000000000036,All-India average; NOT local market price,2026-09-28,Department of Consumer Affairs - Price Monitoring System,REAL_OFFICIAL_REFERENCE
IN-DAIRY-0181,181,India,Tripura,,,State/UT,2023-24,2023-24,Milk,Milk,247.3,000 tonnes,7.47,YoY growth (%),0.64,,,,,,,,5,,,Pending local-data join,,,0,Not populated — needs local population/consumption/transactions,Not populated — needs OSM/Overpass or verified business directory,Not populated — government milk price series is separate,NOT LOCAL-MARKET COMPLETE,Cannot calculate until local competitors + local demand + local price are joined,"Join local competitor, population/demand and current price layers before scoring market gap",Official government — DAHD BAHS 2025,Missing,Official — DAHD BAHS 2025 Table 35,Not populated — requires Consumer Affairs price-series extraction,Not populated — Census/OGD layer to be joined,Not populated — OSM/Overpass business layer to be joined,Not populated — market/business geocoding layer to be joined,https://www.dahd.gov.in/schemes/programmes/animal-husbandry-statistics,https://www.data.gov.in/catalog/dailyweekly-retail-prices-milk,https://www.openstreetmap.org/,2026-09-28 web verification of source availability,Official,"DAHD Basic Animal Husbandry Statistics 2025, Table 35",Milk production is official government data; blank market/competition/price fields are intentionally unfilled until their respective source datasets are joined.,61.45,57.6299,3.8201000000000036,All-India average; NOT local market price,2026-09-28,Department of Consumer Affairs - Price Monitoring System,REAL_OFFICIAL_REFERENCE
IN-DAIRY-0182,182,India,Tripura,,,State/UT,2024-25,2024-25,Milk,Milk,263.69,000 tonnes,6.63,YoY growth (%),0.68,,,,,,,,5,,,Pending local-data join,,,0,Not populated — needs local population/consumption/transactions,Not populated — needs OSM/Overpass or verified business directory,Not populated — government milk price series is separate,NOT LOCAL-MARKET COMPLETE,Cannot calculate until local competitors + local demand + local price are joined,"Join local competitor, population/demand and current price layers before scoring market gap",Official government — DAHD BAHS 2025,Missing,Official — DAHD BAHS 2025 Table 35,Not populated — requires Consumer Affairs price-series extraction,Not populated — Census/OGD layer to be joined,Not populated — OSM/Overpass business layer to be joined,Not populated — market/business geocoding layer to be joined,https://www.dahd.gov.in/schemes/programmes/animal-husbandry-statistics,https://www.data.gov.in/catalog/dailyweekly-retail-prices-milk,https://www.openstreetmap.org/,2026-09-28 web verification of source availability,Official,"DAHD Basic Animal Husbandry Statistics 2025, Table 35",Milk production is official government data; blank market/competition/price fields are intentionally unfilled until their respective source datasets are joined.,61.45,57.6299,3.8201000000000036,All-India average; NOT local market price,2026-09-28,Department of Consumer Affairs - Price Monitoring System,REAL_OFFICIAL_REFERENCE
IN-DAIRY-0183,183,India,Uttar Pradesh,,,State/UT,2018-19,2018-19,Milk,Milk,30518.91,000 tonnes,,YoY growth (%),100.0,,,,,,,,5,,,Pending local-data join,,,0,Not populated — needs local population/consumption/transactions,Not populated — needs OSM/Overpass or verified business directory,Not populated — government milk price series is separate,NOT LOCAL-MARKET COMPLETE,Cannot calculate until local competitors + local demand + local price are joined,"Join local competitor, population/demand and current price layers before scoring market gap",Official government — DAHD BAHS 2025,Missing,Official — DAHD BAHS 2025 Table 35,Not populated — requires Consumer Affairs price-series extraction,Not populated — Census/OGD layer to be joined,Not populated — OSM/Overpass business layer to be joined,Not populated — market/business geocoding layer to be joined,https://www.dahd.gov.in/schemes/programmes/animal-husbandry-statistics,https://www.data.gov.in/catalog/dailyweekly-retail-prices-milk,https://www.openstreetmap.org/,2026-09-28 web verification of source availability,Official,"DAHD Basic Animal Husbandry Statistics 2025, Table 35",Milk production is official government data; blank market/competition/price fields are intentionally unfilled until their respective source datasets are joined.,61.45,57.6299,3.8201000000000036,All-India average; NOT local market price,2026-09-28,Department of Consumer Affairs - Price Monitoring System,REAL_OFFICIAL_REFERENCE
IN-DAIRY-0184,184,India,Uttar Pradesh,,,State/UT,2019-20,2019-20,Milk,Milk,31863.91,000 tonnes,4.41,YoY growth (%),100.0,,,,,,,,5,,,Pending local-data join,,,0,Not populated — needs local population/consumption/transactions,Not populated — needs OSM/Overpass or verified business directory,Not populated — government milk price series is separate,NOT LOCAL-MARKET COMPLETE,Cannot calculate until local competitors + local demand + local price are joined,"Join local competitor, population/demand and current price layers before scoring market gap",Official government — DAHD BAHS 2025,Missing,Official — DAHD BAHS 2025 Table 35,Not populated — requires Consumer Affairs price-series extraction,Not populated — Census/OGD layer to be joined,Not populated — OSM/Overpass business layer to be joined,Not populated — market/business geocoding layer to be joined,https://www.dahd.gov.in/schemes/programmes/animal-husbandry-statistics,https://www.data.gov.in/catalog/dailyweekly-retail-prices-milk,https://www.openstreetmap.org/,2026-09-28 web verification of source availability,Official,"DAHD Basic Animal Husbandry Statistics 2025, Table 35",Milk production is official government data; blank market/competition/price fields are intentionally unfilled until their respective source datasets are joined.,61.45,57.6299,3.8201000000000036,All-India average; NOT local market price,2026-09-28,Department of Consumer Affairs - Price Monitoring System,REAL_OFFICIAL_REFERENCE
IN-DAIRY-0185,185,India,Uttar Pradesh,,,State/UT,2020-21,2020-21,Milk,Milk,31359.1,000 tonnes,-1.58,YoY growth (%),100.0,,,,,,,,5,,,Pending local-data join,,,0,Not populated — needs local population/consumption/transactions,Not populated — needs OSM/Overpass or verified business directory,Not populated — government milk price series is separate,NOT LOCAL-MARKET COMPLETE,Cannot calculate until local competitors + local demand + local price are joined,"Join local competitor, population/demand and current price layers before scoring market gap",Official government — DAHD BAHS 2025,Missing,Official — DAHD BAHS 2025 Table 35,Not populated — requires Consumer Affairs price-series extraction,Not populated — Census/OGD layer to be joined,Not populated — OSM/Overpass business layer to be joined,Not populated — market/business geocoding layer to be joined,https://www.dahd.gov.in/schemes/programmes/animal-husbandry-statistics,https://www.data.gov.in/catalog/dailyweekly-retail-prices-milk,https://www.openstreetmap.org/,2026-09-28 web verification of source availability,Official,"DAHD Basic Animal Husbandry Statistics 2025, Table 35",Milk production is official government data; blank market/competition/price fields are intentionally unfilled until their respective source datasets are joined.,61.45,57.6299,3.8201000000000036,All-India average; NOT local market price,2026-09-28,Department of Consumer Affairs - Price Monitoring System,REAL_OFFICIAL_REFERENCE
IN-DAIRY-0186,186,India,Uttar Pradesh,,,State/UT,2021-22,2021-22,Milk,Milk,33873.61,000 tonnes,8.02,YoY growth (%),100.0,,,,,,,,5,,,Pending local-data join,,,0,Not populated — needs local population/consumption/transactions,Not populated — needs OSM/Overpass or verified business directory,Not populated — government milk price series is separate,NOT LOCAL-MARKET COMPLETE,Cannot calculate until local competitors + local demand + local price are joined,"Join local competitor, population/demand and current price layers before scoring market gap",Official government — DAHD BAHS 2025,Missing,Official — DAHD BAHS 2025 Table 35,Not populated — requires Consumer Affairs price-series extraction,Not populated — Census/OGD layer to be joined,Not populated — OSM/Overpass business layer to be joined,Not populated — market/business geocoding layer to be joined,https://www.dahd.gov.in/schemes/programmes/animal-husbandry-statistics,https://www.data.gov.in/catalog/dailyweekly-retail-prices-milk,https://www.openstreetmap.org/,2026-09-28 web verification of source availability,Official,"DAHD Basic Animal Husbandry Statistics 2025, Table 35",Milk production is official government data; blank market/competition/price fields are intentionally unfilled until their respective source datasets are joined.,61.45,57.6299,3.8201000000000036,All-India average; NOT local market price,2026-09-28,Department of Consumer Affairs - Price Monitoring System,REAL_OFFICIAL_REFERENCE
IN-DAIRY-0187,187,India,Uttar Pradesh,,,State/UT,2022-23,2022-23,Milk,Milk,36241.74,000 tonnes,6.99,YoY growth (%),100.0,,,,,,,,5,,,Pending local-data join,,,0,Not populated — needs local population/consumption/transactions,Not populated — needs OSM/Overpass or verified business directory,Not populated — government milk price series is separate,NOT LOCAL-MARKET COMPLETE,Cannot calculate until local competitors + local demand + local price are joined,"Join local competitor, population/demand and current price layers before scoring market gap",Official government — DAHD BAHS 2025,Missing,Official — DAHD BAHS 2025 Table 35,Not populated — requires Consumer Affairs price-series extraction,Not populated — Census/OGD layer to be joined,Not populated — OSM/Overpass business layer to be joined,Not populated — market/business geocoding layer to be joined,https://www.dahd.gov.in/schemes/programmes/animal-husbandry-statistics,https://www.data.gov.in/catalog/dailyweekly-retail-prices-milk,https://www.openstreetmap.org/,2026-09-28 web verification of source availability,Official,"DAHD Basic Animal Husbandry Statistics 2025, Table 35",Milk production is official government data; blank market/competition/price fields are intentionally unfilled until their respective source datasets are joined.,61.45,57.6299,3.8201000000000036,All-India average; NOT local market price,2026-09-28,Department of Consumer Affairs - Price Monitoring System,REAL_OFFICIAL_REFERENCE
IN-DAIRY-0188,188,India,Uttar Pradesh,,,State/UT,2023-24,2023-24,Milk,Milk,38779.57,000 tonnes,7.0,YoY growth (%),100.0,,,,,,,,5,,,Pending local-data join,,,0,Not populated — needs local population/consumption/transactions,Not populated — needs OSM/Overpass or verified business directory,Not populated — government milk price series is separate,NOT LOCAL-MARKET COMPLETE,Cannot calculate until local competitors + local demand + local price are joined,"Join local competitor, population/demand and current price layers before scoring market gap",Official government — DAHD BAHS 2025,Missing,Official — DAHD BAHS 2025 Table 35,Not populated — requires Consumer Affairs price-series extraction,Not populated — Census/OGD layer to be joined,Not populated — OSM/Overpass business layer to be joined,Not populated — market/business geocoding layer to be joined,https://www.dahd.gov.in/schemes/programmes/animal-husbandry-statistics,https://www.data.gov.in/catalog/dailyweekly-retail-prices-milk,https://www.openstreetmap.org/,2026-09-28 web verification of source availability,Official,"DAHD Basic Animal Husbandry Statistics 2025, Table 35",Milk production is official government data; blank market/competition/price fields are intentionally unfilled until their respective source datasets are joined.,61.45,57.6299,3.8201000000000036,All-India average; NOT local market price,2026-09-28,Department of Consumer Affairs - Price Monitoring System,REAL_OFFICIAL_REFERENCE
IN-DAIRY-0189,189,India,Uttar Pradesh,,,State/UT,2024-25,2024-25,Milk,Milk,38815.34,000 tonnes,0.09,YoY growth (%),100.0,,,,,,,,5,,,Pending local-data join,,,0,Not populated — needs local population/consumption/transactions,Not populated — needs OSM/Overpass or verified business directory,Not populated — government milk price series is separate,NOT LOCAL-MARKET COMPLETE,Cannot calculate until local competitors + local demand + local price are joined,"Join local competitor, population/demand and current price layers before scoring market gap",Official government — DAHD BAHS 2025,Missing,Official — DAHD BAHS 2025 Table 35,Not populated — requires Consumer Affairs price-series extraction,Not populated — Census/OGD layer to be joined,Not populated — OSM/Overpass business layer to be joined,Not populated — market/business geocoding layer to be joined,https://www.dahd.gov.in/schemes/programmes/animal-husbandry-statistics,https://www.data.gov.in/catalog/dailyweekly-retail-prices-milk,https://www.openstreetmap.org/,2026-09-28 web verification of source availability,Official,"DAHD Basic Animal Husbandry Statistics 2025, Table 35",Milk production is official government data; blank market/competition/price fields are intentionally unfilled until their respective source datasets are joined.,61.45,57.6299,3.8201000000000036,All-India average; NOT local market price,2026-09-28,Department of Consumer Affairs - Price Monitoring System,REAL_OFFICIAL_REFERENCE
IN-DAIRY-0190,190,India,Uttarakhand,,,State/UT,2018-19,2018-19,Milk,Milk,1792.37,000 tonnes,,YoY growth (%),5.87,,,,,,,,5,,,Pending local-data join,,,0,Not populated — needs local population/consumption/transactions,Not populated — needs OSM/Overpass or verified business directory,Not populated — government milk price series is separate,NOT LOCAL-MARKET COMPLETE,Cannot calculate until local competitors + local demand + local price are joined,"Join local competitor, population/demand and current price layers before scoring market gap",Official government — DAHD BAHS 2025,Missing,Official — DAHD BAHS 2025 Table 35,Not populated — requires Consumer Affairs price-series extraction,Not populated — Census/OGD layer to be joined,Not populated — OSM/Overpass business layer to be joined,Not populated — market/business geocoding layer to be joined,https://www.dahd.gov.in/schemes/programmes/animal-husbandry-statistics,https://www.data.gov.in/catalog/dailyweekly-retail-prices-milk,https://www.openstreetmap.org/,2026-09-28 web verification of source availability,Official,"DAHD Basic Animal Husbandry Statistics 2025, Table 35",Milk production is official government data; blank market/competition/price fields are intentionally unfilled until their respective source datasets are joined.,61.45,57.6299,3.8201000000000036,All-India average; NOT local market price,2026-09-28,Department of Consumer Affairs - Price Monitoring System,REAL_OFFICIAL_REFERENCE
IN-DAIRY-0191,191,India,Uttarakhand,,,State/UT,2019-20,2019-20,Milk,Milk,1844.71,000 tonnes,2.92,YoY growth (%),5.79,,,,,,,,5,,,Pending local-data join,,,0,Not populated — needs local population/consumption/transactions,Not populated — needs OSM/Overpass or verified business directory,Not populated — government milk price series is separate,NOT LOCAL-MARKET COMPLETE,Cannot calculate until local competitors + local demand + local price are joined,"Join local competitor, population/demand and current price layers before scoring market gap",Official government — DAHD BAHS 2025,Missing,Official — DAHD BAHS 2025 Table 35,Not populated — requires Consumer Affairs price-series extraction,Not populated — Census/OGD layer to be joined,Not populated — OSM/Overpass business layer to be joined,Not populated — market/business geocoding layer to be joined,https://www.dahd.gov.in/schemes/programmes/animal-husbandry-statistics,https://www.data.gov.in/catalog/dailyweekly-retail-prices-milk,https://www.openstreetmap.org/,2026-09-28 web verification of source availability,Official,"DAHD Basic Animal Husbandry Statistics 2025, Table 35",Milk production is official government data; blank market/competition/price fields are intentionally unfilled until their respective source datasets are joined.,61.45,57.6299,3.8201000000000036,All-India average; NOT local market price,2026-09-28,Department of Consumer Affairs - Price Monitoring System,REAL_OFFICIAL_REFERENCE
IN-DAIRY-0192,192,India,Uttarakhand,,,State/UT,2020-21,2020-21,Milk,Milk,1797.45,000 tonnes,-2.56,YoY growth (%),5.73,,,,,,,,5,,,Pending local-data join,,,0,Not populated — needs local population/consumption/transactions,Not populated — needs OSM/Overpass or verified business directory,Not populated — government milk price series is separate,NOT LOCAL-MARKET COMPLETE,Cannot calculate until local competitors + local demand + local price are joined,"Join local competitor, population/demand and current price layers before scoring market gap",Official government — DAHD BAHS 2025,Missing,Official — DAHD BAHS 2025 Table 35,Not populated — requires Consumer Affairs price-series extraction,Not populated — Census/OGD layer to be joined,Not populated — OSM/Overpass business layer to be joined,Not populated — market/business geocoding layer to be joined,https://www.dahd.gov.in/schemes/programmes/animal-husbandry-statistics,https://www.data.gov.in/catalog/dailyweekly-retail-prices-milk,https://www.openstreetmap.org/,2026-09-28 web verification of source availability,Official,"DAHD Basic Animal Husbandry Statistics 2025, Table 35",Milk production is official government data; blank market/competition/price fields are intentionally unfilled until their respective source datasets are joined.,61.45,57.6299,3.8201000000000036,All-India average; NOT local market price,2026-09-28,Department of Consumer Affairs - Price Monitoring System,REAL_OFFICIAL_REFERENCE
IN-DAIRY-0193,193,India,Uttarakhand,,,State/UT,2021-22,2021-22,Milk,Milk,1856.27,000 tonnes,3.27,YoY growth (%),5.48,,,,,,,,5,,,Pending local-data join,,,0,Not populated — needs local population/consumption/transactions,Not populated — needs OSM/Overpass or verified business directory,Not populated — government milk price series is separate,NOT LOCAL-MARKET COMPLETE,Cannot calculate until local competitors + local demand + local price are joined,"Join local competitor, population/demand and current price layers before scoring market gap",Official government — DAHD BAHS 2025,Missing,Official — DAHD BAHS 2025 Table 35,Not populated — requires Consumer Affairs price-series extraction,Not populated — Census/OGD layer to be joined,Not populated — OSM/Overpass business layer to be joined,Not populated — market/business geocoding layer to be joined,https://www.dahd.gov.in/schemes/programmes/animal-husbandry-statistics,https://www.data.gov.in/catalog/dailyweekly-retail-prices-milk,https://www.openstreetmap.org/,2026-09-28 web verification of source availability,Official,"DAHD Basic Animal Husbandry Statistics 2025, Table 35",Milk production is official government data; blank market/competition/price fields are intentionally unfilled until their respective source datasets are joined.,61.45,57.6299,3.8201000000000036,All-India average; NOT local market price,2026-09-28,Department of Consumer Affairs - Price Monitoring System,REAL_OFFICIAL_REFERENCE
IN-DAIRY-0194,194,India,Uttarakhand,,,State/UT,2022-23,2022-23,Milk,Milk,1858.55,000 tonnes,0.12,YoY growth (%),5.13,,,,,,,,5,,,Pending local-data join,,,0,Not populated — needs local population/consumption/transactions,Not populated — needs OSM/Overpass or verified business directory,Not populated — government milk price series is separate,NOT LOCAL-MARKET COMPLETE,Cannot calculate until local competitors + local demand + local price are joined,"Join local competitor, population/demand and current price layers before scoring market gap",Official government — DAHD BAHS 2025,Missing,Official — DAHD BAHS 2025 Table 35,Not populated — requires Consumer Affairs price-series extraction,Not populated — Census/OGD layer to be joined,Not populated — OSM/Overpass business layer to be joined,Not populated — market/business geocoding layer to be joined,https://www.dahd.gov.in/schemes/programmes/animal-husbandry-statistics,https://www.data.gov.in/catalog/dailyweekly-retail-prices-milk,https://www.openstreetmap.org/,2026-09-28 web verification of source availability,Official,"DAHD Basic Animal Husbandry Statistics 2025, Table 35",Milk production is official government data; blank market/competition/price fields are intentionally unfilled until their respective source datasets are joined.,61.45,57.6299,3.8201000000000036,All-India average; NOT local market price,2026-09-28,Department of Consumer Affairs - Price Monitoring System,REAL_OFFICIAL_REFERENCE
IN-DAIRY-0195,195,India,Uttarakhand,,,State/UT,2023-24,2023-24,Milk,Milk,1897.84,000 tonnes,2.11,YoY growth (%),4.89,,,,,,,,5,,,Pending local-data join,,,0,Not populated — needs local population/consumption/transactions,Not populated — needs OSM/Overpass or verified business directory,Not populated — government milk price series is separate,NOT LOCAL-MARKET COMPLETE,Cannot calculate until local competitors + local demand + local price are joined,"Join local competitor, population/demand and current price layers before scoring market gap",Official government — DAHD BAHS 2025,Missing,Official — DAHD BAHS 2025 Table 35,Not populated — requires Consumer Affairs price-series extraction,Not populated — Census/OGD layer to be joined,Not populated — OSM/Overpass business layer to be joined,Not populated — market/business geocoding layer to be joined,https://www.dahd.gov.in/schemes/programmes/animal-husbandry-statistics,https://www.data.gov.in/catalog/dailyweekly-retail-prices-milk,https://www.openstreetmap.org/,2026-09-28 web verification of source availability,Official,"DAHD Basic Animal Husbandry Statistics 2025, Table 35",Milk production is official government data; blank market/competition/price fields are intentionally unfilled until their respective source datasets are joined.,61.45,57.6299,3.8201000000000036,All-India average; NOT local market price,2026-09-28,Department of Consumer Affairs - Price Monitoring System,REAL_OFFICIAL_REFERENCE
IN-DAIRY-0196,196,India,Uttarakhand,,,State/UT,2024-25,2024-25,Milk,Milk,1957.25,000 tonnes,3.13,YoY growth (%),5.04,,,,,,,,5,,,Pending local-data join,,,0,Not populated — needs local population/consumption/transactions,Not populated — needs OSM/Overpass or verified business directory,Not populated — government milk price series is separate,NOT LOCAL-MARKET COMPLETE,Cannot calculate until local competitors + local demand + local price are joined,"Join local competitor, population/demand and current price layers before scoring market gap",Official government — DAHD BAHS 2025,Missing,Official — DAHD BAHS 2025 Table 35,Not populated — requires Consumer Affairs price-series extraction,Not populated — Census/OGD layer to be joined,Not populated — OSM/Overpass business layer to be joined,Not populated — market/business geocoding layer to be joined,https://www.dahd.gov.in/schemes/programmes/animal-husbandry-statistics,https://www.data.gov.in/catalog/dailyweekly-retail-prices-milk,https://www.openstreetmap.org/,2026-09-28 web verification of source availability,Official,"DAHD Basic Animal Husbandry Statistics 2025, Table 35",Milk production is official government data; blank market/competition/price fields are intentionally unfilled until their respective source datasets are joined.,61.45,57.6299,3.8201000000000036,All-India average; NOT local market price,2026-09-28,Department of Consumer Affairs - Price Monitoring System,REAL_OFFICIAL_REFERENCE
IN-DAIRY-0197,197,India,West Bengal,,,State/UT,2018-19,2018-19,Milk,Milk,5606.82,000 tonnes,,YoY growth (%),18.37,,,,,,,,5,,,Pending local-data join,,,0,Not populated — needs local population/consumption/transactions,Not populated — needs OSM/Overpass or verified business directory,Not populated — government milk price series is separate,NOT LOCAL-MARKET COMPLETE,Cannot calculate until local competitors + local demand + local price are joined,"Join local competitor, population/demand and current price layers before scoring market gap",Official government — DAHD BAHS 2025,Missing,Official — DAHD BAHS 2025 Table 35,Not populated — requires Consumer Affairs price-series extraction,Not populated — Census/OGD layer to be joined,Not populated — OSM/Overpass business layer to be joined,Not populated — market/business geocoding layer to be joined,https://www.dahd.gov.in/schemes/programmes/animal-husbandry-statistics,https://www.data.gov.in/catalog/dailyweekly-retail-prices-milk,https://www.openstreetmap.org/,2026-09-28 web verification of source availability,Official,"DAHD Basic Animal Husbandry Statistics 2025, Table 35",Milk production is official government data; blank market/competition/price fields are intentionally unfilled until their respective source datasets are joined.,61.45,57.6299,3.8201000000000036,All-India average; NOT local market price,2026-09-28,Department of Consumer Affairs - Price Monitoring System,REAL_OFFICIAL_REFERENCE
IN-DAIRY-0198,198,India,West Bengal,,,State/UT,2019-20,2019-20,Milk,Milk,5868.61,000 tonnes,4.67,YoY growth (%),18.41,,,,,,,,5,,,Pending local-data join,,,0,Not populated — needs local population/consumption/transactions,Not populated — needs OSM/Overpass or verified business directory,Not populated — government milk price series is separate,NOT LOCAL-MARKET COMPLETE,Cannot calculate until local competitors + local demand + local price are joined,"Join local competitor, population/demand and current price layers before scoring market gap",Official government — DAHD BAHS 2025,Missing,Official — DAHD BAHS 2025 Table 35,Not populated — requires Consumer Affairs price-series extraction,Not populated — Census/OGD layer to be joined,Not populated — OSM/Overpass business layer to be joined,Not populated — market/business geocoding layer to be joined,https://www.dahd.gov.in/schemes/programmes/animal-husbandry-statistics,https://www.data.gov.in/catalog/dailyweekly-retail-prices-milk,https://www.openstreetmap.org/,2026-09-28 web verification of source availability,Official,"DAHD Basic Animal Husbandry Statistics 2025, Table 35",Milk production is official government data; blank market/competition/price fields are intentionally unfilled until their respective source datasets are joined.,61.45,57.6299,3.8201000000000036,All-India average; NOT local market price,2026-09-28,Department of Consumer Affairs - Price Monitoring System,REAL_OFFICIAL_REFERENCE
IN-DAIRY-0199,199,India,West Bengal,,,State/UT,2020-21,2020-21,Milk,Milk,6164.82,000 tonnes,5.05,YoY growth (%),19.66,,,,,,,,5,,,Pending local-data join,,,0,Not populated — needs local population/consumption/transactions,Not populated — needs OSM/Overpass or verified business directory,Not populated — government milk price series is separate,NOT LOCAL-MARKET COMPLETE,Cannot calculate until local competitors + local demand + local price are joined,"Join local competitor, population/demand and current price layers before scoring market gap",Official government — DAHD BAHS 2025,Missing,Official — DAHD BAHS 2025 Table 35,Not populated — requires Consumer Affairs price-series extraction,Not populated — Census/OGD layer to be joined,Not populated — OSM/Overpass business layer to be joined,Not populated — market/business geocoding layer to be joined,https://www.dahd.gov.in/schemes/programmes/animal-husbandry-statistics,https://www.data.gov.in/catalog/dailyweekly-retail-prices-milk,https://www.openstreetmap.org/,2026-09-28 web verification of source availability,Official,"DAHD Basic Animal Husbandry Statistics 2025, Table 35",Milk production is official government data; blank market/competition/price fields are intentionally unfilled until their respective source datasets are joined.,61.45,57.6299,3.8201000000000036,All-India average; NOT local market price,2026-09-28,Department of Consumer Affairs - Price Monitoring System,REAL_OFFICIAL_REFERENCE
IN-DAIRY-0200,200,India,West Bengal,,,State/UT,2021-22,2021-22,Milk,Milk,6414.48,000 tonnes,4.05,YoY growth (%),18.94,,,,,,,,5,,,Pending local-data join,,,0,Not populated — needs local population/consumption/transactions,Not populated — needs OSM/Overpass or verified business directory,Not populated — government milk price series is separate,NOT LOCAL-MARKET COMPLETE,Cannot calculate until local competitors + local demand + local price are joined,"Join local competitor, population/demand and current price layers before scoring market gap",Official government — DAHD BAHS 2025,Missing,Official — DAHD BAHS 2025 Table 35,Not populated — requires Consumer Affairs price-series extraction,Not populated — Census/OGD layer to be joined,Not populated — OSM/Overpass business layer to be joined,Not populated — market/business geocoding layer to be joined,https://www.dahd.gov.in/schemes/programmes/animal-husbandry-statistics,https://www.data.gov.in/catalog/dailyweekly-retail-prices-milk,https://www.openstreetmap.org/,2026-09-28 web verification of source availability,Official,"DAHD Basic Animal Husbandry Statistics 2025, Table 35",Milk production is official government data; blank market/competition/price fields are intentionally unfilled until their respective source datasets are joined.,61.45,57.6299,3.8201000000000036,All-India average; NOT local market price,2026-09-28,Department of Consumer Affairs - Price Monitoring System,REAL_OFFICIAL_REFERENCE
IN-DAIRY-0201,201,India,West Bengal,,,State/UT,2022-23,2022-23,Milk,Milk,6969.4,000 tonnes,8.65,YoY growth (%),19.23,,,,,,,,5,,,Pending local-data join,,,0,Not populated — needs local population/consumption/transactions,Not populated — needs OSM/Overpass or verified business directory,Not populated — government milk price series is separate,NOT LOCAL-MARKET COMPLETE,Cannot calculate until local competitors + local demand + local price are joined,"Join local competitor, population/demand and current price layers before scoring market gap",Official government — DAHD BAHS 2025,Missing,Official — DAHD BAHS 2025 Table 35,Not populated — requires Consumer Affairs price-series extraction,Not populated — Census/OGD layer to be joined,Not populated — OSM/Overpass business layer to be joined,Not populated — market/business geocoding layer to be joined,https://www.dahd.gov.in/schemes/programmes/animal-husbandry-statistics,https://www.data.gov.in/catalog/dailyweekly-retail-prices-milk,https://www.openstreetmap.org/,2026-09-28 web verification of source availability,Official,"DAHD Basic Animal Husbandry Statistics 2025, Table 35",Milk production is official government data; blank market/competition/price fields are intentionally unfilled until their respective source datasets are joined.,61.45,57.6299,3.8201000000000036,All-India average; NOT local market price,2026-09-28,Department of Consumer Affairs - Price Monitoring System,REAL_OFFICIAL_REFERENCE
IN-DAIRY-0202,202,India,West Bengal,,,State/UT,2023-24,2023-24,Milk,Milk,7649.74,000 tonnes,9.76,YoY growth (%),19.73,,,,,,,,5,,,Pending local-data join,,,0,Not populated — needs local population/consumption/transactions,Not populated — needs OSM/Overpass or verified business directory,Not populated — government milk price series is separate,NOT LOCAL-MARKET COMPLETE,Cannot calculate until local competitors + local demand + local price are joined,"Join local competitor, population/demand and current price layers before scoring market gap",Official government — DAHD BAHS 2025,Missing,Official — DAHD BAHS 2025 Table 35,Not populated — requires Consumer Affairs price-series extraction,Not populated — Census/OGD layer to be joined,Not populated — OSM/Overpass business layer to be joined,Not populated — market/business geocoding layer to be joined,https://www.dahd.gov.in/schemes/programmes/animal-husbandry-statistics,https://www.data.gov.in/catalog/dailyweekly-retail-prices-milk,https://www.openstreetmap.org/,2026-09-28 web verification of source availability,Official,"DAHD Basic Animal Husbandry Statistics 2025, Table 35",Milk production is official government data; blank market/competition/price fields are intentionally unfilled until their respective source datasets are joined.,61.45,57.6299,3.8201000000000036,All-India average; NOT local market price,2026-09-28,Department of Consumer Affairs - Price Monitoring System,REAL_OFFICIAL_REFERENCE
IN-DAIRY-0203,203,India,West Bengal,,,State/UT,2024-25,2024-25,Milk,Milk,7954.17,000 tonnes,3.98,YoY growth (%),20.49,,,,,,,,5,,,Pending local-data join,,,0,Not populated — needs local population/consumption/transactions,Not populated — needs OSM/Overpass or verified business directory,Not populated — government milk price series is separate,NOT LOCAL-MARKET COMPLETE,Cannot calculate until local competitors + local demand + local price are joined,"Join local competitor, population/demand and current price layers before scoring market gap",Official government — DAHD BAHS 2025,Missing,Official — DAHD BAHS 2025 Table 35,Not populated — requires Consumer Affairs price-series extraction,Not populated — Census/OGD layer to be joined,Not populated — OSM/Overpass business layer to be joined,Not populated — market/business geocoding layer to be joined,https://www.dahd.gov.in/schemes/programmes/animal-husbandry-statistics,https://www.data.gov.in/catalog/dailyweekly-retail-prices-milk,https://www.openstreetmap.org/,2026-09-28 web verification of source availability,Official,"DAHD Basic Animal Husbandry Statistics 2025, Table 35",Milk production is official government data; blank market/competition/price fields are intentionally unfilled until their respective source datasets are joined.,61.45,57.6299,3.8201000000000036,All-India average; NOT local market price,2026-09-28,Department of Consumer Affairs - Price Monitoring System,REAL_OFFICIAL_REFERENCE
IN-DAIRY-0204,204,India,A&N Islands,,,State/UT,2018-19,2018-19,Milk,Milk,18.15,000 tonnes,,YoY growth (%),0.06,,,,,,,,5,,,Pending local-data join,,,0,Not populated — needs local population/consumption/transactions,Not populated — needs OSM/Overpass or verified business directory,Not populated — government milk price series is separate,NOT LOCAL-MARKET COMPLETE,Cannot calculate until local competitors + local demand + local price are joined,"Join local competitor, population/demand and current price layers before scoring market gap",Official government — DAHD BAHS 2025,Missing,Official — DAHD BAHS 2025 Table 35,Not populated — requires Consumer Affairs price-series extraction,Not populated — Census/OGD layer to be joined,Not populated — OSM/Overpass business layer to be joined,Not populated — market/business geocoding layer to be joined,https://www.dahd.gov.in/schemes/programmes/animal-husbandry-statistics,https://www.data.gov.in/catalog/dailyweekly-retail-prices-milk,https://www.openstreetmap.org/,2026-09-28 web verification of source availability,Official,"DAHD Basic Animal Husbandry Statistics 2025, Table 35",Milk production is official government data; blank market/competition/price fields are intentionally unfilled until their respective source datasets are joined.,61.45,57.6299,3.8201000000000036,All-India average; NOT local market price,2026-09-28,Department of Consumer Affairs - Price Monitoring System,REAL_OFFICIAL_REFERENCE
IN-DAIRY-0205,205,India,A&N Islands,,,State/UT,2019-20,2019-20,Milk,Milk,18.9,000 tonnes,4.13,YoY growth (%),0.06,,,,,,,,5,,,Pending local-data join,,,0,Not populated — needs local population/consumption/transactions,Not populated — needs OSM/Overpass or verified business directory,Not populated — government milk price series is separate,NOT LOCAL-MARKET COMPLETE,Cannot calculate until local competitors + local demand + local price are joined,"Join local competitor, population/demand and current price layers before scoring market gap",Official government — DAHD BAHS 2025,Missing,Official — DAHD BAHS 2025 Table 35,Not populated — requires Consumer Affairs price-series extraction,Not populated — Census/OGD layer to be joined,Not populated — OSM/Overpass business layer to be joined,Not populated — market/business geocoding layer to be joined,https://www.dahd.gov.in/schemes/programmes/animal-husbandry-statistics,https://www.data.gov.in/catalog/dailyweekly-retail-prices-milk,https://www.openstreetmap.org/,2026-09-28 web verification of source availability,Official,"DAHD Basic Animal Husbandry Statistics 2025, Table 35",Milk production is official government data; blank market/competition/price fields are intentionally unfilled until their respective source datasets are joined.,61.45,57.6299,3.8201000000000036,All-India average; NOT local market price,2026-09-28,Department of Consumer Affairs - Price Monitoring System,REAL_OFFICIAL_REFERENCE
IN-DAIRY-0206,206,India,A&N Islands,,,State/UT,2020-21,2020-21,Milk,Milk,14.67,000 tonnes,-22.38,YoY growth (%),0.04,,,,,,,,5,,,Pending local-data join,,,0,Not populated — needs local population/consumption/transactions,Not populated — needs OSM/Overpass or verified business directory,Not populated — government milk price series is separate,NOT LOCAL-MARKET COMPLETE,Cannot calculate until local competitors + local demand + local price are joined,"Join local competitor, population/demand and current price layers before scoring market gap",Official government — DAHD BAHS 2025,Missing,Official — DAHD BAHS 2025 Table 35,Not populated — requires Consumer Affairs price-series extraction,Not populated — Census/OGD layer to be joined,Not populated — OSM/Overpass business layer to be joined,Not populated — market/business geocoding layer to be joined,https://www.dahd.gov.in/schemes/programmes/animal-husbandry-statistics,https://www.data.gov.in/catalog/dailyweekly-retail-prices-milk,https://www.openstreetmap.org/,2026-09-28 web verification of source availability,Official,"DAHD Basic Animal Husbandry Statistics 2025, Table 35",Milk production is official government data; blank market/competition/price fields are intentionally unfilled until their respective source datasets are joined.,61.45,57.6299,3.8201000000000036,All-India average; NOT local market price,2026-09-28,Department of Consumer Affairs - Price Monitoring System,REAL_OFFICIAL_REFERENCE
IN-DAIRY-0207,207,India,A&N Islands,,,State/UT,2021-22,2021-22,Milk,Milk,16.78,000 tonnes,14.38,YoY growth (%),0.05,,,,,,,,5,,,Pending local-data join,,,0,Not populated — needs local population/consumption/transactions,Not populated — needs OSM/Overpass or verified business directory,Not populated — government milk price series is separate,NOT LOCAL-MARKET COMPLETE,Cannot calculate until local competitors + local demand + local price are joined,"Join local competitor, population/demand and current price layers before scoring market gap",Official government — DAHD BAHS 2025,Missing,Official — DAHD BAHS 2025 Table 35,Not populated — requires Consumer Affairs price-series extraction,Not populated — Census/OGD layer to be joined,Not populated — OSM/Overpass business layer to be joined,Not populated — market/business geocoding layer to be joined,https://www.dahd.gov.in/schemes/programmes/animal-husbandry-statistics,https://www.data.gov.in/catalog/dailyweekly-retail-prices-milk,https://www.openstreetmap.org/,2026-09-28 web verification of source availability,Official,"DAHD Basic Animal Husbandry Statistics 2025, Table 35",Milk production is official government data; blank market/competition/price fields are intentionally unfilled until their respective source datasets are joined.,61.45,57.6299,3.8201000000000036,All-India average; NOT local market price,2026-09-28,Department of Consumer Affairs - Price Monitoring System,REAL_OFFICIAL_REFERENCE
IN-DAIRY-0208,208,India,A&N Islands,,,State/UT,2022-23,2022-23,Milk,Milk,17.2,000 tonnes,2.5,YoY growth (%),0.05,,,,,,,,5,,,Pending local-data join,,,0,Not populated — needs local population/consumption/transactions,Not populated — needs OSM/Overpass or verified business directory,Not populated — government milk price series is separate,NOT LOCAL-MARKET COMPLETE,Cannot calculate until local competitors + local demand + local price are joined,"Join local competitor, population/demand and current price layers before scoring market gap",Official government — DAHD BAHS 2025,Missing,Official — DAHD BAHS 2025 Table 35,Not populated — requires Consumer Affairs price-series extraction,Not populated — Census/OGD layer to be joined,Not populated — OSM/Overpass business layer to be joined,Not populated — market/business geocoding layer to be joined,https://www.dahd.gov.in/schemes/programmes/animal-husbandry-statistics,https://www.data.gov.in/catalog/dailyweekly-retail-prices-milk,https://www.openstreetmap.org/,2026-09-28 web verification of source availability,Official,"DAHD Basic Animal Husbandry Statistics 2025, Table 35",Milk production is official government data; blank market/competition/price fields are intentionally unfilled until their respective source datasets are joined.,61.45,57.6299,3.8201000000000036,All-India average; NOT local market price,2026-09-28,Department of Consumer Affairs - Price Monitoring System,REAL_OFFICIAL_REFERENCE
IN-DAIRY-0209,209,India,A&N Islands,,,State/UT,2023-24,2023-24,Milk,Milk,17.61,000 tonnes,2.38,YoY growth (%),0.04,,,,,,,,5,,,Pending local-data join,,,0,Not populated — needs local population/consumption/transactions,Not populated — needs OSM/Overpass or verified business directory,Not populated — government milk price series is separate,NOT LOCAL-MARKET COMPLETE,Cannot calculate until local competitors + local demand + local price are joined,"Join local competitor, population/demand and current price layers before scoring market gap",Official government — DAHD BAHS 2025,Missing,Official — DAHD BAHS 2025 Table 35,Not populated — requires Consumer Affairs price-series extraction,Not populated — Census/OGD layer to be joined,Not populated — OSM/Overpass business layer to be joined,Not populated — market/business geocoding layer to be joined,https://www.dahd.gov.in/schemes/programmes/animal-husbandry-statistics,https://www.data.gov.in/catalog/dailyweekly-retail-prices-milk,https://www.openstreetmap.org/,2026-09-28 web verification of source availability,Official,"DAHD Basic Animal Husbandry Statistics 2025, Table 35",Milk production is official government data; blank market/competition/price fields are intentionally unfilled until their respective source datasets are joined.,61.45,57.6299,3.8201000000000036,All-India average; NOT local market price,2026-09-28,Department of Consumer Affairs - Price Monitoring System,REAL_OFFICIAL_REFERENCE
IN-DAIRY-0210,210,India,A&N Islands,,,State/UT,2024-25,2024-25,Milk,Milk,16.17,000 tonnes,-8.18,YoY growth (%),0.04,,,,,,,,5,,,Pending local-data join,,,0,Not populated — needs local population/consumption/transactions,Not populated — needs OSM/Overpass or verified business directory,Not populated — government milk price series is separate,NOT LOCAL-MARKET COMPLETE,Cannot calculate until local competitors + local demand + local price are joined,"Join local competitor, population/demand and current price layers before scoring market gap",Official government — DAHD BAHS 2025,Missing,Official — DAHD BAHS 2025 Table 35,Not populated — requires Consumer Affairs price-series extraction,Not populated — Census/OGD layer to be joined,Not populated — OSM/Overpass business layer to be joined,Not populated — market/business geocoding layer to be joined,https://www.dahd.gov.in/schemes/programmes/animal-husbandry-statistics,https://www.data.gov.in/catalog/dailyweekly-retail-prices-milk,https://www.openstreetmap.org/,2026-09-28 web verification of source availability,Official,"DAHD Basic Animal Husbandry Statistics 2025, Table 35",Milk production is official government data; blank market/competition/price fields are intentionally unfilled until their respective source datasets are joined.,61.45,57.6299,3.8201000000000036,All-India average; NOT local market price,2026-09-28,Department of Consumer Affairs - Price Monitoring System,REAL_OFFICIAL_REFERENCE
IN-DAIRY-0211,211,India,Chandigarh,,,State/UT,2018-19,2018-19,Milk,Milk,45.23,000 tonnes,,YoY growth (%),0.14,,,,,,,,5,,,Pending local-data join,,,0,Not populated — needs local population/consumption/transactions,Not populated — needs OSM/Overpass or verified business directory,Not populated — government milk price series is separate,NOT LOCAL-MARKET COMPLETE,Cannot calculate until local competitors + local demand + local price are joined,"Join local competitor, population/demand and current price layers before scoring market gap",Official government — DAHD BAHS 2025,Missing,Official — DAHD BAHS 2025 Table 35,Not populated — requires Consumer Affairs price-series extraction,Not populated — Census/OGD layer to be joined,Not populated — OSM/Overpass business layer to be joined,Not populated — market/business geocoding layer to be joined,https://www.dahd.gov.in/schemes/programmes/animal-husbandry-statistics,https://www.data.gov.in/catalog/dailyweekly-retail-prices-milk,https://www.openstreetmap.org/,2026-09-28 web verification of source availability,Official,"DAHD Basic Animal Husbandry Statistics 2025, Table 35",Milk production is official government data; blank market/competition/price fields are intentionally unfilled until their respective source datasets are joined.,61.45,57.6299,3.8201000000000036,All-India average; NOT local market price,2026-09-28,Department of Consumer Affairs - Price Monitoring System,REAL_OFFICIAL_REFERENCE
IN-DAIRY-0212,212,India,Chandigarh,,,State/UT,2019-20,2019-20,Milk,Milk,48.87,000 tonnes,8.05,YoY growth (%),0.15,,,,,,,,5,,,Pending local-data join,,,0,Not populated — needs local population/consumption/transactions,Not populated — needs OSM/Overpass or verified business directory,Not populated — government milk price series is separate,NOT LOCAL-MARKET COMPLETE,Cannot calculate until local competitors + local demand + local price are joined,"Join local competitor, population/demand and current price layers before scoring market gap",Official government — DAHD BAHS 2025,Missing,Official — DAHD BAHS 2025 Table 35,Not populated — requires Consumer Affairs price-series extraction,Not populated — Census/OGD layer to be joined,Not populated — OSM/Overpass business layer to be joined,Not populated — market/business geocoding layer to be joined,https://www.dahd.gov.in/schemes/programmes/animal-husbandry-statistics,https://www.data.gov.in/catalog/dailyweekly-retail-prices-milk,https://www.openstreetmap.org/,2026-09-28 web verification of source availability,Official,"DAHD Basic Animal Husbandry Statistics 2025, Table 35",Milk production is official government data; blank market/competition/price fields are intentionally unfilled until their respective source datasets are joined.,61.45,57.6299,3.8201000000000036,All-India average; NOT local market price,2026-09-28,Department of Consumer Affairs - Price Monitoring System,REAL_OFFICIAL_REFERENCE
IN-DAIRY-0213,213,India,Chandigarh,,,State/UT,2020-21,2020-21,Milk,Milk,52.3,000 tonnes,7.02,YoY growth (%),0.16,,,,,,,,5,,,Pending local-data join,,,0,Not populated — needs local population/consumption/transactions,Not populated — needs OSM/Overpass or verified business directory,Not populated — government milk price series is separate,NOT LOCAL-MARKET COMPLETE,Cannot calculate until local competitors + local demand + local price are joined,"Join local competitor, population/demand and current price layers before scoring market gap",Official government — DAHD BAHS 2025,Missing,Official — DAHD BAHS 2025 Table 35,Not populated — requires Consumer Affairs price-series extraction,Not populated — Census/OGD layer to be joined,Not populated — OSM/Overpass business layer to be joined,Not populated — market/business geocoding layer to be joined,https://www.dahd.gov.in/schemes/programmes/animal-husbandry-statistics,https://www.data.gov.in/catalog/dailyweekly-retail-prices-milk,https://www.openstreetmap.org/,2026-09-28 web verification of source availability,Official,"DAHD Basic Animal Husbandry Statistics 2025, Table 35",Milk production is official government data; blank market/competition/price fields are intentionally unfilled until their respective source datasets are joined.,61.45,57.6299,3.8201000000000036,All-India average; NOT local market price,2026-09-28,Department of Consumer Affairs - Price Monitoring System,REAL_OFFICIAL_REFERENCE
IN-DAIRY-0214,214,India,Chandigarh,,,State/UT,2021-22,2021-22,Milk,Milk,57.07,000 tonnes,9.12,YoY growth (%),0.17,,,,,,,,5,,,Pending local-data join,,,0,Not populated — needs local population/consumption/transactions,Not populated — needs OSM/Overpass or verified business directory,Not populated — government milk price series is separate,NOT LOCAL-MARKET COMPLETE,Cannot calculate until local competitors + local demand + local price are joined,"Join local competitor, population/demand and current price layers before scoring market gap",Official government — DAHD BAHS 2025,Missing,Official — DAHD BAHS 2025 Table 35,Not populated — requires Consumer Affairs price-series extraction,Not populated — Census/OGD layer to be joined,Not populated — OSM/Overpass business layer to be joined,Not populated — market/business geocoding layer to be joined,https://www.dahd.gov.in/schemes/programmes/animal-husbandry-statistics,https://www.data.gov.in/catalog/dailyweekly-retail-prices-milk,https://www.openstreetmap.org/,2026-09-28 web verification of source availability,Official,"DAHD Basic Animal Husbandry Statistics 2025, Table 35",Milk production is official government data; blank market/competition/price fields are intentionally unfilled until their respective source datasets are joined.,61.45,57.6299,3.8201000000000036,All-India average; NOT local market price,2026-09-28,Department of Consumer Affairs - Price Monitoring System,REAL_OFFICIAL_REFERENCE
IN-DAIRY-0215,215,India,Chandigarh,,,State/UT,2022-23,2022-23,Milk,Milk,56.19,000 tonnes,-1.54,YoY growth (%),0.15,,,,,,,,5,,,Pending local-data join,,,0,Not populated — needs local population/consumption/transactions,Not populated — needs OSM/Overpass or verified business directory,Not populated — government milk price series is separate,NOT LOCAL-MARKET COMPLETE,Cannot calculate until local competitors + local demand + local price are joined,"Join local competitor, population/demand and current price layers before scoring market gap",Official government — DAHD BAHS 2025,Missing,Official — DAHD BAHS 2025 Table 35,Not populated — requires Consumer Affairs price-series extraction,Not populated — Census/OGD layer to be joined,Not populated — OSM/Overpass business layer to be joined,Not populated — market/business geocoding layer to be joined,https://www.dahd.gov.in/schemes/programmes/animal-husbandry-statistics,https://www.data.gov.in/catalog/dailyweekly-retail-prices-milk,https://www.openstreetmap.org/,2026-09-28 web verification of source availability,Official,"DAHD Basic Animal Husbandry Statistics 2025, Table 35",Milk production is official government data; blank market/competition/price fields are intentionally unfilled until their respective source datasets are joined.,61.45,57.6299,3.8201000000000036,All-India average; NOT local market price,2026-09-28,Department of Consumer Affairs - Price Monitoring System,REAL_OFFICIAL_REFERENCE
IN-DAIRY-0216,216,India,Chandigarh,,,State/UT,2023-24,2023-24,Milk,Milk,58.87,000 tonnes,4.77,YoY growth (%),0.15,,,,,,,,5,,,Pending local-data join,,,0,Not populated — needs local population/consumption/transactions,Not populated — needs OSM/Overpass or verified business directory,Not populated — government milk price series is separate,NOT LOCAL-MARKET COMPLETE,Cannot calculate until local competitors + local demand + local price are joined,"Join local competitor, population/demand and current price layers before scoring market gap",Official government — DAHD BAHS 2025,Missing,Official — DAHD BAHS 2025 Table 35,Not populated — requires Consumer Affairs price-series extraction,Not populated — Census/OGD layer to be joined,Not populated — OSM/Overpass business layer to be joined,Not populated — market/business geocoding layer to be joined,https://www.dahd.gov.in/schemes/programmes/animal-husbandry-statistics,https://www.data.gov.in/catalog/dailyweekly-retail-prices-milk,https://www.openstreetmap.org/,2026-09-28 web verification of source availability,Official,"DAHD Basic Animal Husbandry Statistics 2025, Table 35",Milk production is official government data; blank market/competition/price fields are intentionally unfilled until their respective source datasets are joined.,61.45,57.6299,3.8201000000000036,All-India average; NOT local market price,2026-09-28,Department of Consumer Affairs - Price Monitoring System,REAL_OFFICIAL_REFERENCE
IN-DAIRY-0217,217,India,Chandigarh,,,State/UT,2024-25,2024-25,Milk,Milk,63.77,000 tonnes,8.32,YoY growth (%),0.16,,,,,,,,5,,,Pending local-data join,,,0,Not populated — needs local population/consumption/transactions,Not populated — needs OSM/Overpass or verified business directory,Not populated — government milk price series is separate,NOT LOCAL-MARKET COMPLETE,Cannot calculate until local competitors + local demand + local price are joined,"Join local competitor, population/demand and current price layers before scoring market gap",Official government — DAHD BAHS 2025,Missing,Official — DAHD BAHS 2025 Table 35,Not populated — requires Consumer Affairs price-series extraction,Not populated — Census/OGD layer to be joined,Not populated — OSM/Overpass business layer to be joined,Not populated — market/business geocoding layer to be joined,https://www.dahd.gov.in/schemes/programmes/animal-husbandry-statistics,https://www.data.gov.in/catalog/dailyweekly-retail-prices-milk,https://www.openstreetmap.org/,2026-09-28 web verification of source availability,Official,"DAHD Basic Animal Husbandry Statistics 2025, Table 35",Milk production is official government data; blank market/competition/price fields are intentionally unfilled until their respective source datasets are joined.,61.45,57.6299,3.8201000000000036,All-India average; NOT local market price,2026-09-28,Department of Consumer Affairs - Price Monitoring System,REAL_OFFICIAL_REFERENCE
IN-DAIRY-0218,218,India,Ladakh,,,State/UT,2018-19,2018-19,Milk,Milk,,000 tonnes,,YoY growth (%),,,,,,,,,5,,,Pending local-data join,,,0,Not populated — needs local population/consumption/transactions,Not populated — needs OSM/Overpass or verified business directory,Not populated — government milk price series is separate,NOT LOCAL-MARKET COMPLETE,Cannot calculate until local competitors + local demand + local price are joined,"Join local competitor, population/demand and current price layers before scoring market gap",Official government — DAHD BAHS 2025,Missing,Official — DAHD BAHS 2025 Table 35,Not populated — requires Consumer Affairs price-series extraction,Not populated — Census/OGD layer to be joined,Not populated — OSM/Overpass business layer to be joined,Not populated — market/business geocoding layer to be joined,https://www.dahd.gov.in/schemes/programmes/animal-husbandry-statistics,https://www.data.gov.in/catalog/dailyweekly-retail-prices-milk,https://www.openstreetmap.org/,2026-09-28 web verification of source availability,Official,"DAHD Basic Animal Husbandry Statistics 2025, Table 35",Milk production is official government data; blank market/competition/price fields are intentionally unfilled until their respective source datasets are joined.,61.45,57.6299,3.8201000000000036,All-India average; NOT local market price,2026-09-28,Department of Consumer Affairs - Price Monitoring System,REAL_OFFICIAL_REFERENCE
IN-DAIRY-0219,219,India,Ladakh,,,State/UT,2019-20,2019-20,Milk,Milk,,000 tonnes,,YoY growth (%),,,,,,,,,5,,,Pending local-data join,,,0,Not populated — needs local population/consumption/transactions,Not populated — needs OSM/Overpass or verified business directory,Not populated — government milk price series is separate,NOT LOCAL-MARKET COMPLETE,Cannot calculate until local competitors + local demand + local price are joined,"Join local competitor, population/demand and current price layers before scoring market gap",Official government — DAHD BAHS 2025,Missing,Official — DAHD BAHS 2025 Table 35,Not populated — requires Consumer Affairs price-series extraction,Not populated — Census/OGD layer to be joined,Not populated — OSM/Overpass business layer to be joined,Not populated — market/business geocoding layer to be joined,https://www.dahd.gov.in/schemes/programmes/animal-husbandry-statistics,https://www.data.gov.in/catalog/dailyweekly-retail-prices-milk,https://www.openstreetmap.org/,2026-09-28 web verification of source availability,Official,"DAHD Basic Animal Husbandry Statistics 2025, Table 35",Milk production is official government data; blank market/competition/price fields are intentionally unfilled until their respective source datasets are joined.,61.45,57.6299,3.8201000000000036,All-India average; NOT local market price,2026-09-28,Department of Consumer Affairs - Price Monitoring System,REAL_OFFICIAL_REFERENCE
IN-DAIRY-0220,220,India,Ladakh,,,State/UT,2020-21,2020-21,Milk,Milk,14.88,000 tonnes,,YoY growth (%),0.04,,,,,,,,5,,,Pending local-data join,,,0,Not populated — needs local population/consumption/transactions,Not populated — needs OSM/Overpass or verified business directory,Not populated — government milk price series is separate,NOT LOCAL-MARKET COMPLETE,Cannot calculate until local competitors + local demand + local price are joined,"Join local competitor, population/demand and current price layers before scoring market gap",Official government — DAHD BAHS 2025,Missing,Official — DAHD BAHS 2025 Table 35,Not populated — requires Consumer Affairs price-series extraction,Not populated — Census/OGD layer to be joined,Not populated — OSM/Overpass business layer to be joined,Not populated — market/business geocoding layer to be joined,https://www.dahd.gov.in/schemes/programmes/animal-husbandry-statistics,https://www.data.gov.in/catalog/dailyweekly-retail-prices-milk,https://www.openstreetmap.org/,2026-09-28 web verification of source availability,Official,"DAHD Basic Animal Husbandry Statistics 2025, Table 35",Milk production is official government data; blank market/competition/price fields are intentionally unfilled until their respective source datasets are joined.,61.45,57.6299,3.8201000000000036,All-India average; NOT local market price,2026-09-28,Department of Consumer Affairs - Price Monitoring System,REAL_OFFICIAL_REFERENCE
IN-DAIRY-0221,221,India,Ladakh,,,State/UT,2021-22,2021-22,Milk,Milk,29.37,000 tonnes,97.38,YoY growth (%),0.09,,,,,,,,5,,,Pending local-data join,,,0,Not populated — needs local population/consumption/transactions,Not populated — needs OSM/Overpass or verified business directory,Not populated — government milk price series is separate,NOT LOCAL-MARKET COMPLETE,Cannot calculate until local competitors + local demand + local price are joined,"Join local competitor, population/demand and current price layers before scoring market gap",Official government — DAHD BAHS 2025,Missing,Official — DAHD BAHS 2025 Table 35,Not populated — requires Consumer Affairs price-series extraction,Not populated — Census/OGD layer to be joined,Not populated — OSM/Overpass business layer to be joined,Not populated — market/business geocoding layer to be joined,https://www.dahd.gov.in/schemes/programmes/animal-husbandry-statistics,https://www.data.gov.in/catalog/dailyweekly-retail-prices-milk,https://www.openstreetmap.org/,2026-09-28 web verification of source availability,Official,"DAHD Basic Animal Husbandry Statistics 2025, Table 35",Milk production is official government data; blank market/competition/price fields are intentionally unfilled until their respective source datasets are joined.,61.45,57.6299,3.8201000000000036,All-India average; NOT local market price,2026-09-28,Department of Consumer Affairs - Price Monitoring System,REAL_OFFICIAL_REFERENCE
IN-DAIRY-0222,222,India,Ladakh,,,State/UT,2022-23,2022-23,Milk,Milk,30.6,000 tonnes,4.19,YoY growth (%),0.08,,,,,,,,5,,,Pending local-data join,,,0,Not populated — needs local population/consumption/transactions,Not populated — needs OSM/Overpass or verified business directory,Not populated — government milk price series is separate,NOT LOCAL-MARKET COMPLETE,Cannot calculate until local competitors + local demand + local price are joined,"Join local competitor, population/demand and current price layers before scoring market gap",Official government — DAHD BAHS 2025,Missing,Official — DAHD BAHS 2025 Table 35,Not populated — requires Consumer Affairs price-series extraction,Not populated — Census/OGD layer to be joined,Not populated — OSM/Overpass business layer to be joined,Not populated — market/business geocoding layer to be joined,https://www.dahd.gov.in/schemes/programmes/animal-husbandry-statistics,https://www.data.gov.in/catalog/dailyweekly-retail-prices-milk,https://www.openstreetmap.org/,2026-09-28 web verification of source availability,Official,"DAHD Basic Animal Husbandry Statistics 2025, Table 35",Milk production is official government data; blank market/competition/price fields are intentionally unfilled until their respective source datasets are joined.,61.45,57.6299,3.8201000000000036,All-India average; NOT local market price,2026-09-28,Department of Consumer Affairs - Price Monitoring System,REAL_OFFICIAL_REFERENCE
IN-DAIRY-0223,223,India,Ladakh,,,State/UT,2023-24,2023-24,Milk,Milk,29.31,000 tonnes,-4.22,YoY growth (%),0.07,,,,,,,,5,,,Pending local-data join,,,0,Not populated — needs local population/consumption/transactions,Not populated — needs OSM/Overpass or verified business directory,Not populated — government milk price series is separate,NOT LOCAL-MARKET COMPLETE,Cannot calculate until local competitors + local demand + local price are joined,"Join local competitor, population/demand and current price layers before scoring market gap",Official government — DAHD BAHS 2025,Missing,Official — DAHD BAHS 2025 Table 35,Not populated — requires Consumer Affairs price-series extraction,Not populated — Census/OGD layer to be joined,Not populated — OSM/Overpass business layer to be joined,Not populated — market/business geocoding layer to be joined,https://www.dahd.gov.in/schemes/programmes/animal-husbandry-statistics,https://www.data.gov.in/catalog/dailyweekly-retail-prices-milk,https://www.openstreetmap.org/,2026-09-28 web verification of source availability,Official,"DAHD Basic Animal Husbandry Statistics 2025, Table 35",Milk production is official government data; blank market/competition/price fields are intentionally unfilled until their respective source datasets are joined.,61.45,57.6299,3.8201000000000036,All-India average; NOT local market price,2026-09-28,Department of Consumer Affairs - Price Monitoring System,REAL_OFFICIAL_REFERENCE
IN-DAIRY-0224,224,India,Ladakh,,,State/UT,2024-25,2024-25,Milk,Milk,23.58,000 tonnes,-19.55,YoY growth (%),0.06,,,,,,,,5,,,Pending local-data join,,,0,Not populated — needs local population/consumption/transactions,Not populated — needs OSM/Overpass or verified business directory,Not populated — government milk price series is separate,NOT LOCAL-MARKET COMPLETE,Cannot calculate until local competitors + local demand + local price are joined,"Join local competitor, population/demand and current price layers before scoring market gap",Official government — DAHD BAHS 2025,Missing,Official — DAHD BAHS 2025 Table 35,Not populated — requires Consumer Affairs price-series extraction,Not populated — Census/OGD layer to be joined,Not populated — OSM/Overpass business layer to be joined,Not populated — market/business geocoding layer to be joined,https://www.dahd.gov.in/schemes/programmes/animal-husbandry-statistics,https://www.data.gov.in/catalog/dailyweekly-retail-prices-milk,https://www.openstreetmap.org/,2026-09-28 web verification of source availability,Official,"DAHD Basic Animal Husbandry Statistics 2025, Table 35",Milk production is official government data; blank market/competition/price fields are intentionally unfilled until their respective source datasets are joined.,61.45,57.6299,3.8201000000000036,All-India average; NOT local market price,2026-09-28,Department of Consumer Affairs - Price Monitoring System,REAL_OFFICIAL_REFERENCE
IN-DAIRY-0225,225,India,Daman & Diu and D&N Haveli,,,State/UT,2018-19,2018-19,Milk,Milk,1.01,000 tonnes,,YoY growth (%),0.0,,,,,,,,5,,,Pending local-data join,,,0,Not populated — needs local population/consumption/transactions,Not populated — needs OSM/Overpass or verified business directory,Not populated — government milk price series is separate,NOT LOCAL-MARKET COMPLETE,Cannot calculate until local competitors + local demand + local price are joined,"Join local competitor, population/demand and current price layers before scoring market gap",Official government — DAHD BAHS 2025,Missing,Official — DAHD BAHS 2025 Table 35,Not populated — requires Consumer Affairs price-series extraction,Not populated — Census/OGD layer to be joined,Not populated — OSM/Overpass business layer to be joined,Not populated — market/business geocoding layer to be joined,https://www.dahd.gov.in/schemes/programmes/animal-husbandry-statistics,https://www.data.gov.in/catalog/dailyweekly-retail-prices-milk,https://www.openstreetmap.org/,2026-09-28 web verification of source availability,Official,"DAHD Basic Animal Husbandry Statistics 2025, Table 35",Milk production is official government data; blank market/competition/price fields are intentionally unfilled until their respective source datasets are joined.,61.45,57.6299,3.8201000000000036,All-India average; NOT local market price,2026-09-28,Department of Consumer Affairs - Price Monitoring System,REAL_OFFICIAL_REFERENCE
IN-DAIRY-0226,226,India,Daman & Diu and D&N Haveli,,,State/UT,2019-20,2019-20,Milk,Milk,1.21,000 tonnes,19.8,YoY growth (%),0.0,,,,,,,,5,,,Pending local-data join,,,0,Not populated — needs local population/consumption/transactions,Not populated — needs OSM/Overpass or verified business directory,Not populated — government milk price series is separate,NOT LOCAL-MARKET COMPLETE,Cannot calculate until local competitors + local demand + local price are joined,"Join local competitor, population/demand and current price layers before scoring market gap",Official government — DAHD BAHS 2025,Missing,Official — DAHD BAHS 2025 Table 35,Not populated — requires Consumer Affairs price-series extraction,Not populated — Census/OGD layer to be joined,Not populated — OSM/Overpass business layer to be joined,Not populated — market/business geocoding layer to be joined,https://www.dahd.gov.in/schemes/programmes/animal-husbandry-statistics,https://www.data.gov.in/catalog/dailyweekly-retail-prices-milk,https://www.openstreetmap.org/,2026-09-28 web verification of source availability,Official,"DAHD Basic Animal Husbandry Statistics 2025, Table 35",Milk production is official government data; blank market/competition/price fields are intentionally unfilled until their respective source datasets are joined.,61.45,57.6299,3.8201000000000036,All-India average; NOT local market price,2026-09-28,Department of Consumer Affairs - Price Monitoring System,REAL_OFFICIAL_REFERENCE
IN-DAIRY-0227,227,India,Daman & Diu and D&N Haveli,,,State/UT,2020-21,2020-21,Milk,Milk,1.4,000 tonnes,15.7,YoY growth (%),0.0,,,,,,,,5,,,Pending local-data join,,,0,Not populated — needs local population/consumption/transactions,Not populated — needs OSM/Overpass or verified business directory,Not populated — government milk price series is separate,NOT LOCAL-MARKET COMPLETE,Cannot calculate until local competitors + local demand + local price are joined,"Join local competitor, population/demand and current price layers before scoring market gap",Official government — DAHD BAHS 2025,Missing,Official — DAHD BAHS 2025 Table 35,Not populated — requires Consumer Affairs price-series extraction,Not populated — Census/OGD layer to be joined,Not populated — OSM/Overpass business layer to be joined,Not populated — market/business geocoding layer to be joined,https://www.dahd.gov.in/schemes/programmes/animal-husbandry-statistics,https://www.data.gov.in/catalog/dailyweekly-retail-prices-milk,https://www.openstreetmap.org/,2026-09-28 web verification of source availability,Official,"DAHD Basic Animal Husbandry Statistics 2025, Table 35",Milk production is official government data; blank market/competition/price fields are intentionally unfilled until their respective source datasets are joined.,61.45,57.6299,3.8201000000000036,All-India average; NOT local market price,2026-09-28,Department of Consumer Affairs - Price Monitoring System,REAL_OFFICIAL_REFERENCE
IN-DAIRY-0228,228,India,Daman & Diu and D&N Haveli,,,State/UT,2021-22,2021-22,Milk,Milk,1.66,000 tonnes,18.57,YoY growth (%),0.0,,,,,,,,5,,,Pending local-data join,,,0,Not populated — needs local population/consumption/transactions,Not populated — needs OSM/Overpass or verified business directory,Not populated — government milk price series is separate,NOT LOCAL-MARKET COMPLETE,Cannot calculate until local competitors + local demand + local price are joined,"Join local competitor, population/demand and current price layers before scoring market gap",Official government — DAHD BAHS 2025,Missing,Official — DAHD BAHS 2025 Table 35,Not populated — requires Consumer Affairs price-series extraction,Not populated — Census/OGD layer to be joined,Not populated — OSM/Overpass business layer to be joined,Not populated — market/business geocoding layer to be joined,https://www.dahd.gov.in/schemes/programmes/animal-husbandry-statistics,https://www.data.gov.in/catalog/dailyweekly-retail-prices-milk,https://www.openstreetmap.org/,2026-09-28 web verification of source availability,Official,"DAHD Basic Animal Husbandry Statistics 2025, Table 35",Milk production is official government data; blank market/competition/price fields are intentionally unfilled until their respective source datasets are joined.,61.45,57.6299,3.8201000000000036,All-India average; NOT local market price,2026-09-28,Department of Consumer Affairs - Price Monitoring System,REAL_OFFICIAL_REFERENCE
IN-DAIRY-0229,229,India,Daman & Diu and D&N Haveli,,,State/UT,2022-23,2022-23,Milk,Milk,1.8,000 tonnes,8.43,YoY growth (%),0.0,,,,,,,,5,,,Pending local-data join,,,0,Not populated — needs local population/consumption/transactions,Not populated — needs OSM/Overpass or verified business directory,Not populated — government milk price series is separate,NOT LOCAL-MARKET COMPLETE,Cannot calculate until local competitors + local demand + local price are joined,"Join local competitor, population/demand and current price layers before scoring market gap",Official government — DAHD BAHS 2025,Missing,Official — DAHD BAHS 2025 Table 35,Not populated — requires Consumer Affairs price-series extraction,Not populated — Census/OGD layer to be joined,Not populated — OSM/Overpass business layer to be joined,Not populated — market/business geocoding layer to be joined,https://www.dahd.gov.in/schemes/programmes/animal-husbandry-statistics,https://www.data.gov.in/catalog/dailyweekly-retail-prices-milk,https://www.openstreetmap.org/,2026-09-28 web verification of source availability,Official,"DAHD Basic Animal Husbandry Statistics 2025, Table 35",Milk production is official government data; blank market/competition/price fields are intentionally unfilled until their respective source datasets are joined.,61.45,57.6299,3.8201000000000036,All-India average; NOT local market price,2026-09-28,Department of Consumer Affairs - Price Monitoring System,REAL_OFFICIAL_REFERENCE
IN-DAIRY-0230,230,India,Daman & Diu and D&N Haveli,,,State/UT,2023-24,2023-24,Milk,Milk,1.82,000 tonnes,1.11,YoY growth (%),0.0,,,,,,,,5,,,Pending local-data join,,,0,Not populated — needs local population/consumption/transactions,Not populated — needs OSM/Overpass or verified business directory,Not populated — government milk price series is separate,NOT LOCAL-MARKET COMPLETE,Cannot calculate until local competitors + local demand + local price are joined,"Join local competitor, population/demand and current price layers before scoring market gap",Official government — DAHD BAHS 2025,Missing,Official — DAHD BAHS 2025 Table 35,Not populated — requires Consumer Affairs price-series extraction,Not populated — Census/OGD layer to be joined,Not populated — OSM/Overpass business layer to be joined,Not populated — market/business geocoding layer to be joined,https://www.dahd.gov.in/schemes/programmes/animal-husbandry-statistics,https://www.data.gov.in/catalog/dailyweekly-retail-prices-milk,https://www.openstreetmap.org/,2026-09-28 web verification of source availability,Official,"DAHD Basic Animal Husbandry Statistics 2025, Table 35",Milk production is official government data; blank market/competition/price fields are intentionally unfilled until their respective source datasets are joined.,61.45,57.6299,3.8201000000000036,All-India average; NOT local market price,2026-09-28,Department of Consumer Affairs - Price Monitoring System,REAL_OFFICIAL_REFERENCE
IN-DAIRY-0231,231,India,Daman & Diu and D&N Haveli,,,State/UT,2024-25,2024-25,Milk,Milk,1.84,000 tonnes,1.1,YoY growth (%),0.0,,,,,,,,5,,,Pending local-data join,,,0,Not populated — needs local population/consumption/transactions,Not populated — needs OSM/Overpass or verified business directory,Not populated — government milk price series is separate,NOT LOCAL-MARKET COMPLETE,Cannot calculate until local competitors + local demand + local price are joined,"Join local competitor, population/demand and current price layers before scoring market gap",Official government — DAHD BAHS 2025,Missing,Official — DAHD BAHS 2025 Table 35,Not populated — requires Consumer Affairs price-series extraction,Not populated — Census/OGD layer to be joined,Not populated — OSM/Overpass business layer to be joined,Not populated — market/business geocoding layer to be joined,https://www.dahd.gov.in/schemes/programmes/animal-husbandry-statistics,https://www.data.gov.in/catalog/dailyweekly-retail-prices-milk,https://www.openstreetmap.org/,2026-09-28 web verification of source availability,Official,"DAHD Basic Animal Husbandry Statistics 2025, Table 35",Milk production is official government data; blank market/competition/price fields are intentionally unfilled until their respective source datasets are joined.,61.45,57.6299,3.8201000000000036,All-India average; NOT local market price,2026-09-28,Department of Consumer Affairs - Price Monitoring System,REAL_OFFICIAL_REFERENCE
IN-DAIRY-0232,232,India,Delhi,,,State/UT,2018-19,2018-19,Milk,Milk,,000 tonnes,,YoY growth (%),,,,,,,,,5,,,Pending local-data join,,,0,Not populated — needs local population/consumption/transactions,Not populated — needs OSM/Overpass or verified business directory,Not populated — government milk price series is separate,NOT LOCAL-MARKET COMPLETE,Cannot calculate until local competitors + local demand + local price are joined,"Join local competitor, population/demand and current price layers before scoring market gap",Official government — DAHD BAHS 2025,Missing,Official — DAHD BAHS 2025 Table 35,Not populated — requires Consumer Affairs price-series extraction,Not populated — Census/OGD layer to be joined,Not populated — OSM/Overpass business layer to be joined,Not populated — market/business geocoding layer to be joined,https://www.dahd.gov.in/schemes/programmes/animal-husbandry-statistics,https://www.data.gov.in/catalog/dailyweekly-retail-prices-milk,https://www.openstreetmap.org/,2026-09-28 web verification of source availability,Official,"DAHD Basic Animal Husbandry Statistics 2025, Table 35",Milk production is official government data; blank market/competition/price fields are intentionally unfilled until their respective source datasets are joined.,61.45,57.6299,3.8201000000000036,All-India average; NOT local market price,2026-09-28,Department of Consumer Affairs - Price Monitoring System,REAL_OFFICIAL_REFERENCE
IN-DAIRY-0233,233,India,Delhi,,,State/UT,2019-20,2019-20,Milk,Milk,,000 tonnes,,YoY growth (%),,,,,,,,,5,,,Pending local-data join,,,0,Not populated — needs local population/consumption/transactions,Not populated — needs OSM/Overpass or verified business directory,Not populated — government milk price series is separate,NOT LOCAL-MARKET COMPLETE,Cannot calculate until local competitors + local demand + local price are joined,"Join local competitor, population/demand and current price layers before scoring market gap",Official government — DAHD BAHS 2025,Missing,Official — DAHD BAHS 2025 Table 35,Not populated — requires Consumer Affairs price-series extraction,Not populated — Census/OGD layer to be joined,Not populated — OSM/Overpass business layer to be joined,Not populated — market/business geocoding layer to be joined,https://www.dahd.gov.in/schemes/programmes/animal-husbandry-statistics,https://www.data.gov.in/catalog/dailyweekly-retail-prices-milk,https://www.openstreetmap.org/,2026-09-28 web verification of source availability,Official,"DAHD Basic Animal Husbandry Statistics 2025, Table 35",Milk production is official government data; blank market/competition/price fields are intentionally unfilled until their respective source datasets are joined.,61.45,57.6299,3.8201000000000036,All-India average; NOT local market price,2026-09-28,Department of Consumer Affairs - Price Monitoring System,REAL_OFFICIAL_REFERENCE
IN-DAIRY-0234,234,India,Delhi,,,State/UT,2020-21,2020-21,Milk,Milk,,000 tonnes,,YoY growth (%),,,,,,,,,5,,,Pending local-data join,,,0,Not populated — needs local population/consumption/transactions,Not populated — needs OSM/Overpass or verified business directory,Not populated — government milk price series is separate,NOT LOCAL-MARKET COMPLETE,Cannot calculate until local competitors + local demand + local price are joined,"Join local competitor, population/demand and current price layers before scoring market gap",Official government — DAHD BAHS 2025,Missing,Official — DAHD BAHS 2025 Table 35,Not populated — requires Consumer Affairs price-series extraction,Not populated — Census/OGD layer to be joined,Not populated — OSM/Overpass business layer to be joined,Not populated — market/business geocoding layer to be joined,https://www.dahd.gov.in/schemes/programmes/animal-husbandry-statistics,https://www.data.gov.in/catalog/dailyweekly-retail-prices-milk,https://www.openstreetmap.org/,2026-09-28 web verification of source availability,Official,"DAHD Basic Animal Husbandry Statistics 2025, Table 35",Milk production is official government data; blank market/competition/price fields are intentionally unfilled until their respective source datasets are joined.,61.45,57.6299,3.8201000000000036,All-India average; NOT local market price,2026-09-28,Department of Consumer Affairs - Price Monitoring System,REAL_OFFICIAL_REFERENCE
IN-DAIRY-0235,235,India,Delhi,,,State/UT,2021-22,2021-22,Milk,Milk,,000 tonnes,,YoY growth (%),,,,,,,,,5,,,Pending local-data join,,,0,Not populated — needs local population/consumption/transactions,Not populated — needs OSM/Overpass or verified business directory,Not populated — government milk price series is separate,NOT LOCAL-MARKET COMPLETE,Cannot calculate until local competitors + local demand + local price are joined,"Join local competitor, population/demand and current price layers before scoring market gap",Official government — DAHD BAHS 2025,Missing,Official — DAHD BAHS 2025 Table 35,Not populated — requires Consumer Affairs price-series extraction,Not populated — Census/OGD layer to be joined,Not populated — OSM/Overpass business layer to be joined,Not populated — market/business geocoding layer to be joined,https://www.dahd.gov.in/schemes/programmes/animal-husbandry-statistics,https://www.data.gov.in/catalog/dailyweekly-retail-prices-milk,https://www.openstreetmap.org/,2026-09-28 web verification of source availability,Official,"DAHD Basic Animal Husbandry Statistics 2025, Table 35",Milk production is official government data; blank market/competition/price fields are intentionally unfilled until their respective source datasets are joined.,61.45,57.6299,3.8201000000000036,All-India average; NOT local market price,2026-09-28,Department of Consumer Affairs - Price Monitoring System,REAL_OFFICIAL_REFERENCE
IN-DAIRY-0236,236,India,Delhi,,,State/UT,2022-23,2022-23,Milk,Milk,487.74,000 tonnes,,YoY growth (%),1.34,,,,,,,,5,,,Pending local-data join,,,0,Not populated — needs local population/consumption/transactions,Not populated — needs OSM/Overpass or verified business directory,Not populated — government milk price series is separate,NOT LOCAL-MARKET COMPLETE,Cannot calculate until local competitors + local demand + local price are joined,"Join local competitor, population/demand and current price layers before scoring market gap",Official government — DAHD BAHS 2025,Missing,Official — DAHD BAHS 2025 Table 35,Not populated — requires Consumer Affairs price-series extraction,Not populated — Census/OGD layer to be joined,Not populated — OSM/Overpass business layer to be joined,Not populated — market/business geocoding layer to be joined,https://www.dahd.gov.in/schemes/programmes/animal-husbandry-statistics,https://www.data.gov.in/catalog/dailyweekly-retail-prices-milk,https://www.openstreetmap.org/,2026-09-28 web verification of source availability,Official,"DAHD Basic Animal Husbandry Statistics 2025, Table 35",Milk production is official government data; blank market/competition/price fields are intentionally unfilled until their respective source datasets are joined.,61.45,57.6299,3.8201000000000036,All-India average; NOT local market price,2026-09-28,Department of Consumer Affairs - Price Monitoring System,REAL_OFFICIAL_REFERENCE
IN-DAIRY-0237,237,India,Delhi,,,State/UT,2023-24,2023-24,Milk,Milk,487.74,000 tonnes,0.0,YoY growth (%),1.26,,,,,,,,5,,,Pending local-data join,,,0,Not populated — needs local population/consumption/transactions,Not populated — needs OSM/Overpass or verified business directory,Not populated — government milk price series is separate,NOT LOCAL-MARKET COMPLETE,Cannot calculate until local competitors + local demand + local price are joined,"Join local competitor, population/demand and current price layers before scoring market gap",Official government — DAHD BAHS 2025,Missing,Official — DAHD BAHS 2025 Table 35,Not populated — requires Consumer Affairs price-series extraction,Not populated — Census/OGD layer to be joined,Not populated — OSM/Overpass business layer to be joined,Not populated — market/business geocoding layer to be joined,https://www.dahd.gov.in/schemes/programmes/animal-husbandry-statistics,https://www.data.gov.in/catalog/dailyweekly-retail-prices-milk,https://www.openstreetmap.org/,2026-09-28 web verification of source availability,Official,"DAHD Basic Animal Husbandry Statistics 2025, Table 35",Milk production is official government data; blank market/competition/price fields are intentionally unfilled until their respective source datasets are joined.,61.45,57.6299,3.8201000000000036,All-India average; NOT local market price,2026-09-28,Department of Consumer Affairs - Price Monitoring System,REAL_OFFICIAL_REFERENCE
IN-DAIRY-0238,238,India,Delhi,,,State/UT,2024-25,2024-25,Milk,Milk,413.51,000 tonnes,-15.22,YoY growth (%),1.06,,,,,,,,5,,,Pending local-data join,,,0,Not populated — needs local population/consumption/transactions,Not populated — needs OSM/Overpass or verified business directory,Not populated — government milk price series is separate,NOT LOCAL-MARKET COMPLETE,Cannot calculate until local competitors + local demand + local price are joined,"Join local competitor, population/demand and current price layers before scoring market gap",Official government — DAHD BAHS 2025,Missing,Official — DAHD BAHS 2025 Table 35,Not populated — requires Consumer Affairs price-series extraction,Not populated — Census/OGD layer to be joined,Not populated — OSM/Overpass business layer to be joined,Not populated — market/business geocoding layer to be joined,https://www.dahd.gov.in/schemes/programmes/animal-husbandry-statistics,https://www.data.gov.in/catalog/dailyweekly-retail-prices-milk,https://www.openstreetmap.org/,2026-09-28 web verification of source availability,Official,"DAHD Basic Animal Husbandry Statistics 2025, Table 35",Milk production is official government data; blank market/competition/price fields are intentionally unfilled until their respective source datasets are joined.,61.45,57.6299,3.8201000000000036,All-India average; NOT local market price,2026-09-28,Department of Consumer Affairs - Price Monitoring System,REAL_OFFICIAL_REFERENCE
IN-DAIRY-0239,239,India,Lakshadweep,,,State/UT,2018-19,2018-19,Milk,Milk,3.66,000 tonnes,,YoY growth (%),0.01,,,,,,,,5,,,Pending local-data join,,,0,Not populated — needs local population/consumption/transactions,Not populated — needs OSM/Overpass or verified business directory,Not populated — government milk price series is separate,NOT LOCAL-MARKET COMPLETE,Cannot calculate until local competitors + local demand + local price are joined,"Join local competitor, population/demand and current price layers before scoring market gap",Official government — DAHD BAHS 2025,Missing,Official — DAHD BAHS 2025 Table 35,Not populated — requires Consumer Affairs price-series extraction,Not populated — Census/OGD layer to be joined,Not populated — OSM/Overpass business layer to be joined,Not populated — market/business geocoding layer to be joined,https://www.dahd.gov.in/schemes/programmes/animal-husbandry-statistics,https://www.data.gov.in/catalog/dailyweekly-retail-prices-milk,https://www.openstreetmap.org/,2026-09-28 web verification of source availability,Official,"DAHD Basic Animal Husbandry Statistics 2025, Table 35",Milk production is official government data; blank market/competition/price fields are intentionally unfilled until their respective source datasets are joined.,61.45,57.6299,3.8201000000000036,All-India average; NOT local market price,2026-09-28,Department of Consumer Affairs - Price Monitoring System,REAL_OFFICIAL_REFERENCE
IN-DAIRY-0240,240,India,Lakshadweep,,,State/UT,2019-20,2019-20,Milk,Milk,3.78,000 tonnes,3.28,YoY growth (%),0.01,,,,,,,,5,,,Pending local-data join,,,0,Not populated — needs local population/consumption/transactions,Not populated — needs OSM/Overpass or verified business directory,Not populated — government milk price series is separate,NOT LOCAL-MARKET COMPLETE,Cannot calculate until local competitors + local demand + local price are joined,"Join local competitor, population/demand and current price layers before scoring market gap",Official government — DAHD BAHS 2025,Missing,Official — DAHD BAHS 2025 Table 35,Not populated — requires Consumer Affairs price-series extraction,Not populated — Census/OGD layer to be joined,Not populated — OSM/Overpass business layer to be joined,Not populated — market/business geocoding layer to be joined,https://www.dahd.gov.in/schemes/programmes/animal-husbandry-statistics,https://www.data.gov.in/catalog/dailyweekly-retail-prices-milk,https://www.openstreetmap.org/,2026-09-28 web verification of source availability,Official,"DAHD Basic Animal Husbandry Statistics 2025, Table 35",Milk production is official government data; blank market/competition/price fields are intentionally unfilled until their respective source datasets are joined.,61.45,57.6299,3.8201000000000036,All-India average; NOT local market price,2026-09-28,Department of Consumer Affairs - Price Monitoring System,REAL_OFFICIAL_REFERENCE
IN-DAIRY-0241,241,India,Lakshadweep,,,State/UT,2020-21,2020-21,Milk,Milk,3.81,000 tonnes,0.79,YoY growth (%),0.01,,,,,,,,5,,,Pending local-data join,,,0,Not populated — needs local population/consumption/transactions,Not populated — needs OSM/Overpass or verified business directory,Not populated — government milk price series is separate,NOT LOCAL-MARKET COMPLETE,Cannot calculate until local competitors + local demand + local price are joined,"Join local competitor, population/demand and current price layers before scoring market gap",Official government — DAHD BAHS 2025,Missing,Official — DAHD BAHS 2025 Table 35,Not populated — requires Consumer Affairs price-series extraction,Not populated — Census/OGD layer to be joined,Not populated — OSM/Overpass business layer to be joined,Not populated — market/business geocoding layer to be joined,https://www.dahd.gov.in/schemes/programmes/animal-husbandry-statistics,https://www.data.gov.in/catalog/dailyweekly-retail-prices-milk,https://www.openstreetmap.org/,2026-09-28 web verification of source availability,Official,"DAHD Basic Animal Husbandry Statistics 2025, Table 35",Milk production is official government data; blank market/competition/price fields are intentionally unfilled until their respective source datasets are joined.,61.45,57.6299,3.8201000000000036,All-India average; NOT local market price,2026-09-28,Department of Consumer Affairs - Price Monitoring System,REAL_OFFICIAL_REFERENCE
IN-DAIRY-0242,242,India,Lakshadweep,,,State/UT,2021-22,2021-22,Milk,Milk,0.42,000 tonnes,-88.98,YoY growth (%),0.0,,,,,,,,5,,,Pending local-data join,,,0,Not populated — needs local population/consumption/transactions,Not populated — needs OSM/Overpass or verified business directory,Not populated — government milk price series is separate,NOT LOCAL-MARKET COMPLETE,Cannot calculate until local competitors + local demand + local price are joined,"Join local competitor, population/demand and current price layers before scoring market gap",Official government — DAHD BAHS 2025,Missing,Official — DAHD BAHS 2025 Table 35,Not populated — requires Consumer Affairs price-series extraction,Not populated — Census/OGD layer to be joined,Not populated — OSM/Overpass business layer to be joined,Not populated — market/business geocoding layer to be joined,https://www.dahd.gov.in/schemes/programmes/animal-husbandry-statistics,https://www.data.gov.in/catalog/dailyweekly-retail-prices-milk,https://www.openstreetmap.org/,2026-09-28 web verification of source availability,Official,"DAHD Basic Animal Husbandry Statistics 2025, Table 35",Milk production is official government data; blank market/competition/price fields are intentionally unfilled until their respective source datasets are joined.,61.45,57.6299,3.8201000000000036,All-India average; NOT local market price,2026-09-28,Department of Consumer Affairs - Price Monitoring System,REAL_OFFICIAL_REFERENCE
IN-DAIRY-0243,243,India,Lakshadweep,,,State/UT,2022-23,2022-23,Milk,Milk,0.41,000 tonnes,-2.38,YoY growth (%),0.0,,,,,,,,5,,,Pending local-data join,,,0,Not populated — needs local population/consumption/transactions,Not populated — needs OSM/Overpass or verified business directory,Not populated — government milk price series is separate,NOT LOCAL-MARKET COMPLETE,Cannot calculate until local competitors + local demand + local price are joined,"Join local competitor, population/demand and current price layers before scoring market gap",Official government — DAHD BAHS 2025,Missing,Official — DAHD BAHS 2025 Table 35,Not populated — requires Consumer Affairs price-series extraction,Not populated — Census/OGD layer to be joined,Not populated — OSM/Overpass business layer to be joined,Not populated — market/business geocoding layer to be joined,https://www.dahd.gov.in/schemes/programmes/animal-husbandry-statistics,https://www.data.gov.in/catalog/dailyweekly-retail-prices-milk,https://www.openstreetmap.org/,2026-09-28 web verification of source availability,Official,"DAHD Basic Animal Husbandry Statistics 2025, Table 35",Milk production is official government data; blank market/competition/price fields are intentionally unfilled until their respective source datasets are joined.,61.45,57.6299,3.8201000000000036,All-India average; NOT local market price,2026-09-28,Department of Consumer Affairs - Price Monitoring System,REAL_OFFICIAL_REFERENCE
IN-DAIRY-0244,244,India,Lakshadweep,,,State/UT,2023-24,2023-24,Milk,Milk,0.39,000 tonnes,-4.88,YoY growth (%),0.0,,,,,,,,5,,,Pending local-data join,,,0,Not populated — needs local population/consumption/transactions,Not populated — needs OSM/Overpass or verified business directory,Not populated — government milk price series is separate,NOT LOCAL-MARKET COMPLETE,Cannot calculate until local competitors + local demand + local price are joined,"Join local competitor, population/demand and current price layers before scoring market gap",Official government — DAHD BAHS 2025,Missing,Official — DAHD BAHS 2025 Table 35,Not populated — requires Consumer Affairs price-series extraction,Not populated — Census/OGD layer to be joined,Not populated — OSM/Overpass business layer to be joined,Not populated — market/business geocoding layer to be joined,https://www.dahd.gov.in/schemes/programmes/animal-husbandry-statistics,https://www.data.gov.in/catalog/dailyweekly-retail-prices-milk,https://www.openstreetmap.org/,2026-09-28 web verification of source availability,Official,"DAHD Basic Animal Husbandry Statistics 2025, Table 35",Milk production is official government data; blank market/competition/price fields are intentionally unfilled until their respective source datasets are joined.,61.45,57.6299,3.8201000000000036,All-India average; NOT local market price,2026-09-28,Department of Consumer Affairs - Price Monitoring System,REAL_OFFICIAL_REFERENCE
IN-DAIRY-0245,245,India,Lakshadweep,,,State/UT,2024-25,2024-25,Milk,Milk,0.42,000 tonnes,7.69,YoY growth (%),0.0,,,,,,,,5,,,Pending local-data join,,,0,Not populated — needs local population/consumption/transactions,Not populated — needs OSM/Overpass or verified business directory,Not populated — government milk price series is separate,NOT LOCAL-MARKET COMPLETE,Cannot calculate until local competitors + local demand + local price are joined,"Join local competitor, population/demand and current price layers before scoring market gap",Official government — DAHD BAHS 2025,Missing,Official — DAHD BAHS 2025 Table 35,Not populated — requires Consumer Affairs price-series extraction,Not populated — Census/OGD layer to be joined,Not populated — OSM/Overpass business layer to be joined,Not populated — market/business geocoding layer to be joined,https://www.dahd.gov.in/schemes/programmes/animal-husbandry-statistics,https://www.data.gov.in/catalog/dailyweekly-retail-prices-milk,https://www.openstreetmap.org/,2026-09-28 web verification of source availability,Official,"DAHD Basic Animal Husbandry Statistics 2025, Table 35",Milk production is official government data; blank market/competition/price fields are intentionally unfilled until their respective source datasets are joined.,61.45,57.6299,3.8201000000000036,All-India average; NOT local market price,2026-09-28,Department of Consumer Affairs - Price Monitoring System,REAL_OFFICIAL_REFERENCE
IN-DAIRY-0246,246,India,Puducherry,,,State/UT,2018-19,2018-19,Milk,Milk,49.2,000 tonnes,,YoY growth (%),0.16,,,,,,,,5,,,Pending local-data join,,,0,Not populated — needs local population/consumption/transactions,Not populated — needs OSM/Overpass or verified business directory,Not populated — government milk price series is separate,NOT LOCAL-MARKET COMPLETE,Cannot calculate until local competitors + local demand + local price are joined,"Join local competitor, population/demand and current price layers before scoring market gap",Official government — DAHD BAHS 2025,Missing,Official — DAHD BAHS 2025 Table 35,Not populated — requires Consumer Affairs price-series extraction,Not populated — Census/OGD layer to be joined,Not populated — OSM/Overpass business layer to be joined,Not populated — market/business geocoding layer to be joined,https://www.dahd.gov.in/schemes/programmes/animal-husbandry-statistics,https://www.data.gov.in/catalog/dailyweekly-retail-prices-milk,https://www.openstreetmap.org/,2026-09-28 web verification of source availability,Official,"DAHD Basic Animal Husbandry Statistics 2025, Table 35",Milk production is official government data; blank market/competition/price fields are intentionally unfilled until their respective source datasets are joined.,61.45,57.6299,3.8201000000000036,All-India average; NOT local market price,2026-09-28,Department of Consumer Affairs - Price Monitoring System,REAL_OFFICIAL_REFERENCE
IN-DAIRY-0247,247,India,Puducherry,,,State/UT,2019-20,2019-20,Milk,Milk,49.5,000 tonnes,0.61,YoY growth (%),0.15,,,,,,,,5,,,Pending local-data join,,,0,Not populated — needs local population/consumption/transactions,Not populated — needs OSM/Overpass or verified business directory,Not populated — government milk price series is separate,NOT LOCAL-MARKET COMPLETE,Cannot calculate until local competitors + local demand + local price are joined,"Join local competitor, population/demand and current price layers before scoring market gap",Official government — DAHD BAHS 2025,Missing,Official — DAHD BAHS 2025 Table 35,Not populated — requires Consumer Affairs price-series extraction,Not populated — Census/OGD layer to be joined,Not populated — OSM/Overpass business layer to be joined,Not populated — market/business geocoding layer to be joined,https://www.dahd.gov.in/schemes/programmes/animal-husbandry-statistics,https://www.data.gov.in/catalog/dailyweekly-retail-prices-milk,https://www.openstreetmap.org/,2026-09-28 web verification of source availability,Official,"DAHD Basic Animal Husbandry Statistics 2025, Table 35",Milk production is official government data; blank market/competition/price fields are intentionally unfilled until their respective source datasets are joined.,61.45,57.6299,3.8201000000000036,All-India average; NOT local market price,2026-09-28,Department of Consumer Affairs - Price Monitoring System,REAL_OFFICIAL_REFERENCE
IN-DAIRY-0248,248,India,Puducherry,,,State/UT,2020-21,2020-21,Milk,Milk,49.5,000 tonnes,0.0,YoY growth (%),0.15,,,,,,,,5,,,Pending local-data join,,,0,Not populated — needs local population/consumption/transactions,Not populated — needs OSM/Overpass or verified business directory,Not populated — government milk price series is separate,NOT LOCAL-MARKET COMPLETE,Cannot calculate until local competitors + local demand + local price are joined,"Join local competitor, population/demand and current price layers before scoring market gap",Official government — DAHD BAHS 2025,Missing,Official — DAHD BAHS 2025 Table 35,Not populated — requires Consumer Affairs price-series extraction,Not populated — Census/OGD layer to be joined,Not populated — OSM/Overpass business layer to be joined,Not populated — market/business geocoding layer to be joined,https://www.dahd.gov.in/schemes/programmes/animal-husbandry-statistics,https://www.data.gov.in/catalog/dailyweekly-retail-prices-milk,https://www.openstreetmap.org/,2026-09-28 web verification of source availability,Official,"DAHD Basic Animal Husbandry Statistics 2025, Table 35",Milk production is official government data; blank market/competition/price fields are intentionally unfilled until their respective source datasets are joined.,61.45,57.6299,3.8201000000000036,All-India average; NOT local market price,2026-09-28,Department of Consumer Affairs - Price Monitoring System,REAL_OFFICIAL_REFERENCE
IN-DAIRY-0249,249,India,Puducherry,,,State/UT,2021-22,2021-22,Milk,Milk,49.97,000 tonnes,0.95,YoY growth (%),0.15,,,,,,,,5,,,Pending local-data join,,,0,Not populated — needs local population/consumption/transactions,Not populated — needs OSM/Overpass or verified business directory,Not populated — government milk price series is separate,NOT LOCAL-MARKET COMPLETE,Cannot calculate until local competitors + local demand + local price are joined,"Join local competitor, population/demand and current price layers before scoring market gap",Official government — DAHD BAHS 2025,Missing,Official — DAHD BAHS 2025 Table 35,Not populated — requires Consumer Affairs price-series extraction,Not populated — Census/OGD layer to be joined,Not populated — OSM/Overpass business layer to be joined,Not populated — market/business geocoding layer to be joined,https://www.dahd.gov.in/schemes/programmes/animal-husbandry-statistics,https://www.data.gov.in/catalog/dailyweekly-retail-prices-milk,https://www.openstreetmap.org/,2026-09-28 web verification of source availability,Official,"DAHD Basic Animal Husbandry Statistics 2025, Table 35",Milk production is official government data; blank market/competition/price fields are intentionally unfilled until their respective source datasets are joined.,61.45,57.6299,3.8201000000000036,All-India average; NOT local market price,2026-09-28,Department of Consumer Affairs - Price Monitoring System,REAL_OFFICIAL_REFERENCE
IN-DAIRY-0250,250,India,Puducherry,,,State/UT,2022-23,2022-23,Milk,Milk,49.65,000 tonnes,-0.64,YoY growth (%),0.14,,,,,,,,5,,,Pending local-data join,,,0,Not populated — needs local population/consumption/transactions,Not populated — needs OSM/Overpass or verified business directory,Not populated — government milk price series is separate,NOT LOCAL-MARKET COMPLETE,Cannot calculate until local competitors + local demand + local price are joined,"Join local competitor, population/demand and current price layers before scoring market gap",Official government — DAHD BAHS 2025,Missing,Official — DAHD BAHS 2025 Table 35,Not populated — requires Consumer Affairs price-series extraction,Not populated — Census/OGD layer to be joined,Not populated — OSM/Overpass business layer to be joined,Not populated — market/business geocoding layer to be joined,https://www.dahd.gov.in/schemes/programmes/animal-husbandry-statistics,https://www.data.gov.in/catalog/dailyweekly-retail-prices-milk,https://www.openstreetmap.org/,2026-09-28 web verification of source availability,Official,"DAHD Basic Animal Husbandry Statistics 2025, Table 35",Milk production is official government data; blank market/competition/price fields are intentionally unfilled until their respective source datasets are joined.,61.45,57.6299,3.8201000000000036,All-India average; NOT local market price,2026-09-28,Department of Consumer Affairs - Price Monitoring System,REAL_OFFICIAL_REFERENCE
IN-DAIRY-0251,251,India,Puducherry,,,State/UT,2023-24,2023-24,Milk,Milk,49.75,000 tonnes,0.2,YoY growth (%),0.13,,,,,,,,5,,,Pending local-data join,,,0,Not populated — needs local population/consumption/transactions,Not populated — needs OSM/Overpass or verified business directory,Not populated — government milk price series is separate,NOT LOCAL-MARKET COMPLETE,Cannot calculate until local competitors + local demand + local price are joined,"Join local competitor, population/demand and current price layers before scoring market gap",Official government — DAHD BAHS 2025,Missing,Official — DAHD BAHS 2025 Table 35,Not populated — requires Consumer Affairs price-series extraction,Not populated — Census/OGD layer to be joined,Not populated — OSM/Overpass business layer to be joined,Not populated — market/business geocoding layer to be joined,https://www.dahd.gov.in/schemes/programmes/animal-husbandry-statistics,https://www.data.gov.in/catalog/dailyweekly-retail-prices-milk,https://www.openstreetmap.org/,2026-09-28 web verification of source availability,Official,"DAHD Basic Animal Husbandry Statistics 2025, Table 35",Milk production is official government data; blank market/competition/price fields are intentionally unfilled until their respective source datasets are joined.,61.45,57.6299,3.8201000000000036,All-India average; NOT local market price,2026-09-28,Department of Consumer Affairs - Price Monitoring System,REAL_OFFICIAL_REFERENCE
IN-DAIRY-0252,252,India,Puducherry,,,State/UT,2024-25,2024-25,Milk,Milk,58.05,000 tonnes,16.68,YoY growth (%),0.15,,,,,,,,5,,,Pending local-data join,,,0,Not populated — needs local population/consumption/transactions,Not populated — needs OSM/Overpass or verified business directory,Not populated — government milk price series is separate,NOT LOCAL-MARKET COMPLETE,Cannot calculate until local competitors + local demand + local price are joined,"Join local competitor, population/demand and current price layers before scoring market gap",Official government — DAHD BAHS 2025,Missing,Official — DAHD BAHS 2025 Table 35,Not populated — requires Consumer Affairs price-series extraction,Not populated — Census/OGD layer to be joined,Not populated — OSM/Overpass business layer to be joined,Not populated — market/business geocoding layer to be joined,https://www.dahd.gov.in/schemes/programmes/animal-husbandry-statistics,https://www.data.gov.in/catalog/dailyweekly-retail-prices-milk,https://www.openstreetmap.org/,2026-09-28 web verification of source availability,Official,"DAHD Basic Animal Husbandry Statistics 2025, Table 35",Milk production is official government data; blank market/competition/price fields are intentionally unfilled until their respective source datasets are joined.,61.45,57.6299,3.8201000000000036,All-India average; NOT local market price,2026-09-28,Department of Consumer Affairs - Price Monitoring System,REAL_OFFICIAL_REFERENCE
IN-DAIRY-0253,253,India,Andhra Pradesh,,,State/UT,2018-19,2018-19,Milk,Milk,15044.37,000 tonnes,8.013,All-India production share (%),49.29,,,,,,,,5,,,Pending local-data join,,,0,Not populated — needs local population/consumption/transactions,Not populated — needs OSM/Overpass or verified business directory,Not populated — government milk price series is separate,NOT LOCAL-MARKET COMPLETE,Cannot calculate until local competitors + local demand + local price are joined,"Join local competitor, population/demand and current price layers before scoring market gap",Official government — DAHD BAHS 2025,Missing,Official — DAHD BAHS 2025 Table 35,Not populated — requires Consumer Affairs price-series extraction,Not populated — Census/OGD layer to be joined,Not populated — OSM/Overpass business layer to be joined,Not populated — market/business geocoding layer to be joined,https://www.dahd.gov.in/schemes/programmes/animal-husbandry-statistics,https://www.data.gov.in/catalog/dailyweekly-retail-prices-milk,https://www.openstreetmap.org/,2026-09-28 web verification of source availability,Derived,Calculated from DAHD BAHS 2025 Table 35 official state and All-India totals,Milk production is official government data; blank market/competition/price fields are intentionally unfilled until their respective source datasets are joined.,61.45,57.6299,3.8201000000000036,All-India average; NOT local market price,2026-09-28,Department of Consumer Affairs - Price Monitoring System,REAL_OFFICIAL_REFERENCE
IN-DAIRY-0254,254,India,Andhra Pradesh,,,State/UT,2019-20,2019-20,Milk,Milk,15263.1,000 tonnes,7.6916,All-India production share (%),47.9,,,,,,,,5,,,Pending local-data join,,,0,Not populated — needs local population/consumption/transactions,Not populated — needs OSM/Overpass or verified business directory,Not populated — government milk price series is separate,NOT LOCAL-MARKET COMPLETE,Cannot calculate until local competitors + local demand + local price are joined,"Join local competitor, population/demand and current price layers before scoring market gap",Official government — DAHD BAHS 2025,Missing,Official — DAHD BAHS 2025 Table 35,Not populated — requires Consumer Affairs price-series extraction,Not populated — Census/OGD layer to be joined,Not populated — OSM/Overpass business layer to be joined,Not populated — market/business geocoding layer to be joined,https://www.dahd.gov.in/schemes/programmes/animal-husbandry-statistics,https://www.data.gov.in/catalog/dailyweekly-retail-prices-milk,https://www.openstreetmap.org/,2026-09-28 web verification of source availability,Derived,Calculated from DAHD BAHS 2025 Table 35 official state and All-India totals,Milk production is official government data; blank market/competition/price fields are intentionally unfilled until their respective source datasets are joined.,61.45,57.6299,3.8201000000000036,All-India average; NOT local market price,2026-09-28,Department of Consumer Affairs - Price Monitoring System,REAL_OFFICIAL_REFERENCE
IN-DAIRY-0255,255,India,Andhra Pradesh,,,State/UT,2020-21,2020-21,Milk,Milk,14713.84,000 tonnes,7.0079,All-India production share (%),46.92,,,,,,,,5,,,Pending local-data join,,,0,Not populated — needs local population/consumption/transactions,Not populated — needs OSM/Overpass or verified business directory,Not populated — government milk price series is separate,NOT LOCAL-MARKET COMPLETE,Cannot calculate until local competitors + local demand + local price are joined,"Join local competitor, population/demand and current price layers before scoring market gap",Official government — DAHD BAHS 2025,Missing,Official — DAHD BAHS 2025 Table 35,Not populated — requires Consumer Affairs price-series extraction,Not populated — Census/OGD layer to be joined,Not populated — OSM/Overpass business layer to be joined,Not populated — market/business geocoding layer to be joined,https://www.dahd.gov.in/schemes/programmes/animal-husbandry-statistics,https://www.data.gov.in/catalog/dailyweekly-retail-prices-milk,https://www.openstreetmap.org/,2026-09-28 web verification of source availability,Derived,Calculated from DAHD BAHS 2025 Table 35 official state and All-India totals,Milk production is official government data; blank market/competition/price fields are intentionally unfilled until their respective source datasets are joined.,61.45,57.6299,3.8201000000000036,All-India average; NOT local market price,2026-09-28,Department of Consumer Affairs - Price Monitoring System,REAL_OFFICIAL_REFERENCE
IN-DAIRY-0256,256,India,Andhra Pradesh,,,State/UT,2021-22,2021-22,Milk,Milk,15403.08,000 tonnes,6.9362,All-India production share (%),45.47,,,,,,,,5,,,Pending local-data join,,,0,Not populated — needs local population/consumption/transactions,Not populated — needs OSM/Overpass or verified business directory,Not populated — government milk price series is separate,NOT LOCAL-MARKET COMPLETE,Cannot calculate until local competitors + local demand + local price are joined,"Join local competitor, population/demand and current price layers before scoring market gap",Official government — DAHD BAHS 2025,Missing,Official — DAHD BAHS 2025 Table 35,Not populated — requires Consumer Affairs price-series extraction,Not populated — Census/OGD layer to be joined,Not populated — OSM/Overpass business layer to be joined,Not populated — market/business geocoding layer to be joined,https://www.dahd.gov.in/schemes/programmes/animal-husbandry-statistics,https://www.data.gov.in/catalog/dailyweekly-retail-prices-milk,https://www.openstreetmap.org/,2026-09-28 web verification of source availability,Derived,Calculated from DAHD BAHS 2025 Table 35 official state and All-India totals,Milk production is official government data; blank market/competition/price fields are intentionally unfilled until their respective source datasets are joined.,61.45,57.6299,3.8201000000000036,All-India average; NOT local market price,2026-09-28,Department of Consumer Affairs - Price Monitoring System,REAL_OFFICIAL_REFERENCE
IN-DAIRY-0257,257,India,Andhra Pradesh,,,State/UT,2022-23,2022-23,Milk,Milk,15448.42,000 tonnes,6.6999,All-India production share (%),42.63,,,,,,,,5,,,Pending local-data join,,,0,Not populated — needs local population/consumption/transactions,Not populated — needs OSM/Overpass or verified business directory,Not populated — government milk price series is separate,NOT LOCAL-MARKET COMPLETE,Cannot calculate until local competitors + local demand + local price are joined,"Join local competitor, population/demand and current price layers before scoring market gap",Official government — DAHD BAHS 2025,Missing,Official — DAHD BAHS 2025 Table 35,Not populated — requires Consumer Affairs price-series extraction,Not populated — Census/OGD layer to be joined,Not populated — OSM/Overpass business layer to be joined,Not populated — market/business geocoding layer to be joined,https://www.dahd.gov.in/schemes/programmes/animal-husbandry-statistics,https://www.data.gov.in/catalog/dailyweekly-retail-prices-milk,https://www.openstreetmap.org/,2026-09-28 web verification of source availability,Derived,Calculated from DAHD BAHS 2025 Table 35 official state and All-India totals,Milk production is official government data; blank market/competition/price fields are intentionally unfilled until their respective source datasets are joined.,61.45,57.6299,3.8201000000000036,All-India average; NOT local market price,2026-09-28,Department of Consumer Affairs - Price Monitoring System,REAL_OFFICIAL_REFERENCE
IN-DAIRY-0258,258,India,Andhra Pradesh,,,State/UT,2023-24,2023-24,Milk,Milk,13994.4,000 tonnes,5.8481,All-India production share (%),36.09,,,,,,,,5,,,Pending local-data join,,,0,Not populated — needs local population/consumption/transactions,Not populated — needs OSM/Overpass or verified business directory,Not populated — government milk price series is separate,NOT LOCAL-MARKET COMPLETE,Cannot calculate until local competitors + local demand + local price are joined,"Join local competitor, population/demand and current price layers before scoring market gap",Official government — DAHD BAHS 2025,Missing,Official — DAHD BAHS 2025 Table 35,Not populated — requires Consumer Affairs price-series extraction,Not populated — Census/OGD layer to be joined,Not populated — OSM/Overpass business layer to be joined,Not populated — market/business geocoding layer to be joined,https://www.dahd.gov.in/schemes/programmes/animal-husbandry-statistics,https://www.data.gov.in/catalog/dailyweekly-retail-prices-milk,https://www.openstreetmap.org/,2026-09-28 web verification of source availability,Derived,Calculated from DAHD BAHS 2025 Table 35 official state and All-India totals,Milk production is official government data; blank market/competition/price fields are intentionally unfilled until their respective source datasets are joined.,61.45,57.6299,3.8201000000000036,All-India average; NOT local market price,2026-09-28,Department of Consumer Affairs - Price Monitoring System,REAL_OFFICIAL_REFERENCE
IN-DAIRY-0259,259,India,Andhra Pradesh,,,State/UT,2024-25,2024-25,Milk,Milk,13946.13,000 tonnes,5.6264,All-India production share (%),35.93,,,,,,,,5,,,Pending local-data join,,,0,Not populated — needs local population/consumption/transactions,Not populated — needs OSM/Overpass or verified business directory,Not populated — government milk price series is separate,NOT LOCAL-MARKET COMPLETE,Cannot calculate until local competitors + local demand + local price are joined,"Join local competitor, population/demand and current price layers before scoring market gap",Official government — DAHD BAHS 2025,Missing,Official — DAHD BAHS 2025 Table 35,Not populated — requires Consumer Affairs price-series extraction,Not populated — Census/OGD layer to be joined,Not populated — OSM/Overpass business layer to be joined,Not populated — market/business geocoding layer to be joined,https://www.dahd.gov.in/schemes/programmes/animal-husbandry-statistics,https://www.data.gov.in/catalog/dailyweekly-retail-prices-milk,https://www.openstreetmap.org/,2026-09-28 web verification of source availability,Derived,Calculated from DAHD BAHS 2025 Table 35 official state and All-India totals,Milk production is official government data; blank market/competition/price fields are intentionally unfilled until their respective source datasets are joined.,61.45,57.6299,3.8201000000000036,All-India average; NOT local market price,2026-09-28,Department of Consumer Affairs - Price Monitoring System,REAL_OFFICIAL_REFERENCE
IN-DAIRY-0260,260,India,Arunachal Pradesh,,,State/UT,2018-19,2018-19,Milk,Milk,55.1,000 tonnes,0.0293,All-India production share (%),0.18,,,,,,,,5,,,Pending local-data join,,,0,Not populated — needs local population/consumption/transactions,Not populated — needs OSM/Overpass or verified business directory,Not populated — government milk price series is separate,NOT LOCAL-MARKET COMPLETE,Cannot calculate until local competitors + local demand + local price are joined,"Join local competitor, population/demand and current price layers before scoring market gap",Official government — DAHD BAHS 2025,Missing,Official — DAHD BAHS 2025 Table 35,Not populated — requires Consumer Affairs price-series extraction,Not populated — Census/OGD layer to be joined,Not populated — OSM/Overpass business layer to be joined,Not populated — market/business geocoding layer to be joined,https://www.dahd.gov.in/schemes/programmes/animal-husbandry-statistics,https://www.data.gov.in/catalog/dailyweekly-retail-prices-milk,https://www.openstreetmap.org/,2026-09-28 web verification of source availability,Derived,Calculated from DAHD BAHS 2025 Table 35 official state and All-India totals,Milk production is official government data; blank market/competition/price fields are intentionally unfilled until their respective source datasets are joined.,61.45,57.6299,3.8201000000000036,All-India average; NOT local market price,2026-09-28,Department of Consumer Affairs - Price Monitoring System,REAL_OFFICIAL_REFERENCE
IN-DAIRY-0261,261,India,Arunachal Pradesh,,,State/UT,2019-20,2019-20,Milk,Milk,60.63,000 tonnes,0.0306,All-India production share (%),0.19,,,,,,,,5,,,Pending local-data join,,,0,Not populated — needs local population/consumption/transactions,Not populated — needs OSM/Overpass or verified business directory,Not populated — government milk price series is separate,NOT LOCAL-MARKET COMPLETE,Cannot calculate until local competitors + local demand + local price are joined,"Join local competitor, population/demand and current price layers before scoring market gap",Official government — DAHD BAHS 2025,Missing,Official — DAHD BAHS 2025 Table 35,Not populated — requires Consumer Affairs price-series extraction,Not populated — Census/OGD layer to be joined,Not populated — OSM/Overpass business layer to be joined,Not populated — market/business geocoding layer to be joined,https://www.dahd.gov.in/schemes/programmes/animal-husbandry-statistics,https://www.data.gov.in/catalog/dailyweekly-retail-prices-milk,https://www.openstreetmap.org/,2026-09-28 web verification of source availability,Derived,Calculated from DAHD BAHS 2025 Table 35 official state and All-India totals,Milk production is official government data; blank market/competition/price fields are intentionally unfilled until their respective source datasets are joined.,61.45,57.6299,3.8201000000000036,All-India average; NOT local market price,2026-09-28,Department of Consumer Affairs - Price Monitoring System,REAL_OFFICIAL_REFERENCE
IN-DAIRY-0262,262,India,Arunachal Pradesh,,,State/UT,2020-21,2020-21,Milk,Milk,43.89,000 tonnes,0.0209,All-India production share (%),0.14,,,,,,,,5,,,Pending local-data join,,,0,Not populated — needs local population/consumption/transactions,Not populated — needs OSM/Overpass or verified business directory,Not populated — government milk price series is separate,NOT LOCAL-MARKET COMPLETE,Cannot calculate until local competitors + local demand + local price are joined,"Join local competitor, population/demand and current price layers before scoring market gap",Official government — DAHD BAHS 2025,Missing,Official — DAHD BAHS 2025 Table 35,Not populated — requires Consumer Affairs price-series extraction,Not populated — Census/OGD layer to be joined,Not populated — OSM/Overpass business layer to be joined,Not populated — market/business geocoding layer to be joined,https://www.dahd.gov.in/schemes/programmes/animal-husbandry-statistics,https://www.data.gov.in/catalog/dailyweekly-retail-prices-milk,https://www.openstreetmap.org/,2026-09-28 web verification of source availability,Derived,Calculated from DAHD BAHS 2025 Table 35 official state and All-India totals,Milk production is official government data; blank market/competition/price fields are intentionally unfilled until their respective source datasets are joined.,61.45,57.6299,3.8201000000000036,All-India average; NOT local market price,2026-09-28,Department of Consumer Affairs - Price Monitoring System,REAL_OFFICIAL_REFERENCE
IN-DAIRY-0263,263,India,Arunachal Pradesh,,,State/UT,2021-22,2021-22,Milk,Milk,46.01,000 tonnes,0.0207,All-India production share (%),0.13,,,,,,,,5,,,Pending local-data join,,,0,Not populated — needs local population/consumption/transactions,Not populated — needs OSM/Overpass or verified business directory,Not populated — government milk price series is separate,NOT LOCAL-MARKET COMPLETE,Cannot calculate until local competitors + local demand + local price are joined,"Join local competitor, population/demand and current price layers before scoring market gap",Official government — DAHD BAHS 2025,Missing,Official — DAHD BAHS 2025 Table 35,Not populated — requires Consumer Affairs price-series extraction,Not populated — Census/OGD layer to be joined,Not populated — OSM/Overpass business layer to be joined,Not populated — market/business geocoding layer to be joined,https://www.dahd.gov.in/schemes/programmes/animal-husbandry-statistics,https://www.data.gov.in/catalog/dailyweekly-retail-prices-milk,https://www.openstreetmap.org/,2026-09-28 web verification of source availability,Derived,Calculated from DAHD BAHS 2025 Table 35 official state and All-India totals,Milk production is official government data; blank market/competition/price fields are intentionally unfilled until their respective source datasets are joined.,61.45,57.6299,3.8201000000000036,All-India average; NOT local market price,2026-09-28,Department of Consumer Affairs - Price Monitoring System,REAL_OFFICIAL_REFERENCE
IN-DAIRY-0264,264,India,Arunachal Pradesh,,,State/UT,2022-23,2022-23,Milk,Milk,45.54,000 tonnes,0.0198,All-India production share (%),0.12,,,,,,,,5,,,Pending local-data join,,,0,Not populated — needs local population/consumption/transactions,Not populated — needs OSM/Overpass or verified business directory,Not populated — government milk price series is separate,NOT LOCAL-MARKET COMPLETE,Cannot calculate until local competitors + local demand + local price are joined,"Join local competitor, population/demand and current price layers before scoring market gap",Official government — DAHD BAHS 2025,Missing,Official — DAHD BAHS 2025 Table 35,Not populated — requires Consumer Affairs price-series extraction,Not populated — Census/OGD layer to be joined,Not populated — OSM/Overpass business layer to be joined,Not populated — market/business geocoding layer to be joined,https://www.dahd.gov.in/schemes/programmes/animal-husbandry-statistics,https://www.data.gov.in/catalog/dailyweekly-retail-prices-milk,https://www.openstreetmap.org/,2026-09-28 web verification of source availability,Derived,Calculated from DAHD BAHS 2025 Table 35 official state and All-India totals,Milk production is official government data; blank market/competition/price fields are intentionally unfilled until their respective source datasets are joined.,61.45,57.6299,3.8201000000000036,All-India average; NOT local market price,2026-09-28,Department of Consumer Affairs - Price Monitoring System,REAL_OFFICIAL_REFERENCE
IN-DAIRY-0265,265,India,Arunachal Pradesh,,,State/UT,2023-24,2023-24,Milk,Milk,20.0,000 tonnes,0.0084,All-India production share (%),0.05,,,,,,,,5,,,Pending local-data join,,,0,Not populated — needs local population/consumption/transactions,Not populated — needs OSM/Overpass or verified business directory,Not populated — government milk price series is separate,NOT LOCAL-MARKET COMPLETE,Cannot calculate until local competitors + local demand + local price are joined,"Join local competitor, population/demand and current price layers before scoring market gap",Official government — DAHD BAHS 2025,Missing,Official — DAHD BAHS 2025 Table 35,Not populated — requires Consumer Affairs price-series extraction,Not populated — Census/OGD layer to be joined,Not populated — OSM/Overpass business layer to be joined,Not populated — market/business geocoding layer to be joined,https://www.dahd.gov.in/schemes/programmes/animal-husbandry-statistics,https://www.data.gov.in/catalog/dailyweekly-retail-prices-milk,https://www.openstreetmap.org/,2026-09-28 web verification of source availability,Derived,Calculated from DAHD BAHS 2025 Table 35 official state and All-India totals,Milk production is official government data; blank market/competition/price fields are intentionally unfilled until their respective source datasets are joined.,61.45,57.6299,3.8201000000000036,All-India average; NOT local market price,2026-09-28,Department of Consumer Affairs - Price Monitoring System,REAL_OFFICIAL_REFERENCE
IN-DAIRY-0266,266,India,Arunachal Pradesh,,,State/UT,2024-25,2024-25,Milk,Milk,26.7,000 tonnes,0.0108,All-India production share (%),0.07,,,,,,,,5,,,Pending local-data join,,,0,Not populated — needs local population/consumption/transactions,Not populated — needs OSM/Overpass or verified business directory,Not populated — government milk price series is separate,NOT LOCAL-MARKET COMPLETE,Cannot calculate until local competitors + local demand + local price are joined,"Join local competitor, population/demand and current price layers before scoring market gap",Official government — DAHD BAHS 2025,Missing,Official — DAHD BAHS 2025 Table 35,Not populated — requires Consumer Affairs price-series extraction,Not populated — Census/OGD layer to be joined,Not populated — OSM/Overpass business layer to be joined,Not populated — market/business geocoding layer to be joined,https://www.dahd.gov.in/schemes/programmes/animal-husbandry-statistics,https://www.data.gov.in/catalog/dailyweekly-retail-prices-milk,https://www.openstreetmap.org/,2026-09-28 web verification of source availability,Derived,Calculated from DAHD BAHS 2025 Table 35 official state and All-India totals,Milk production is official government data; blank market/competition/price fields are intentionally unfilled until their respective source datasets are joined.,61.45,57.6299,3.8201000000000036,All-India average; NOT local market price,2026-09-28,Department of Consumer Affairs - Price Monitoring System,REAL_OFFICIAL_REFERENCE
IN-DAIRY-0267,267,India,Assam,,,State/UT,2018-19,2018-19,Milk,Milk,882.27,000 tonnes,0.4699,All-India production share (%),2.89,,,,,,,,5,,,Pending local-data join,,,0,Not populated — needs local population/consumption/transactions,Not populated — needs OSM/Overpass or verified business directory,Not populated — government milk price series is separate,NOT LOCAL-MARKET COMPLETE,Cannot calculate until local competitors + local demand + local price are joined,"Join local competitor, population/demand and current price layers before scoring market gap",Official government — DAHD BAHS 2025,Missing,Official — DAHD BAHS 2025 Table 35,Not populated — requires Consumer Affairs price-series extraction,Not populated — Census/OGD layer to be joined,Not populated — OSM/Overpass business layer to be joined,Not populated — market/business geocoding layer to be joined,https://www.dahd.gov.in/schemes/programmes/animal-husbandry-statistics,https://www.data.gov.in/catalog/dailyweekly-retail-prices-milk,https://www.openstreetmap.org/,2026-09-28 web verification of source availability,Derived,Calculated from DAHD BAHS 2025 Table 35 official state and All-India totals,Milk production is official government data; blank market/competition/price fields are intentionally unfilled until their respective source datasets are joined.,61.45,57.6299,3.8201000000000036,All-India average; NOT local market price,2026-09-28,Department of Consumer Affairs - Price Monitoring System,REAL_OFFICIAL_REFERENCE
IN-DAIRY-0268,268,India,Assam,,,State/UT,2019-20,2019-20,Milk,Milk,919.94,000 tonnes,0.4636,All-India production share (%),2.88,,,,,,,,5,,,Pending local-data join,,,0,Not populated — needs local population/consumption/transactions,Not populated — needs OSM/Overpass or verified business directory,Not populated — government milk price series is separate,NOT LOCAL-MARKET COMPLETE,Cannot calculate until local competitors + local demand + local price are joined,"Join local competitor, population/demand and current price layers before scoring market gap",Official government — DAHD BAHS 2025,Missing,Official — DAHD BAHS 2025 Table 35,Not populated — requires Consumer Affairs price-series extraction,Not populated — Census/OGD layer to be joined,Not populated — OSM/Overpass business layer to be joined,Not populated — market/business geocoding layer to be joined,https://www.dahd.gov.in/schemes/programmes/animal-husbandry-statistics,https://www.data.gov.in/catalog/dailyweekly-retail-prices-milk,https://www.openstreetmap.org/,2026-09-28 web verification of source availability,Derived,Calculated from DAHD BAHS 2025 Table 35 official state and All-India totals,Milk production is official government data; blank market/competition/price fields are intentionally unfilled until their respective source datasets are joined.,61.45,57.6299,3.8201000000000036,All-India average; NOT local market price,2026-09-28,Department of Consumer Affairs - Price Monitoring System,REAL_OFFICIAL_REFERENCE
IN-DAIRY-0269,269,India,Assam,,,State/UT,2020-21,2020-21,Milk,Milk,954.07,000 tonnes,0.4544,All-India production share (%),3.04,,,,,,,,5,,,Pending local-data join,,,0,Not populated — needs local population/consumption/transactions,Not populated — needs OSM/Overpass or verified business directory,Not populated — government milk price series is separate,NOT LOCAL-MARKET COMPLETE,Cannot calculate until local competitors + local demand + local price are joined,"Join local competitor, population/demand and current price layers before scoring market gap",Official government — DAHD BAHS 2025,Missing,Official — DAHD BAHS 2025 Table 35,Not populated — requires Consumer Affairs price-series extraction,Not populated — Census/OGD layer to be joined,Not populated — OSM/Overpass business layer to be joined,Not populated — market/business geocoding layer to be joined,https://www.dahd.gov.in/schemes/programmes/animal-husbandry-statistics,https://www.data.gov.in/catalog/dailyweekly-retail-prices-milk,https://www.openstreetmap.org/,2026-09-28 web verification of source availability,Derived,Calculated from DAHD BAHS 2025 Table 35 official state and All-India totals,Milk production is official government data; blank market/competition/price fields are intentionally unfilled until their respective source datasets are joined.,61.45,57.6299,3.8201000000000036,All-India average; NOT local market price,2026-09-28,Department of Consumer Affairs - Price Monitoring System,REAL_OFFICIAL_REFERENCE
IN-DAIRY-0270,270,India,Assam,,,State/UT,2021-22,2021-22,Milk,Milk,982.02,000 tonnes,0.4422,All-India production share (%),2.9,,,,,,,,5,,,Pending local-data join,,,0,Not populated — needs local population/consumption/transactions,Not populated — needs OSM/Overpass or verified business directory,Not populated — government milk price series is separate,NOT LOCAL-MARKET COMPLETE,Cannot calculate until local competitors + local demand + local price are joined,"Join local competitor, population/demand and current price layers before scoring market gap",Official government — DAHD BAHS 2025,Missing,Official — DAHD BAHS 2025 Table 35,Not populated — requires Consumer Affairs price-series extraction,Not populated — Census/OGD layer to be joined,Not populated — OSM/Overpass business layer to be joined,Not populated — market/business geocoding layer to be joined,https://www.dahd.gov.in/schemes/programmes/animal-husbandry-statistics,https://www.data.gov.in/catalog/dailyweekly-retail-prices-milk,https://www.openstreetmap.org/,2026-09-28 web verification of source availability,Derived,Calculated from DAHD BAHS 2025 Table 35 official state and All-India totals,Milk production is official government data; blank market/competition/price fields are intentionally unfilled until their respective source datasets are joined.,61.45,57.6299,3.8201000000000036,All-India average; NOT local market price,2026-09-28,Department of Consumer Affairs - Price Monitoring System,REAL_OFFICIAL_REFERENCE
IN-DAIRY-0271,271,India,Assam,,,State/UT,2022-23,2022-23,Milk,Milk,1006.42,000 tonnes,0.4365,All-India production share (%),2.78,,,,,,,,5,,,Pending local-data join,,,0,Not populated — needs local population/consumption/transactions,Not populated — needs OSM/Overpass or verified business directory,Not populated — government milk price series is separate,NOT LOCAL-MARKET COMPLETE,Cannot calculate until local competitors + local demand + local price are joined,"Join local competitor, population/demand and current price layers before scoring market gap",Official government — DAHD BAHS 2025,Missing,Official — DAHD BAHS 2025 Table 35,Not populated — requires Consumer Affairs price-series extraction,Not populated — Census/OGD layer to be joined,Not populated — OSM/Overpass business layer to be joined,Not populated — market/business geocoding layer to be joined,https://www.dahd.gov.in/schemes/programmes/animal-husbandry-statistics,https://www.data.gov.in/catalog/dailyweekly-retail-prices-milk,https://www.openstreetmap.org/,2026-09-28 web verification of source availability,Derived,Calculated from DAHD BAHS 2025 Table 35 official state and All-India totals,Milk production is official government data; blank market/competition/price fields are intentionally unfilled until their respective source datasets are joined.,61.45,57.6299,3.8201000000000036,All-India average; NOT local market price,2026-09-28,Department of Consumer Affairs - Price Monitoring System,REAL_OFFICIAL_REFERENCE
IN-DAIRY-0272,272,India,Assam,,,State/UT,2023-24,2023-24,Milk,Milk,1092.23,000 tonnes,0.4564,All-India production share (%),2.82,,,,,,,,5,,,Pending local-data join,,,0,Not populated — needs local population/consumption/transactions,Not populated — needs OSM/Overpass or verified business directory,Not populated — government milk price series is separate,NOT LOCAL-MARKET COMPLETE,Cannot calculate until local competitors + local demand + local price are joined,"Join local competitor, population/demand and current price layers before scoring market gap",Official government — DAHD BAHS 2025,Missing,Official — DAHD BAHS 2025 Table 35,Not populated — requires Consumer Affairs price-series extraction,Not populated — Census/OGD layer to be joined,Not populated — OSM/Overpass business layer to be joined,Not populated — market/business geocoding layer to be joined,https://www.dahd.gov.in/schemes/programmes/animal-husbandry-statistics,https://www.data.gov.in/catalog/dailyweekly-retail-prices-milk,https://www.openstreetmap.org/,2026-09-28 web verification of source availability,Derived,Calculated from DAHD BAHS 2025 Table 35 official state and All-India totals,Milk production is official government data; blank market/competition/price fields are intentionally unfilled until their respective source datasets are joined.,61.45,57.6299,3.8201000000000036,All-India average; NOT local market price,2026-09-28,Department of Consumer Affairs - Price Monitoring System,REAL_OFFICIAL_REFERENCE
IN-DAIRY-0273,273,India,Assam,,,State/UT,2024-25,2024-25,Milk,Milk,1224.08,000 tonnes,0.4938,All-India production share (%),3.15,,,,,,,,5,,,Pending local-data join,,,0,Not populated — needs local population/consumption/transactions,Not populated — needs OSM/Overpass or verified business directory,Not populated — government milk price series is separate,NOT LOCAL-MARKET COMPLETE,Cannot calculate until local competitors + local demand + local price are joined,"Join local competitor, population/demand and current price layers before scoring market gap",Official government — DAHD BAHS 2025,Missing,Official — DAHD BAHS 2025 Table 35,Not populated — requires Consumer Affairs price-series extraction,Not populated — Census/OGD layer to be joined,Not populated — OSM/Overpass business layer to be joined,Not populated — market/business geocoding layer to be joined,https://www.dahd.gov.in/schemes/programmes/animal-husbandry-statistics,https://www.data.gov.in/catalog/dailyweekly-retail-prices-milk,https://www.openstreetmap.org/,2026-09-28 web verification of source availability,Derived,Calculated from DAHD BAHS 2025 Table 35 official state and All-India totals,Milk production is official government data; blank market/competition/price fields are intentionally unfilled until their respective source datasets are joined.,61.45,57.6299,3.8201000000000036,All-India average; NOT local market price,2026-09-28,Department of Consumer Affairs - Price Monitoring System,REAL_OFFICIAL_REFERENCE
IN-DAIRY-0274,274,India,Bihar,,,State/UT,2018-19,2018-19,Milk,Milk,9818.1,000 tonnes,5.2294,All-India production share (%),32.17,,,,,,,,5,,,Pending local-data join,,,0,Not populated — needs local population/consumption/transactions,Not populated — needs OSM/Overpass or verified business directory,Not populated — government milk price series is separate,NOT LOCAL-MARKET COMPLETE,Cannot calculate until local competitors + local demand + local price are joined,"Join local competitor, population/demand and current price layers before scoring market gap",Official government — DAHD BAHS 2025,Missing,Official — DAHD BAHS 2025 Table 35,Not populated — requires Consumer Affairs price-series extraction,Not populated — Census/OGD layer to be joined,Not populated — OSM/Overpass business layer to be joined,Not populated — market/business geocoding layer to be joined,https://www.dahd.gov.in/schemes/programmes/animal-husbandry-statistics,https://www.data.gov.in/catalog/dailyweekly-retail-prices-milk,https://www.openstreetmap.org/,2026-09-28 web verification of source availability,Derived,Calculated from DAHD BAHS 2025 Table 35 official state and All-India totals,Milk production is official government data; blank market/competition/price fields are intentionally unfilled until their respective source datasets are joined.,61.45,57.6299,3.8201000000000036,All-India average; NOT local market price,2026-09-28,Department of Consumer Affairs - Price Monitoring System,REAL_OFFICIAL_REFERENCE
IN-DAIRY-0275,275,India,Bihar,,,State/UT,2019-20,2019-20,Milk,Milk,10480.33,000 tonnes,5.2814,All-India production share (%),32.89,,,,,,,,5,,,Pending local-data join,,,0,Not populated — needs local population/consumption/transactions,Not populated — needs OSM/Overpass or verified business directory,Not populated — government milk price series is separate,NOT LOCAL-MARKET COMPLETE,Cannot calculate until local competitors + local demand + local price are joined,"Join local competitor, population/demand and current price layers before scoring market gap",Official government — DAHD BAHS 2025,Missing,Official — DAHD BAHS 2025 Table 35,Not populated — requires Consumer Affairs price-series extraction,Not populated — Census/OGD layer to be joined,Not populated — OSM/Overpass business layer to be joined,Not populated — market/business geocoding layer to be joined,https://www.dahd.gov.in/schemes/programmes/animal-husbandry-statistics,https://www.data.gov.in/catalog/dailyweekly-retail-prices-milk,https://www.openstreetmap.org/,2026-09-28 web verification of source availability,Derived,Calculated from DAHD BAHS 2025 Table 35 official state and All-India totals,Milk production is official government data; blank market/competition/price fields are intentionally unfilled until their respective source datasets are joined.,61.45,57.6299,3.8201000000000036,All-India average; NOT local market price,2026-09-28,Department of Consumer Affairs - Price Monitoring System,REAL_OFFICIAL_REFERENCE
IN-DAIRY-0276,276,India,Bihar,,,State/UT,2020-21,2020-21,Milk,Milk,11501.58,000 tonnes,5.478,All-India production share (%),36.67,,,,,,,,5,,,Pending local-data join,,,0,Not populated — needs local population/consumption/transactions,Not populated — needs OSM/Overpass or verified business directory,Not populated — government milk price series is separate,NOT LOCAL-MARKET COMPLETE,Cannot calculate until local competitors + local demand + local price are joined,"Join local competitor, population/demand and current price layers before scoring market gap",Official government — DAHD BAHS 2025,Missing,Official — DAHD BAHS 2025 Table 35,Not populated — requires Consumer Affairs price-series extraction,Not populated — Census/OGD layer to be joined,Not populated — OSM/Overpass business layer to be joined,Not populated — market/business geocoding layer to be joined,https://www.dahd.gov.in/schemes/programmes/animal-husbandry-statistics,https://www.data.gov.in/catalog/dailyweekly-retail-prices-milk,https://www.openstreetmap.org/,2026-09-28 web verification of source availability,Derived,Calculated from DAHD BAHS 2025 Table 35 official state and All-India totals,Milk production is official government data; blank market/competition/price fields are intentionally unfilled until their respective source datasets are joined.,61.45,57.6299,3.8201000000000036,All-India average; NOT local market price,2026-09-28,Department of Consumer Affairs - Price Monitoring System,REAL_OFFICIAL_REFERENCE
IN-DAIRY-0277,277,India,Bihar,,,State/UT,2021-22,2021-22,Milk,Milk,12252.53,000 tonnes,5.5175,All-India production share (%),36.17,,,,,,,,5,,,Pending local-data join,,,0,Not populated — needs local population/consumption/transactions,Not populated — needs OSM/Overpass or verified business directory,Not populated — government milk price series is separate,NOT LOCAL-MARKET COMPLETE,Cannot calculate until local competitors + local demand + local price are joined,"Join local competitor, population/demand and current price layers before scoring market gap",Official government — DAHD BAHS 2025,Missing,Official — DAHD BAHS 2025 Table 35,Not populated — requires Consumer Affairs price-series extraction,Not populated — Census/OGD layer to be joined,Not populated — OSM/Overpass business layer to be joined,Not populated — market/business geocoding layer to be joined,https://www.dahd.gov.in/schemes/programmes/animal-husbandry-statistics,https://www.data.gov.in/catalog/dailyweekly-retail-prices-milk,https://www.openstreetmap.org/,2026-09-28 web verification of source availability,Derived,Calculated from DAHD BAHS 2025 Table 35 official state and All-India totals,Milk production is official government data; blank market/competition/price fields are intentionally unfilled until their respective source datasets are joined.,61.45,57.6299,3.8201000000000036,All-India average; NOT local market price,2026-09-28,Department of Consumer Affairs - Price Monitoring System,REAL_OFFICIAL_REFERENCE
IN-DAIRY-0278,278,India,Bihar,,,State/UT,2022-23,2022-23,Milk,Milk,12502.7,000 tonnes,5.4224,All-India production share (%),34.5,,,,,,,,5,,,Pending local-data join,,,0,Not populated — needs local population/consumption/transactions,Not populated — needs OSM/Overpass or verified business directory,Not populated — government milk price series is separate,NOT LOCAL-MARKET COMPLETE,Cannot calculate until local competitors + local demand + local price are joined,"Join local competitor, population/demand and current price layers before scoring market gap",Official government — DAHD BAHS 2025,Missing,Official — DAHD BAHS 2025 Table 35,Not populated — requires Consumer Affairs price-series extraction,Not populated — Census/OGD layer to be joined,Not populated — OSM/Overpass business layer to be joined,Not populated — market/business geocoding layer to be joined,https://www.dahd.gov.in/schemes/programmes/animal-husbandry-statistics,https://www.data.gov.in/catalog/dailyweekly-retail-prices-milk,https://www.openstreetmap.org/,2026-09-28 web verification of source availability,Derived,Calculated from DAHD BAHS 2025 Table 35 official state and All-India totals,Milk production is official government data; blank market/competition/price fields are intentionally unfilled until their respective source datasets are joined.,61.45,57.6299,3.8201000000000036,All-India average; NOT local market price,2026-09-28,Department of Consumer Affairs - Price Monitoring System,REAL_OFFICIAL_REFERENCE
IN-DAIRY-0279,279,India,Bihar,,,State/UT,2023-24,2023-24,Milk,Milk,12852.99,000 tonnes,5.3711,All-India production share (%),33.14,,,,,,,,5,,,Pending local-data join,,,0,Not populated — needs local population/consumption/transactions,Not populated — needs OSM/Overpass or verified business directory,Not populated — government milk price series is separate,NOT LOCAL-MARKET COMPLETE,Cannot calculate until local competitors + local demand + local price are joined,"Join local competitor, population/demand and current price layers before scoring market gap",Official government — DAHD BAHS 2025,Missing,Official — DAHD BAHS 2025 Table 35,Not populated — requires Consumer Affairs price-series extraction,Not populated — Census/OGD layer to be joined,Not populated — OSM/Overpass business layer to be joined,Not populated — market/business geocoding layer to be joined,https://www.dahd.gov.in/schemes/programmes/animal-husbandry-statistics,https://www.data.gov.in/catalog/dailyweekly-retail-prices-milk,https://www.openstreetmap.org/,2026-09-28 web verification of source availability,Derived,Calculated from DAHD BAHS 2025 Table 35 official state and All-India totals,Milk production is official government data; blank market/competition/price fields are intentionally unfilled until their respective source datasets are joined.,61.45,57.6299,3.8201000000000036,All-India average; NOT local market price,2026-09-28,Department of Consumer Affairs - Price Monitoring System,REAL_OFFICIAL_REFERENCE
IN-DAIRY-0280,280,India,Bihar,,,State/UT,2024-25,2024-25,Milk,Milk,13397.69,000 tonnes,5.4051,All-India production share (%),34.52,,,,,,,,5,,,Pending local-data join,,,0,Not populated — needs local population/consumption/transactions,Not populated — needs OSM/Overpass or verified business directory,Not populated — government milk price series is separate,NOT LOCAL-MARKET COMPLETE,Cannot calculate until local competitors + local demand + local price are joined,"Join local competitor, population/demand and current price layers before scoring market gap",Official government — DAHD BAHS 2025,Missing,Official — DAHD BAHS 2025 Table 35,Not populated — requires Consumer Affairs price-series extraction,Not populated — Census/OGD layer to be joined,Not populated — OSM/Overpass business layer to be joined,Not populated — market/business geocoding layer to be joined,https://www.dahd.gov.in/schemes/programmes/animal-husbandry-statistics,https://www.data.gov.in/catalog/dailyweekly-retail-prices-milk,https://www.openstreetmap.org/,2026-09-28 web verification of source availability,Derived,Calculated from DAHD BAHS 2025 Table 35 official state and All-India totals,Milk production is official government data; blank market/competition/price fields are intentionally unfilled until their respective source datasets are joined.,61.45,57.6299,3.8201000000000036,All-India average; NOT local market price,2026-09-28,Department of Consumer Affairs - Price Monitoring System,REAL_OFFICIAL_REFERENCE
IN-DAIRY-0281,281,India,Chhattisgarh,,,State/UT,2018-19,2018-19,Milk,Milk,1566.88,000 tonnes,0.8346,All-India production share (%),5.13,,,,,,,,5,,,Pending local-data join,,,0,Not populated — needs local population/consumption/transactions,Not populated — needs OSM/Overpass or verified business directory,Not populated — government milk price series is separate,NOT LOCAL-MARKET COMPLETE,Cannot calculate until local competitors + local demand + local price are joined,"Join local competitor, population/demand and current price layers before scoring market gap",Official government — DAHD BAHS 2025,Missing,Official — DAHD BAHS 2025 Table 35,Not populated — requires Consumer Affairs price-series extraction,Not populated — Census/OGD layer to be joined,Not populated — OSM/Overpass business layer to be joined,Not populated — market/business geocoding layer to be joined,https://www.dahd.gov.in/schemes/programmes/animal-husbandry-statistics,https://www.data.gov.in/catalog/dailyweekly-retail-prices-milk,https://www.openstreetmap.org/,2026-09-28 web verification of source availability,Derived,Calculated from DAHD BAHS 2025 Table 35 official state and All-India totals,Milk production is official government data; blank market/competition/price fields are intentionally unfilled until their respective source datasets are joined.,61.45,57.6299,3.8201000000000036,All-India average; NOT local market price,2026-09-28,Department of Consumer Affairs - Price Monitoring System,REAL_OFFICIAL_REFERENCE
IN-DAIRY-0282,282,India,Chhattisgarh,,,State/UT,2019-20,2019-20,Milk,Milk,1675.56,000 tonnes,0.8444,All-India production share (%),5.25,,,,,,,,5,,,Pending local-data join,,,0,Not populated — needs local population/consumption/transactions,Not populated — needs OSM/Overpass or verified business directory,Not populated — government milk price series is separate,NOT LOCAL-MARKET COMPLETE,Cannot calculate until local competitors + local demand + local price are joined,"Join local competitor, population/demand and current price layers before scoring market gap",Official government — DAHD BAHS 2025,Missing,Official — DAHD BAHS 2025 Table 35,Not populated — requires Consumer Affairs price-series extraction,Not populated — Census/OGD layer to be joined,Not populated — OSM/Overpass business layer to be joined,Not populated — market/business geocoding layer to be joined,https://www.dahd.gov.in/schemes/programmes/animal-husbandry-statistics,https://www.data.gov.in/catalog/dailyweekly-retail-prices-milk,https://www.openstreetmap.org/,2026-09-28 web verification of source availability,Derived,Calculated from DAHD BAHS 2025 Table 35 official state and All-India totals,Milk production is official government data; blank market/competition/price fields are intentionally unfilled until their respective source datasets are joined.,61.45,57.6299,3.8201000000000036,All-India average; NOT local market price,2026-09-28,Department of Consumer Affairs - Price Monitoring System,REAL_OFFICIAL_REFERENCE
IN-DAIRY-0283,283,India,Chhattisgarh,,,State/UT,2020-21,2020-21,Milk,Milk,1747.28,000 tonnes,0.8322,All-India production share (%),5.57,,,,,,,,5,,,Pending local-data join,,,0,Not populated — needs local population/consumption/transactions,Not populated — needs OSM/Overpass or verified business directory,Not populated — government milk price series is separate,NOT LOCAL-MARKET COMPLETE,Cannot calculate until local competitors + local demand + local price are joined,"Join local competitor, population/demand and current price layers before scoring market gap",Official government — DAHD BAHS 2025,Missing,Official — DAHD BAHS 2025 Table 35,Not populated — requires Consumer Affairs price-series extraction,Not populated — Census/OGD layer to be joined,Not populated — OSM/Overpass business layer to be joined,Not populated — market/business geocoding layer to be joined,https://www.dahd.gov.in/schemes/programmes/animal-husbandry-statistics,https://www.data.gov.in/catalog/dailyweekly-retail-prices-milk,https://www.openstreetmap.org/,2026-09-28 web verification of source availability,Derived,Calculated from DAHD BAHS 2025 Table 35 official state and All-India totals,Milk production is official government data; blank market/competition/price fields are intentionally unfilled until their respective source datasets are joined.,61.45,57.6299,3.8201000000000036,All-India average; NOT local market price,2026-09-28,Department of Consumer Affairs - Price Monitoring System,REAL_OFFICIAL_REFERENCE
IN-DAIRY-0284,284,India,Chhattisgarh,,,State/UT,2021-22,2021-22,Milk,Milk,1848.35,000 tonnes,0.8323,All-India production share (%),5.46,,,,,,,,5,,,Pending local-data join,,,0,Not populated — needs local population/consumption/transactions,Not populated — needs OSM/Overpass or verified business directory,Not populated — government milk price series is separate,NOT LOCAL-MARKET COMPLETE,Cannot calculate until local competitors + local demand + local price are joined,"Join local competitor, population/demand and current price layers before scoring market gap",Official government — DAHD BAHS 2025,Missing,Official — DAHD BAHS 2025 Table 35,Not populated — requires Consumer Affairs price-series extraction,Not populated — Census/OGD layer to be joined,Not populated — OSM/Overpass business layer to be joined,Not populated — market/business geocoding layer to be joined,https://www.dahd.gov.in/schemes/programmes/animal-husbandry-statistics,https://www.data.gov.in/catalog/dailyweekly-retail-prices-milk,https://www.openstreetmap.org/,2026-09-28 web verification of source availability,Derived,Calculated from DAHD BAHS 2025 Table 35 official state and All-India totals,Milk production is official government data; blank market/competition/price fields are intentionally unfilled until their respective source datasets are joined.,61.45,57.6299,3.8201000000000036,All-India average; NOT local market price,2026-09-28,Department of Consumer Affairs - Price Monitoring System,REAL_OFFICIAL_REFERENCE
IN-DAIRY-0285,285,India,Chhattisgarh,,,State/UT,2022-23,2022-23,Milk,Milk,1955.51,000 tonnes,0.8481,All-India production share (%),5.39,,,,,,,,5,,,Pending local-data join,,,0,Not populated — needs local population/consumption/transactions,Not populated — needs OSM/Overpass or verified business directory,Not populated — government milk price series is separate,NOT LOCAL-MARKET COMPLETE,Cannot calculate until local competitors + local demand + local price are joined,"Join local competitor, population/demand and current price layers before scoring market gap",Official government — DAHD BAHS 2025,Missing,Official — DAHD BAHS 2025 Table 35,Not populated — requires Consumer Affairs price-series extraction,Not populated — Census/OGD layer to be joined,Not populated — OSM/Overpass business layer to be joined,Not populated — market/business geocoding layer to be joined,https://www.dahd.gov.in/schemes/programmes/animal-husbandry-statistics,https://www.data.gov.in/catalog/dailyweekly-retail-prices-milk,https://www.openstreetmap.org/,2026-09-28 web verification of source availability,Derived,Calculated from DAHD BAHS 2025 Table 35 official state and All-India totals,Milk production is official government data; blank market/competition/price fields are intentionally unfilled until their respective source datasets are joined.,61.45,57.6299,3.8201000000000036,All-India average; NOT local market price,2026-09-28,Department of Consumer Affairs - Price Monitoring System,REAL_OFFICIAL_REFERENCE
IN-DAIRY-0286,286,India,Chhattisgarh,,,State/UT,2023-24,2023-24,Milk,Milk,2124.03,000 tonnes,0.8876,All-India production share (%),5.48,,,,,,,,5,,,Pending local-data join,,,0,Not populated — needs local population/consumption/transactions,Not populated — needs OSM/Overpass or verified business directory,Not populated — government milk price series is separate,NOT LOCAL-MARKET COMPLETE,Cannot calculate until local competitors + local demand + local price are joined,"Join local competitor, population/demand and current price layers before scoring market gap",Official government — DAHD BAHS 2025,Missing,Official — DAHD BAHS 2025 Table 35,Not populated — requires Consumer Affairs price-series extraction,Not populated — Census/OGD layer to be joined,Not populated — OSM/Overpass business layer to be joined,Not populated — market/business geocoding layer to be joined,https://www.dahd.gov.in/schemes/programmes/animal-husbandry-statistics,https://www.data.gov.in/catalog/dailyweekly-retail-prices-milk,https://www.openstreetmap.org/,2026-09-28 web verification of source availability,Derived,Calculated from DAHD BAHS 2025 Table 35 official state and All-India totals,Milk production is official government data; blank market/competition/price fields are intentionally unfilled until their respective source datasets are joined.,61.45,57.6299,3.8201000000000036,All-India average; NOT local market price,2026-09-28,Department of Consumer Affairs - Price Monitoring System,REAL_OFFICIAL_REFERENCE
IN-DAIRY-0287,287,India,Chhattisgarh,,,State/UT,2024-25,2024-25,Milk,Milk,2162.16,000 tonnes,0.8723,All-India production share (%),5.57,,,,,,,,5,,,Pending local-data join,,,0,Not populated — needs local population/consumption/transactions,Not populated — needs OSM/Overpass or verified business directory,Not populated — government milk price series is separate,NOT LOCAL-MARKET COMPLETE,Cannot calculate until local competitors + local demand + local price are joined,"Join local competitor, population/demand and current price layers before scoring market gap",Official government — DAHD BAHS 2025,Missing,Official — DAHD BAHS 2025 Table 35,Not populated — requires Consumer Affairs price-series extraction,Not populated — Census/OGD layer to be joined,Not populated — OSM/Overpass business layer to be joined,Not populated — market/business geocoding layer to be joined,https://www.dahd.gov.in/schemes/programmes/animal-husbandry-statistics,https://www.data.gov.in/catalog/dailyweekly-retail-prices-milk,https://www.openstreetmap.org/,2026-09-28 web verification of source availability,Derived,Calculated from DAHD BAHS 2025 Table 35 official state and All-India totals,Milk production is official government data; blank market/competition/price fields are intentionally unfilled until their respective source datasets are joined.,61.45,57.6299,3.8201000000000036,All-India average; NOT local market price,2026-09-28,Department of Consumer Affairs - Price Monitoring System,REAL_OFFICIAL_REFERENCE
IN-DAIRY-0288,288,India,Goa,,,State/UT,2018-19,2018-19,Milk,Milk,57.17,000 tonnes,0.0305,All-India production share (%),0.18,,,,,,,,5,,,Pending local-data join,,,0,Not populated — needs local population/consumption/transactions,Not populated — needs OSM/Overpass or verified business directory,Not populated — government milk price series is separate,NOT LOCAL-MARKET COMPLETE,Cannot calculate until local competitors + local demand + local price are joined,"Join local competitor, population/demand and current price layers before scoring market gap",Official government — DAHD BAHS 2025,Missing,Official — DAHD BAHS 2025 Table 35,Not populated — requires Consumer Affairs price-series extraction,Not populated — Census/OGD layer to be joined,Not populated — OSM/Overpass business layer to be joined,Not populated — market/business geocoding layer to be joined,https://www.dahd.gov.in/schemes/programmes/animal-husbandry-statistics,https://www.data.gov.in/catalog/dailyweekly-retail-prices-milk,https://www.openstreetmap.org/,2026-09-28 web verification of source availability,Derived,Calculated from DAHD BAHS 2025 Table 35 official state and All-India totals,Milk production is official government data; blank market/competition/price fields are intentionally unfilled until their respective source datasets are joined.,61.45,57.6299,3.8201000000000036,All-India average; NOT local market price,2026-09-28,Department of Consumer Affairs - Price Monitoring System,REAL_OFFICIAL_REFERENCE
IN-DAIRY-0289,289,India,Goa,,,State/UT,2019-20,2019-20,Milk,Milk,61.43,000 tonnes,0.031,All-India production share (%),0.19,,,,,,,,5,,,Pending local-data join,,,0,Not populated — needs local population/consumption/transactions,Not populated — needs OSM/Overpass or verified business directory,Not populated — government milk price series is separate,NOT LOCAL-MARKET COMPLETE,Cannot calculate until local competitors + local demand + local price are joined,"Join local competitor, population/demand and current price layers before scoring market gap",Official government — DAHD BAHS 2025,Missing,Official — DAHD BAHS 2025 Table 35,Not populated — requires Consumer Affairs price-series extraction,Not populated — Census/OGD layer to be joined,Not populated — OSM/Overpass business layer to be joined,Not populated — market/business geocoding layer to be joined,https://www.dahd.gov.in/schemes/programmes/animal-husbandry-statistics,https://www.data.gov.in/catalog/dailyweekly-retail-prices-milk,https://www.openstreetmap.org/,2026-09-28 web verification of source availability,Derived,Calculated from DAHD BAHS 2025 Table 35 official state and All-India totals,Milk production is official government data; blank market/competition/price fields are intentionally unfilled until their respective source datasets are joined.,61.45,57.6299,3.8201000000000036,All-India average; NOT local market price,2026-09-28,Department of Consumer Affairs - Price Monitoring System,REAL_OFFICIAL_REFERENCE
IN-DAIRY-0290,290,India,Goa,,,State/UT,2020-21,2020-21,Milk,Milk,60.14,000 tonnes,0.0286,All-India production share (%),0.19,,,,,,,,5,,,Pending local-data join,,,0,Not populated — needs local population/consumption/transactions,Not populated — needs OSM/Overpass or verified business directory,Not populated — government milk price series is separate,NOT LOCAL-MARKET COMPLETE,Cannot calculate until local competitors + local demand + local price are joined,"Join local competitor, population/demand and current price layers before scoring market gap",Official government — DAHD BAHS 2025,Missing,Official — DAHD BAHS 2025 Table 35,Not populated — requires Consumer Affairs price-series extraction,Not populated — Census/OGD layer to be joined,Not populated — OSM/Overpass business layer to be joined,Not populated — market/business geocoding layer to be joined,https://www.dahd.gov.in/schemes/programmes/animal-husbandry-statistics,https://www.data.gov.in/catalog/dailyweekly-retail-prices-milk,https://www.openstreetmap.org/,2026-09-28 web verification of source availability,Derived,Calculated from DAHD BAHS 2025 Table 35 official state and All-India totals,Milk production is official government data; blank market/competition/price fields are intentionally unfilled until their respective source datasets are joined.,61.45,57.6299,3.8201000000000036,All-India average; NOT local market price,2026-09-28,Department of Consumer Affairs - Price Monitoring System,REAL_OFFICIAL_REFERENCE
IN-DAIRY-0291,291,India,Goa,,,State/UT,2021-22,2021-22,Milk,Milk,63.21,000 tonnes,0.0285,All-India production share (%),0.19,,,,,,,,5,,,Pending local-data join,,,0,Not populated — needs local population/consumption/transactions,Not populated — needs OSM/Overpass or verified business directory,Not populated — government milk price series is separate,NOT LOCAL-MARKET COMPLETE,Cannot calculate until local competitors + local demand + local price are joined,"Join local competitor, population/demand and current price layers before scoring market gap",Official government — DAHD BAHS 2025,Missing,Official — DAHD BAHS 2025 Table 35,Not populated — requires Consumer Affairs price-series extraction,Not populated — Census/OGD layer to be joined,Not populated — OSM/Overpass business layer to be joined,Not populated — market/business geocoding layer to be joined,https://www.dahd.gov.in/schemes/programmes/animal-husbandry-statistics,https://www.data.gov.in/catalog/dailyweekly-retail-prices-milk,https://www.openstreetmap.org/,2026-09-28 web verification of source availability,Derived,Calculated from DAHD BAHS 2025 Table 35 official state and All-India totals,Milk production is official government data; blank market/competition/price fields are intentionally unfilled until their respective source datasets are joined.,61.45,57.6299,3.8201000000000036,All-India average; NOT local market price,2026-09-28,Department of Consumer Affairs - Price Monitoring System,REAL_OFFICIAL_REFERENCE
IN-DAIRY-0292,292,India,Goa,,,State/UT,2022-23,2022-23,Milk,Milk,64.18,000 tonnes,0.0278,All-India production share (%),0.18,,,,,,,,5,,,Pending local-data join,,,0,Not populated — needs local population/consumption/transactions,Not populated — needs OSM/Overpass or verified business directory,Not populated — government milk price series is separate,NOT LOCAL-MARKET COMPLETE,Cannot calculate until local competitors + local demand + local price are joined,"Join local competitor, population/demand and current price layers before scoring market gap",Official government — DAHD BAHS 2025,Missing,Official — DAHD BAHS 2025 Table 35,Not populated — requires Consumer Affairs price-series extraction,Not populated — Census/OGD layer to be joined,Not populated — OSM/Overpass business layer to be joined,Not populated — market/business geocoding layer to be joined,https://www.dahd.gov.in/schemes/programmes/animal-husbandry-statistics,https://www.data.gov.in/catalog/dailyweekly-retail-prices-milk,https://www.openstreetmap.org/,2026-09-28 web verification of source availability,Derived,Calculated from DAHD BAHS 2025 Table 35 official state and All-India totals,Milk production is official government data; blank market/competition/price fields are intentionally unfilled until their respective source datasets are joined.,61.45,57.6299,3.8201000000000036,All-India average; NOT local market price,2026-09-28,Department of Consumer Affairs - Price Monitoring System,REAL_OFFICIAL_REFERENCE
IN-DAIRY-0293,293,India,Goa,,,State/UT,2023-24,2023-24,Milk,Milk,63.66,000 tonnes,0.0266,All-India production share (%),0.16,,,,,,,,5,,,Pending local-data join,,,0,Not populated — needs local population/consumption/transactions,Not populated — needs OSM/Overpass or verified business directory,Not populated — government milk price series is separate,NOT LOCAL-MARKET COMPLETE,Cannot calculate until local competitors + local demand + local price are joined,"Join local competitor, population/demand and current price layers before scoring market gap",Official government — DAHD BAHS 2025,Missing,Official — DAHD BAHS 2025 Table 35,Not populated — requires Consumer Affairs price-series extraction,Not populated — Census/OGD layer to be joined,Not populated — OSM/Overpass business layer to be joined,Not populated — market/business geocoding layer to be joined,https://www.dahd.gov.in/schemes/programmes/animal-husbandry-statistics,https://www.data.gov.in/catalog/dailyweekly-retail-prices-milk,https://www.openstreetmap.org/,2026-09-28 web verification of source availability,Derived,Calculated from DAHD BAHS 2025 Table 35 official state and All-India totals,Milk production is official government data; blank market/competition/price fields are intentionally unfilled until their respective source datasets are joined.,61.45,57.6299,3.8201000000000036,All-India average; NOT local market price,2026-09-28,Department of Consumer Affairs - Price Monitoring System,REAL_OFFICIAL_REFERENCE
IN-DAIRY-0294,294,India,Goa,,,State/UT,2024-25,2024-25,Milk,Milk,67.39,000 tonnes,0.0272,All-India production share (%),0.17,,,,,,,,5,,,Pending local-data join,,,0,Not populated — needs local population/consumption/transactions,Not populated — needs OSM/Overpass or verified business directory,Not populated — government milk price series is separate,NOT LOCAL-MARKET COMPLETE,Cannot calculate until local competitors + local demand + local price are joined,"Join local competitor, population/demand and current price layers before scoring market gap",Official government — DAHD BAHS 2025,Missing,Official — DAHD BAHS 2025 Table 35,Not populated — requires Consumer Affairs price-series extraction,Not populated — Census/OGD layer to be joined,Not populated — OSM/Overpass business layer to be joined,Not populated — market/business geocoding layer to be joined,https://www.dahd.gov.in/schemes/programmes/animal-husbandry-statistics,https://www.data.gov.in/catalog/dailyweekly-retail-prices-milk,https://www.openstreetmap.org/,2026-09-28 web verification of source availability,Derived,Calculated from DAHD BAHS 2025 Table 35 official state and All-India totals,Milk production is official government data; blank market/competition/price fields are intentionally unfilled until their respective source datasets are joined.,61.45,57.6299,3.8201000000000036,All-India average; NOT local market price,2026-09-28,Department of Consumer Affairs - Price Monitoring System,REAL_OFFICIAL_REFERENCE
IN-DAIRY-0295,295,India,Gujarat,,,State/UT,2018-19,2018-19,Milk,Milk,14492.77,000 tonnes,7.7192,All-India production share (%),47.49,,,,,,,,5,,,Pending local-data join,,,0,Not populated — needs local population/consumption/transactions,Not populated — needs OSM/Overpass or verified business directory,Not populated — government milk price series is separate,NOT LOCAL-MARKET COMPLETE,Cannot calculate until local competitors + local demand + local price are joined,"Join local competitor, population/demand and current price layers before scoring market gap",Official government — DAHD BAHS 2025,Missing,Official — DAHD BAHS 2025 Table 35,Not populated — requires Consumer Affairs price-series extraction,Not populated — Census/OGD layer to be joined,Not populated — OSM/Overpass business layer to be joined,Not populated — market/business geocoding layer to be joined,https://www.dahd.gov.in/schemes/programmes/animal-husbandry-statistics,https://www.data.gov.in/catalog/dailyweekly-retail-prices-milk,https://www.openstreetmap.org/,2026-09-28 web verification of source availability,Derived,Calculated from DAHD BAHS 2025 Table 35 official state and All-India totals,Milk production is official government data; blank market/competition/price fields are intentionally unfilled until their respective source datasets are joined.,61.45,57.6299,3.8201000000000036,All-India average; NOT local market price,2026-09-28,Department of Consumer Affairs - Price Monitoring System,REAL_OFFICIAL_REFERENCE
IN-DAIRY-0296,296,India,Gujarat,,,State/UT,2019-20,2019-20,Milk,Milk,15292.35,000 tonnes,7.7063,All-India production share (%),47.99,,,,,,,,5,,,Pending local-data join,,,0,Not populated — needs local population/consumption/transactions,Not populated — needs OSM/Overpass or verified business directory,Not populated — government milk price series is separate,NOT LOCAL-MARKET COMPLETE,Cannot calculate until local competitors + local demand + local price are joined,"Join local competitor, population/demand and current price layers before scoring market gap",Official government — DAHD BAHS 2025,Missing,Official — DAHD BAHS 2025 Table 35,Not populated — requires Consumer Affairs price-series extraction,Not populated — Census/OGD layer to be joined,Not populated — OSM/Overpass business layer to be joined,Not populated — market/business geocoding layer to be joined,https://www.dahd.gov.in/schemes/programmes/animal-husbandry-statistics,https://www.data.gov.in/catalog/dailyweekly-retail-prices-milk,https://www.openstreetmap.org/,2026-09-28 web verification of source availability,Derived,Calculated from DAHD BAHS 2025 Table 35 official state and All-India totals,Milk production is official government data; blank market/competition/price fields are intentionally unfilled until their respective source datasets are joined.,61.45,57.6299,3.8201000000000036,All-India average; NOT local market price,2026-09-28,Department of Consumer Affairs - Price Monitoring System,REAL_OFFICIAL_REFERENCE
IN-DAIRY-0297,297,India,Gujarat,,,State/UT,2020-21,2020-21,Milk,Milk,15852.69,000 tonnes,7.5503,All-India production share (%),50.55,,,,,,,,5,,,Pending local-data join,,,0,Not populated — needs local population/consumption/transactions,Not populated — needs OSM/Overpass or verified business directory,Not populated — government milk price series is separate,NOT LOCAL-MARKET COMPLETE,Cannot calculate until local competitors + local demand + local price are joined,"Join local competitor, population/demand and current price layers before scoring market gap",Official government — DAHD BAHS 2025,Missing,Official — DAHD BAHS 2025 Table 35,Not populated — requires Consumer Affairs price-series extraction,Not populated — Census/OGD layer to be joined,Not populated — OSM/Overpass business layer to be joined,Not populated — market/business geocoding layer to be joined,https://www.dahd.gov.in/schemes/programmes/animal-husbandry-statistics,https://www.data.gov.in/catalog/dailyweekly-retail-prices-milk,https://www.openstreetmap.org/,2026-09-28 web verification of source availability,Derived,Calculated from DAHD BAHS 2025 Table 35 official state and All-India totals,Milk production is official government data; blank market/competition/price fields are intentionally unfilled until their respective source datasets are joined.,61.45,57.6299,3.8201000000000036,All-India average; NOT local market price,2026-09-28,Department of Consumer Affairs - Price Monitoring System,REAL_OFFICIAL_REFERENCE
IN-DAIRY-0298,298,India,Gujarat,,,State/UT,2021-22,2021-22,Milk,Milk,16722.11,000 tonnes,7.5302,All-India production share (%),49.37,,,,,,,,5,,,Pending local-data join,,,0,Not populated — needs local population/consumption/transactions,Not populated — needs OSM/Overpass or verified business directory,Not populated — government milk price series is separate,NOT LOCAL-MARKET COMPLETE,Cannot calculate until local competitors + local demand + local price are joined,"Join local competitor, population/demand and current price layers before scoring market gap",Official government — DAHD BAHS 2025,Missing,Official — DAHD BAHS 2025 Table 35,Not populated — requires Consumer Affairs price-series extraction,Not populated — Census/OGD layer to be joined,Not populated — OSM/Overpass business layer to be joined,Not populated — market/business geocoding layer to be joined,https://www.dahd.gov.in/schemes/programmes/animal-husbandry-statistics,https://www.data.gov.in/catalog/dailyweekly-retail-prices-milk,https://www.openstreetmap.org/,2026-09-28 web verification of source availability,Derived,Calculated from DAHD BAHS 2025 Table 35 official state and All-India totals,Milk production is official government data; blank market/competition/price fields are intentionally unfilled until their respective source datasets are joined.,61.45,57.6299,3.8201000000000036,All-India average; NOT local market price,2026-09-28,Department of Consumer Affairs - Price Monitoring System,REAL_OFFICIAL_REFERENCE
IN-DAIRY-0299,299,India,Gujarat,,,State/UT,2022-23,2022-23,Milk,Milk,17280.57,000 tonnes,7.4945,All-India production share (%),47.68,,,,,,,,5,,,Pending local-data join,,,0,Not populated — needs local population/consumption/transactions,Not populated — needs OSM/Overpass or verified business directory,Not populated — government milk price series is separate,NOT LOCAL-MARKET COMPLETE,Cannot calculate until local competitors + local demand + local price are joined,"Join local competitor, population/demand and current price layers before scoring market gap",Official government — DAHD BAHS 2025,Missing,Official — DAHD BAHS 2025 Table 35,Not populated — requires Consumer Affairs price-series extraction,Not populated — Census/OGD layer to be joined,Not populated — OSM/Overpass business layer to be joined,Not populated — market/business geocoding layer to be joined,https://www.dahd.gov.in/schemes/programmes/animal-husbandry-statistics,https://www.data.gov.in/catalog/dailyweekly-retail-prices-milk,https://www.openstreetmap.org/,2026-09-28 web verification of source availability,Derived,Calculated from DAHD BAHS 2025 Table 35 official state and All-India totals,Milk production is official government data; blank market/competition/price fields are intentionally unfilled until their respective source datasets are joined.,61.45,57.6299,3.8201000000000036,All-India average; NOT local market price,2026-09-28,Department of Consumer Affairs - Price Monitoring System,REAL_OFFICIAL_REFERENCE
IN-DAIRY-0300,300,India,Gujarat,,,State/UT,2023-24,2023-24,Milk,Milk,18311.8,000 tonnes,7.6523,All-India production share (%),47.22,,,,,,,,5,,,Pending local-data join,,,0,Not populated — needs local population/consumption/transactions,Not populated — needs OSM/Overpass or verified business directory,Not populated — government milk price series is separate,NOT LOCAL-MARKET COMPLETE,Cannot calculate until local competitors + local demand + local price are joined,"Join local competitor, population/demand and current price layers before scoring market gap",Official government — DAHD BAHS 2025,Missing,Official — DAHD BAHS 2025 Table 35,Not populated — requires Consumer Affairs price-series extraction,Not populated — Census/OGD layer to be joined,Not populated — OSM/Overpass business layer to be joined,Not populated — market/business geocoding layer to be joined,https://www.dahd.gov.in/schemes/programmes/animal-husbandry-statistics,https://www.data.gov.in/catalog/dailyweekly-retail-prices-milk,https://www.openstreetmap.org/,2026-09-28 web verification of source availability,Derived,Calculated from DAHD BAHS 2025 Table 35 official state and All-India totals,Milk production is official government data; blank market/competition/price fields are intentionally unfilled until their respective source datasets are joined.,61.45,57.6299,3.8201000000000036,All-India average; NOT local market price,2026-09-28,Department of Consumer Affairs - Price Monitoring System,REAL_OFFICIAL_REFERENCE
IN-DAIRY-0301,301,India,Gujarat,,,State/UT,2024-25,2024-25,Milk,Milk,19293.64,000 tonnes,7.7838,All-India production share (%),49.71,,,,,,,,5,,,Pending local-data join,,,0,Not populated — needs local population/consumption/transactions,Not populated — needs OSM/Overpass or verified business directory,Not populated — government milk price series is separate,NOT LOCAL-MARKET COMPLETE,Cannot calculate until local competitors + local demand + local price are joined,"Join local competitor, population/demand and current price layers before scoring market gap",Official government — DAHD BAHS 2025,Missing,Official — DAHD BAHS 2025 Table 35,Not populated — requires Consumer Affairs price-series extraction,Not populated — Census/OGD layer to be joined,Not populated — OSM/Overpass business layer to be joined,Not populated — market/business geocoding layer to be joined,https://www.dahd.gov.in/schemes/programmes/animal-husbandry-statistics,https://www.data.gov.in/catalog/dailyweekly-retail-prices-milk,https://www.openstreetmap.org/,2026-09-28 web verification of source availability,Derived,Calculated from DAHD BAHS 2025 Table 35 official state and All-India totals,Milk production is official government data; blank market/competition/price fields are intentionally unfilled until their respective source datasets are joined.,61.45,57.6299,3.8201000000000036,All-India average; NOT local market price,2026-09-28,Department of Consumer Affairs - Price Monitoring System,REAL_OFFICIAL_REFERENCE
IN-DAIRY-0302,302,India,Haryana,,,State/UT,2018-19,2018-19,Milk,Milk,10726.09,000 tonnes,5.713,All-India production share (%),35.14,,,,,,,,5,,,Pending local-data join,,,0,Not populated — needs local population/consumption/transactions,Not populated — needs OSM/Overpass or verified business directory,Not populated — government milk price series is separate,NOT LOCAL-MARKET COMPLETE,Cannot calculate until local competitors + local demand + local price are joined,"Join local competitor, population/demand and current price layers before scoring market gap",Official government — DAHD BAHS 2025,Missing,Official — DAHD BAHS 2025 Table 35,Not populated — requires Consumer Affairs price-series extraction,Not populated — Census/OGD layer to be joined,Not populated — OSM/Overpass business layer to be joined,Not populated — market/business geocoding layer to be joined,https://www.dahd.gov.in/schemes/programmes/animal-husbandry-statistics,https://www.data.gov.in/catalog/dailyweekly-retail-prices-milk,https://www.openstreetmap.org/,2026-09-28 web verification of source availability,Derived,Calculated from DAHD BAHS 2025 Table 35 official state and All-India totals,Milk production is official government data; blank market/competition/price fields are intentionally unfilled until their respective source datasets are joined.,61.45,57.6299,3.8201000000000036,All-India average; NOT local market price,2026-09-28,Department of Consumer Affairs - Price Monitoring System,REAL_OFFICIAL_REFERENCE
IN-DAIRY-0303,303,India,Haryana,,,State/UT,2019-20,2019-20,Milk,Milk,11734.72,000 tonnes,5.9135,All-India production share (%),36.83,,,,,,,,5,,,Pending local-data join,,,0,Not populated — needs local population/consumption/transactions,Not populated — needs OSM/Overpass or verified business directory,Not populated — government milk price series is separate,NOT LOCAL-MARKET COMPLETE,Cannot calculate until local competitors + local demand + local price are joined,"Join local competitor, population/demand and current price layers before scoring market gap",Official government — DAHD BAHS 2025,Missing,Official — DAHD BAHS 2025 Table 35,Not populated — requires Consumer Affairs price-series extraction,Not populated — Census/OGD layer to be joined,Not populated — OSM/Overpass business layer to be joined,Not populated — market/business geocoding layer to be joined,https://www.dahd.gov.in/schemes/programmes/animal-husbandry-statistics,https://www.data.gov.in/catalog/dailyweekly-retail-prices-milk,https://www.openstreetmap.org/,2026-09-28 web verification of source availability,Derived,Calculated from DAHD BAHS 2025 Table 35 official state and All-India totals,Milk production is official government data; blank market/competition/price fields are intentionally unfilled until their respective source datasets are joined.,61.45,57.6299,3.8201000000000036,All-India average; NOT local market price,2026-09-28,Department of Consumer Affairs - Price Monitoring System,REAL_OFFICIAL_REFERENCE
IN-DAIRY-0304,304,India,Haryana,,,State/UT,2020-21,2020-21,Milk,Milk,11283.55,000 tonnes,5.3741,All-India production share (%),35.98,,,,,,,,5,,,Pending local-data join,,,0,Not populated — needs local population/consumption/transactions,Not populated — needs OSM/Overpass or verified business directory,Not populated — government milk price series is separate,NOT LOCAL-MARKET COMPLETE,Cannot calculate until local competitors + local demand + local price are joined,"Join local competitor, population/demand and current price layers before scoring market gap",Official government — DAHD BAHS 2025,Missing,Official — DAHD BAHS 2025 Table 35,Not populated — requires Consumer Affairs price-series extraction,Not populated — Census/OGD layer to be joined,Not populated — OSM/Overpass business layer to be joined,Not populated — market/business geocoding layer to be joined,https://www.dahd.gov.in/schemes/programmes/animal-husbandry-statistics,https://www.data.gov.in/catalog/dailyweekly-retail-prices-milk,https://www.openstreetmap.org/,2026-09-28 web verification of source availability,Derived,Calculated from DAHD BAHS 2025 Table 35 official state and All-India totals,Milk production is official government data; blank market/competition/price fields are intentionally unfilled until their respective source datasets are joined.,61.45,57.6299,3.8201000000000036,All-India average; NOT local market price,2026-09-28,Department of Consumer Affairs - Price Monitoring System,REAL_OFFICIAL_REFERENCE
IN-DAIRY-0305,305,India,Haryana,,,State/UT,2021-22,2021-22,Milk,Milk,11629.52,000 tonnes,5.2369,All-India production share (%),34.33,,,,,,,,5,,,Pending local-data join,,,0,Not populated — needs local population/consumption/transactions,Not populated — needs OSM/Overpass or verified business directory,Not populated — government milk price series is separate,NOT LOCAL-MARKET COMPLETE,Cannot calculate until local competitors + local demand + local price are joined,"Join local competitor, population/demand and current price layers before scoring market gap",Official government — DAHD BAHS 2025,Missing,Official — DAHD BAHS 2025 Table 35,Not populated — requires Consumer Affairs price-series extraction,Not populated — Census/OGD layer to be joined,Not populated — OSM/Overpass business layer to be joined,Not populated — market/business geocoding layer to be joined,https://www.dahd.gov.in/schemes/programmes/animal-husbandry-statistics,https://www.data.gov.in/catalog/dailyweekly-retail-prices-milk,https://www.openstreetmap.org/,2026-09-28 web verification of source availability,Derived,Calculated from DAHD BAHS 2025 Table 35 official state and All-India totals,Milk production is official government data; blank market/competition/price fields are intentionally unfilled until their respective source datasets are joined.,61.45,57.6299,3.8201000000000036,All-India average; NOT local market price,2026-09-28,Department of Consumer Affairs - Price Monitoring System,REAL_OFFICIAL_REFERENCE
IN-DAIRY-0306,306,India,Haryana,,,State/UT,2022-23,2022-23,Milk,Milk,11965.79,000 tonnes,5.1895,All-India production share (%),33.02,,,,,,,,5,,,Pending local-data join,,,0,Not populated — needs local population/consumption/transactions,Not populated — needs OSM/Overpass or verified business directory,Not populated — government milk price series is separate,NOT LOCAL-MARKET COMPLETE,Cannot calculate until local competitors + local demand + local price are joined,"Join local competitor, population/demand and current price layers before scoring market gap",Official government — DAHD BAHS 2025,Missing,Official — DAHD BAHS 2025 Table 35,Not populated — requires Consumer Affairs price-series extraction,Not populated — Census/OGD layer to be joined,Not populated — OSM/Overpass business layer to be joined,Not populated — market/business geocoding layer to be joined,https://www.dahd.gov.in/schemes/programmes/animal-husbandry-statistics,https://www.data.gov.in/catalog/dailyweekly-retail-prices-milk,https://www.openstreetmap.org/,2026-09-28 web verification of source availability,Derived,Calculated from DAHD BAHS 2025 Table 35 official state and All-India totals,Milk production is official government data; blank market/competition/price fields are intentionally unfilled until their respective source datasets are joined.,61.45,57.6299,3.8201000000000036,All-India average; NOT local market price,2026-09-28,Department of Consumer Affairs - Price Monitoring System,REAL_OFFICIAL_REFERENCE
IN-DAIRY-0307,307,India,Haryana,,,State/UT,2023-24,2023-24,Milk,Milk,12220.2,000 tonnes,5.1067,All-India production share (%),31.51,,,,,,,,5,,,Pending local-data join,,,0,Not populated — needs local population/consumption/transactions,Not populated — needs OSM/Overpass or verified business directory,Not populated — government milk price series is separate,NOT LOCAL-MARKET COMPLETE,Cannot calculate until local competitors + local demand + local price are joined,"Join local competitor, population/demand and current price layers before scoring market gap",Official government — DAHD BAHS 2025,Missing,Official — DAHD BAHS 2025 Table 35,Not populated — requires Consumer Affairs price-series extraction,Not populated — Census/OGD layer to be joined,Not populated — OSM/Overpass business layer to be joined,Not populated — market/business geocoding layer to be joined,https://www.dahd.gov.in/schemes/programmes/animal-husbandry-statistics,https://www.data.gov.in/catalog/dailyweekly-retail-prices-milk,https://www.openstreetmap.org/,2026-09-28 web verification of source availability,Derived,Calculated from DAHD BAHS 2025 Table 35 official state and All-India totals,Milk production is official government data; blank market/competition/price fields are intentionally unfilled until their respective source datasets are joined.,61.45,57.6299,3.8201000000000036,All-India average; NOT local market price,2026-09-28,Department of Consumer Affairs - Price Monitoring System,REAL_OFFICIAL_REFERENCE
IN-DAIRY-0308,308,India,Haryana,,,State/UT,2024-25,2024-25,Milk,Milk,12592.75,000 tonnes,5.0804,All-India production share (%),32.44,,,,,,,,5,,,Pending local-data join,,,0,Not populated — needs local population/consumption/transactions,Not populated — needs OSM/Overpass or verified business directory,Not populated — government milk price series is separate,NOT LOCAL-MARKET COMPLETE,Cannot calculate until local competitors + local demand + local price are joined,"Join local competitor, population/demand and current price layers before scoring market gap",Official government — DAHD BAHS 2025,Missing,Official — DAHD BAHS 2025 Table 35,Not populated — requires Consumer Affairs price-series extraction,Not populated — Census/OGD layer to be joined,Not populated — OSM/Overpass business layer to be joined,Not populated — market/business geocoding layer to be joined,https://www.dahd.gov.in/schemes/programmes/animal-husbandry-statistics,https://www.data.gov.in/catalog/dailyweekly-retail-prices-milk,https://www.openstreetmap.org/,2026-09-28 web verification of source availability,Derived,Calculated from DAHD BAHS 2025 Table 35 official state and All-India totals,Milk production is official government data; blank market/competition/price fields are intentionally unfilled until their respective source datasets are joined.,61.45,57.6299,3.8201000000000036,All-India average; NOT local market price,2026-09-28,Department of Consumer Affairs - Price Monitoring System,REAL_OFFICIAL_REFERENCE
IN-DAIRY-0309,309,India,Himachal Pradesh,,,State/UT,2018-19,2018-19,Milk,Milk,1460.15,000 tonnes,0.7777,All-India production share (%),4.78,,,,,,,,5,,,Pending local-data join,,,0,Not populated — needs local population/consumption/transactions,Not populated — needs OSM/Overpass or verified business directory,Not populated — government milk price series is separate,NOT LOCAL-MARKET COMPLETE,Cannot calculate until local competitors + local demand + local price are joined,"Join local competitor, population/demand and current price layers before scoring market gap",Official government — DAHD BAHS 2025,Missing,Official — DAHD BAHS 2025 Table 35,Not populated — requires Consumer Affairs price-series extraction,Not populated — Census/OGD layer to be joined,Not populated — OSM/Overpass business layer to be joined,Not populated — market/business geocoding layer to be joined,https://www.dahd.gov.in/schemes/programmes/animal-husbandry-statistics,https://www.data.gov.in/catalog/dailyweekly-retail-prices-milk,https://www.openstreetmap.org/,2026-09-28 web verification of source availability,Derived,Calculated from DAHD BAHS 2025 Table 35 official state and All-India totals,Milk production is official government data; blank market/competition/price fields are intentionally unfilled until their respective source datasets are joined.,61.45,57.6299,3.8201000000000036,All-India average; NOT local market price,2026-09-28,Department of Consumer Affairs - Price Monitoring System,REAL_OFFICIAL_REFERENCE
IN-DAIRY-0310,310,India,Himachal Pradesh,,,State/UT,2019-20,2019-20,Milk,Milk,1530.94,000 tonnes,0.7715,All-India production share (%),4.8,,,,,,,,5,,,Pending local-data join,,,0,Not populated — needs local population/consumption/transactions,Not populated — needs OSM/Overpass or verified business directory,Not populated — government milk price series is separate,NOT LOCAL-MARKET COMPLETE,Cannot calculate until local competitors + local demand + local price are joined,"Join local competitor, population/demand and current price layers before scoring market gap",Official government — DAHD BAHS 2025,Missing,Official — DAHD BAHS 2025 Table 35,Not populated — requires Consumer Affairs price-series extraction,Not populated — Census/OGD layer to be joined,Not populated — OSM/Overpass business layer to be joined,Not populated — market/business geocoding layer to be joined,https://www.dahd.gov.in/schemes/programmes/animal-husbandry-statistics,https://www.data.gov.in/catalog/dailyweekly-retail-prices-milk,https://www.openstreetmap.org/,2026-09-28 web verification of source availability,Derived,Calculated from DAHD BAHS 2025 Table 35 official state and All-India totals,Milk production is official government data; blank market/competition/price fields are intentionally unfilled until their respective source datasets are joined.,61.45,57.6299,3.8201000000000036,All-India average; NOT local market price,2026-09-28,Department of Consumer Affairs - Price Monitoring System,REAL_OFFICIAL_REFERENCE
IN-DAIRY-0311,311,India,Himachal Pradesh,,,State/UT,2020-21,2020-21,Milk,Milk,1576.44,000 tonnes,0.7508,All-India production share (%),5.02,,,,,,,,5,,,Pending local-data join,,,0,Not populated — needs local population/consumption/transactions,Not populated — needs OSM/Overpass or verified business directory,Not populated — government milk price series is separate,NOT LOCAL-MARKET COMPLETE,Cannot calculate until local competitors + local demand + local price are joined,"Join local competitor, population/demand and current price layers before scoring market gap",Official government — DAHD BAHS 2025,Missing,Official — DAHD BAHS 2025 Table 35,Not populated — requires Consumer Affairs price-series extraction,Not populated — Census/OGD layer to be joined,Not populated — OSM/Overpass business layer to be joined,Not populated — market/business geocoding layer to be joined,https://www.dahd.gov.in/schemes/programmes/animal-husbandry-statistics,https://www.data.gov.in/catalog/dailyweekly-retail-prices-milk,https://www.openstreetmap.org/,2026-09-28 web verification of source availability,Derived,Calculated from DAHD BAHS 2025 Table 35 official state and All-India totals,Milk production is official government data; blank market/competition/price fields are intentionally unfilled until their respective source datasets are joined.,61.45,57.6299,3.8201000000000036,All-India average; NOT local market price,2026-09-28,Department of Consumer Affairs - Price Monitoring System,REAL_OFFICIAL_REFERENCE
IN-DAIRY-0312,312,India,Himachal Pradesh,,,State/UT,2021-22,2021-22,Milk,Milk,1615.29,000 tonnes,0.7274,All-India production share (%),4.77,,,,,,,,5,,,Pending local-data join,,,0,Not populated — needs local population/consumption/transactions,Not populated — needs OSM/Overpass or verified business directory,Not populated — government milk price series is separate,NOT LOCAL-MARKET COMPLETE,Cannot calculate until local competitors + local demand + local price are joined,"Join local competitor, population/demand and current price layers before scoring market gap",Official government — DAHD BAHS 2025,Missing,Official — DAHD BAHS 2025 Table 35,Not populated — requires Consumer Affairs price-series extraction,Not populated — Census/OGD layer to be joined,Not populated — OSM/Overpass business layer to be joined,Not populated — market/business geocoding layer to be joined,https://www.dahd.gov.in/schemes/programmes/animal-husbandry-statistics,https://www.data.gov.in/catalog/dailyweekly-retail-prices-milk,https://www.openstreetmap.org/,2026-09-28 web verification of source availability,Derived,Calculated from DAHD BAHS 2025 Table 35 official state and All-India totals,Milk production is official government data; blank market/competition/price fields are intentionally unfilled until their respective source datasets are joined.,61.45,57.6299,3.8201000000000036,All-India average; NOT local market price,2026-09-28,Department of Consumer Affairs - Price Monitoring System,REAL_OFFICIAL_REFERENCE
IN-DAIRY-0313,313,India,Himachal Pradesh,,,State/UT,2022-23,2022-23,Milk,Milk,1617.41,000 tonnes,0.7015,All-India production share (%),4.46,,,,,,,,5,,,Pending local-data join,,,0,Not populated — needs local population/consumption/transactions,Not populated — needs OSM/Overpass or verified business directory,Not populated — government milk price series is separate,NOT LOCAL-MARKET COMPLETE,Cannot calculate until local competitors + local demand + local price are joined,"Join local competitor, population/demand and current price layers before scoring market gap",Official government — DAHD BAHS 2025,Missing,Official — DAHD BAHS 2025 Table 35,Not populated — requires Consumer Affairs price-series extraction,Not populated — Census/OGD layer to be joined,Not populated — OSM/Overpass business layer to be joined,Not populated — market/business geocoding layer to be joined,https://www.dahd.gov.in/schemes/programmes/animal-husbandry-statistics,https://www.data.gov.in/catalog/dailyweekly-retail-prices-milk,https://www.openstreetmap.org/,2026-09-28 web verification of source availability,Derived,Calculated from DAHD BAHS 2025 Table 35 official state and All-India totals,Milk production is official government data; blank market/competition/price fields are intentionally unfilled until their respective source datasets are joined.,61.45,57.6299,3.8201000000000036,All-India average; NOT local market price,2026-09-28,Department of Consumer Affairs - Price Monitoring System,REAL_OFFICIAL_REFERENCE
IN-DAIRY-0314,314,India,Himachal Pradesh,,,State/UT,2023-24,2023-24,Milk,Milk,1748.96,000 tonnes,0.7309,All-India production share (%),4.51,,,,,,,,5,,,Pending local-data join,,,0,Not populated — needs local population/consumption/transactions,Not populated — needs OSM/Overpass or verified business directory,Not populated — government milk price series is separate,NOT LOCAL-MARKET COMPLETE,Cannot calculate until local competitors + local demand + local price are joined,"Join local competitor, population/demand and current price layers before scoring market gap",Official government — DAHD BAHS 2025,Missing,Official — DAHD BAHS 2025 Table 35,Not populated — requires Consumer Affairs price-series extraction,Not populated — Census/OGD layer to be joined,Not populated — OSM/Overpass business layer to be joined,Not populated — market/business geocoding layer to be joined,https://www.dahd.gov.in/schemes/programmes/animal-husbandry-statistics,https://www.data.gov.in/catalog/dailyweekly-retail-prices-milk,https://www.openstreetmap.org/,2026-09-28 web verification of source availability,Derived,Calculated from DAHD BAHS 2025 Table 35 official state and All-India totals,Milk production is official government data; blank market/competition/price fields are intentionally unfilled until their respective source datasets are joined.,61.45,57.6299,3.8201000000000036,All-India average; NOT local market price,2026-09-28,Department of Consumer Affairs - Price Monitoring System,REAL_OFFICIAL_REFERENCE
IN-DAIRY-0315,315,India,Himachal Pradesh,,,State/UT,2024-25,2024-25,Milk,Milk,1823.89,000 tonnes,0.7358,All-India production share (%),4.7,,,,,,,,5,,,Pending local-data join,,,0,Not populated — needs local population/consumption/transactions,Not populated — needs OSM/Overpass or verified business directory,Not populated — government milk price series is separate,NOT LOCAL-MARKET COMPLETE,Cannot calculate until local competitors + local demand + local price are joined,"Join local competitor, population/demand and current price layers before scoring market gap",Official government — DAHD BAHS 2025,Missing,Official — DAHD BAHS 2025 Table 35,Not populated — requires Consumer Affairs price-series extraction,Not populated — Census/OGD layer to be joined,Not populated — OSM/Overpass business layer to be joined,Not populated — market/business geocoding layer to be joined,https://www.dahd.gov.in/schemes/programmes/animal-husbandry-statistics,https://www.data.gov.in/catalog/dailyweekly-retail-prices-milk,https://www.openstreetmap.org/,2026-09-28 web verification of source availability,Derived,Calculated from DAHD BAHS 2025 Table 35 official state and All-India totals,Milk production is official government data; blank market/competition/price fields are intentionally unfilled until their respective source datasets are joined.,61.45,57.6299,3.8201000000000036,All-India average; NOT local market price,2026-09-28,Department of Consumer Affairs - Price Monitoring System,REAL_OFFICIAL_REFERENCE
IN-DAIRY-0316,316,India,Jammu & Kashmir,,,State/UT,2018-19,2018-19,Milk,Milk,2540.11,000 tonnes,1.3529,All-India production share (%),8.32,,,,,,,,5,,,Pending local-data join,,,0,Not populated — needs local population/consumption/transactions,Not populated — needs OSM/Overpass or verified business directory,Not populated — government milk price series is separate,NOT LOCAL-MARKET COMPLETE,Cannot calculate until local competitors + local demand + local price are joined,"Join local competitor, population/demand and current price layers before scoring market gap",Official government — DAHD BAHS 2025,Missing,Official — DAHD BAHS 2025 Table 35,Not populated — requires Consumer Affairs price-series extraction,Not populated — Census/OGD layer to be joined,Not populated — OSM/Overpass business layer to be joined,Not populated — market/business geocoding layer to be joined,https://www.dahd.gov.in/schemes/programmes/animal-husbandry-statistics,https://www.data.gov.in/catalog/dailyweekly-retail-prices-milk,https://www.openstreetmap.org/,2026-09-28 web verification of source availability,Derived,Calculated from DAHD BAHS 2025 Table 35 official state and All-India totals,Milk production is official government data; blank market/competition/price fields are intentionally unfilled until their respective source datasets are joined.,61.45,57.6299,3.8201000000000036,All-India average; NOT local market price,2026-09-28,Department of Consumer Affairs - Price Monitoring System,REAL_OFFICIAL_REFERENCE
IN-DAIRY-0317,317,India,Jammu & Kashmir,,,State/UT,2019-20,2019-20,Milk,Milk,2506.36,000 tonnes,1.263,All-India production share (%),7.86,,,,,,,,5,,,Pending local-data join,,,0,Not populated — needs local population/consumption/transactions,Not populated — needs OSM/Overpass or verified business directory,Not populated — government milk price series is separate,NOT LOCAL-MARKET COMPLETE,Cannot calculate until local competitors + local demand + local price are joined,"Join local competitor, population/demand and current price layers before scoring market gap",Official government — DAHD BAHS 2025,Missing,Official — DAHD BAHS 2025 Table 35,Not populated — requires Consumer Affairs price-series extraction,Not populated — Census/OGD layer to be joined,Not populated — OSM/Overpass business layer to be joined,Not populated — market/business geocoding layer to be joined,https://www.dahd.gov.in/schemes/programmes/animal-husbandry-statistics,https://www.data.gov.in/catalog/dailyweekly-retail-prices-milk,https://www.openstreetmap.org/,2026-09-28 web verification of source availability,Derived,Calculated from DAHD BAHS 2025 Table 35 official state and All-India totals,Milk production is official government data; blank market/competition/price fields are intentionally unfilled until their respective source datasets are joined.,61.45,57.6299,3.8201000000000036,All-India average; NOT local market price,2026-09-28,Department of Consumer Affairs - Price Monitoring System,REAL_OFFICIAL_REFERENCE
IN-DAIRY-0318,318,India,Jammu & Kashmir,,,State/UT,2020-21,2020-21,Milk,Milk,2594.5,000 tonnes,1.2357,All-India production share (%),8.27,,,,,,,,5,,,Pending local-data join,,,0,Not populated — needs local population/consumption/transactions,Not populated — needs OSM/Overpass or verified business directory,Not populated — government milk price series is separate,NOT LOCAL-MARKET COMPLETE,Cannot calculate until local competitors + local demand + local price are joined,"Join local competitor, population/demand and current price layers before scoring market gap",Official government — DAHD BAHS 2025,Missing,Official — DAHD BAHS 2025 Table 35,Not populated — requires Consumer Affairs price-series extraction,Not populated — Census/OGD layer to be joined,Not populated — OSM/Overpass business layer to be joined,Not populated — market/business geocoding layer to be joined,https://www.dahd.gov.in/schemes/programmes/animal-husbandry-statistics,https://www.data.gov.in/catalog/dailyweekly-retail-prices-milk,https://www.openstreetmap.org/,2026-09-28 web verification of source availability,Derived,Calculated from DAHD BAHS 2025 Table 35 official state and All-India totals,Milk production is official government data; blank market/competition/price fields are intentionally unfilled until their respective source datasets are joined.,61.45,57.6299,3.8201000000000036,All-India average; NOT local market price,2026-09-28,Department of Consumer Affairs - Price Monitoring System,REAL_OFFICIAL_REFERENCE
IN-DAIRY-0319,319,India,Jammu & Kashmir,,,State/UT,2021-22,2021-22,Milk,Milk,2726.79,000 tonnes,1.2279,All-India production share (%),8.05,,,,,,,,5,,,Pending local-data join,,,0,Not populated — needs local population/consumption/transactions,Not populated — needs OSM/Overpass or verified business directory,Not populated — government milk price series is separate,NOT LOCAL-MARKET COMPLETE,Cannot calculate until local competitors + local demand + local price are joined,"Join local competitor, population/demand and current price layers before scoring market gap",Official government — DAHD BAHS 2025,Missing,Official — DAHD BAHS 2025 Table 35,Not populated — requires Consumer Affairs price-series extraction,Not populated — Census/OGD layer to be joined,Not populated — OSM/Overpass business layer to be joined,Not populated — market/business geocoding layer to be joined,https://www.dahd.gov.in/schemes/programmes/animal-husbandry-statistics,https://www.data.gov.in/catalog/dailyweekly-retail-prices-milk,https://www.openstreetmap.org/,2026-09-28 web verification of source availability,Derived,Calculated from DAHD BAHS 2025 Table 35 official state and All-India totals,Milk production is official government data; blank market/competition/price fields are intentionally unfilled until their respective source datasets are joined.,61.45,57.6299,3.8201000000000036,All-India average; NOT local market price,2026-09-28,Department of Consumer Affairs - Price Monitoring System,REAL_OFFICIAL_REFERENCE
IN-DAIRY-0320,320,India,Jammu & Kashmir,,,State/UT,2022-23,2022-23,Milk,Milk,2817.31,000 tonnes,1.2219,All-India production share (%),7.77,,,,,,,,5,,,Pending local-data join,,,0,Not populated — needs local population/consumption/transactions,Not populated — needs OSM/Overpass or verified business directory,Not populated — government milk price series is separate,NOT LOCAL-MARKET COMPLETE,Cannot calculate until local competitors + local demand + local price are joined,"Join local competitor, population/demand and current price layers before scoring market gap",Official government — DAHD BAHS 2025,Missing,Official — DAHD BAHS 2025 Table 35,Not populated — requires Consumer Affairs price-series extraction,Not populated — Census/OGD layer to be joined,Not populated — OSM/Overpass business layer to be joined,Not populated — market/business geocoding layer to be joined,https://www.dahd.gov.in/schemes/programmes/animal-husbandry-statistics,https://www.data.gov.in/catalog/dailyweekly-retail-prices-milk,https://www.openstreetmap.org/,2026-09-28 web verification of source availability,Derived,Calculated from DAHD BAHS 2025 Table 35 official state and All-India totals,Milk production is official government data; blank market/competition/price fields are intentionally unfilled until their respective source datasets are joined.,61.45,57.6299,3.8201000000000036,All-India average; NOT local market price,2026-09-28,Department of Consumer Affairs - Price Monitoring System,REAL_OFFICIAL_REFERENCE
IN-DAIRY-0321,321,India,Jammu & Kashmir,,,State/UT,2023-24,2023-24,Milk,Milk,2874.73,000 tonnes,1.2013,All-India production share (%),7.41,,,,,,,,5,,,Pending local-data join,,,0,Not populated — needs local population/consumption/transactions,Not populated — needs OSM/Overpass or verified business directory,Not populated — government milk price series is separate,NOT LOCAL-MARKET COMPLETE,Cannot calculate until local competitors + local demand + local price are joined,"Join local competitor, population/demand and current price layers before scoring market gap",Official government — DAHD BAHS 2025,Missing,Official — DAHD BAHS 2025 Table 35,Not populated — requires Consumer Affairs price-series extraction,Not populated — Census/OGD layer to be joined,Not populated — OSM/Overpass business layer to be joined,Not populated — market/business geocoding layer to be joined,https://www.dahd.gov.in/schemes/programmes/animal-husbandry-statistics,https://www.data.gov.in/catalog/dailyweekly-retail-prices-milk,https://www.openstreetmap.org/,2026-09-28 web verification of source availability,Derived,Calculated from DAHD BAHS 2025 Table 35 official state and All-India totals,Milk production is official government data; blank market/competition/price fields are intentionally unfilled until their respective source datasets are joined.,61.45,57.6299,3.8201000000000036,All-India average; NOT local market price,2026-09-28,Department of Consumer Affairs - Price Monitoring System,REAL_OFFICIAL_REFERENCE
IN-DAIRY-0322,322,India,Jammu & Kashmir,,,State/UT,2024-25,2024-25,Milk,Milk,2973.89,000 tonnes,1.1998,All-India production share (%),7.66,,,,,,,,5,,,Pending local-data join,,,0,Not populated — needs local population/consumption/transactions,Not populated — needs OSM/Overpass or verified business directory,Not populated — government milk price series is separate,NOT LOCAL-MARKET COMPLETE,Cannot calculate until local competitors + local demand + local price are joined,"Join local competitor, population/demand and current price layers before scoring market gap",Official government — DAHD BAHS 2025,Missing,Official — DAHD BAHS 2025 Table 35,Not populated — requires Consumer Affairs price-series extraction,Not populated — Census/OGD layer to be joined,Not populated — OSM/Overpass business layer to be joined,Not populated — market/business geocoding layer to be joined,https://www.dahd.gov.in/schemes/programmes/animal-husbandry-statistics,https://www.data.gov.in/catalog/dailyweekly-retail-prices-milk,https://www.openstreetmap.org/,2026-09-28 web verification of source availability,Derived,Calculated from DAHD BAHS 2025 Table 35 official state and All-India totals,Milk production is official government data; blank market/competition/price fields are intentionally unfilled until their respective source datasets are joined.,61.45,57.6299,3.8201000000000036,All-India average; NOT local market price,2026-09-28,Department of Consumer Affairs - Price Monitoring System,REAL_OFFICIAL_REFERENCE
IN-DAIRY-0323,323,India,Jharkhand,,,State/UT,2018-19,2018-19,Milk,Milk,2183.05,000 tonnes,1.1627,All-India production share (%),7.15,,,,,,,,5,,,Pending local-data join,,,0,Not populated — needs local population/consumption/transactions,Not populated — needs OSM/Overpass or verified business directory,Not populated — government milk price series is separate,NOT LOCAL-MARKET COMPLETE,Cannot calculate until local competitors + local demand + local price are joined,"Join local competitor, population/demand and current price layers before scoring market gap",Official government — DAHD BAHS 2025,Missing,Official — DAHD BAHS 2025 Table 35,Not populated — requires Consumer Affairs price-series extraction,Not populated — Census/OGD layer to be joined,Not populated — OSM/Overpass business layer to be joined,Not populated — market/business geocoding layer to be joined,https://www.dahd.gov.in/schemes/programmes/animal-husbandry-statistics,https://www.data.gov.in/catalog/dailyweekly-retail-prices-milk,https://www.openstreetmap.org/,2026-09-28 web verification of source availability,Derived,Calculated from DAHD BAHS 2025 Table 35 official state and All-India totals,Milk production is official government data; blank market/competition/price fields are intentionally unfilled until their respective source datasets are joined.,61.45,57.6299,3.8201000000000036,All-India average; NOT local market price,2026-09-28,Department of Consumer Affairs - Price Monitoring System,REAL_OFFICIAL_REFERENCE
IN-DAIRY-0324,324,India,Jharkhand,,,State/UT,2019-20,2019-20,Milk,Milk,2321.16,000 tonnes,1.1697,All-India production share (%),7.28,,,,,,,,5,,,Pending local-data join,,,0,Not populated — needs local population/consumption/transactions,Not populated — needs OSM/Overpass or verified business directory,Not populated — government milk price series is separate,NOT LOCAL-MARKET COMPLETE,Cannot calculate until local competitors + local demand + local price are joined,"Join local competitor, population/demand and current price layers before scoring market gap",Official government — DAHD BAHS 2025,Missing,Official — DAHD BAHS 2025 Table 35,Not populated — requires Consumer Affairs price-series extraction,Not populated — Census/OGD layer to be joined,Not populated — OSM/Overpass business layer to be joined,Not populated — market/business geocoding layer to be joined,https://www.dahd.gov.in/schemes/programmes/animal-husbandry-statistics,https://www.data.gov.in/catalog/dailyweekly-retail-prices-milk,https://www.openstreetmap.org/,2026-09-28 web verification of source availability,Derived,Calculated from DAHD BAHS 2025 Table 35 official state and All-India totals,Milk production is official government data; blank market/competition/price fields are intentionally unfilled until their respective source datasets are joined.,61.45,57.6299,3.8201000000000036,All-India average; NOT local market price,2026-09-28,Department of Consumer Affairs - Price Monitoring System,REAL_OFFICIAL_REFERENCE
IN-DAIRY-0325,325,India,Jharkhand,,,State/UT,2020-21,2020-21,Milk,Milk,2434.02,000 tonnes,1.1593,All-India production share (%),7.76,,,,,,,,5,,,Pending local-data join,,,0,Not populated — needs local population/consumption/transactions,Not populated — needs OSM/Overpass or verified business directory,Not populated — government milk price series is separate,NOT LOCAL-MARKET COMPLETE,Cannot calculate until local competitors + local demand + local price are joined,"Join local competitor, population/demand and current price layers before scoring market gap",Official government — DAHD BAHS 2025,Missing,Official — DAHD BAHS 2025 Table 35,Not populated — requires Consumer Affairs price-series extraction,Not populated — Census/OGD layer to be joined,Not populated — OSM/Overpass business layer to be joined,Not populated — market/business geocoding layer to be joined,https://www.dahd.gov.in/schemes/programmes/animal-husbandry-statistics,https://www.data.gov.in/catalog/dailyweekly-retail-prices-milk,https://www.openstreetmap.org/,2026-09-28 web verification of source availability,Derived,Calculated from DAHD BAHS 2025 Table 35 official state and All-India totals,Milk production is official government data; blank market/competition/price fields are intentionally unfilled until their respective source datasets are joined.,61.45,57.6299,3.8201000000000036,All-India average; NOT local market price,2026-09-28,Department of Consumer Affairs - Price Monitoring System,REAL_OFFICIAL_REFERENCE
IN-DAIRY-0326,326,India,Jharkhand,,,State/UT,2021-22,2021-22,Milk,Milk,2629.37,000 tonnes,1.184,All-India production share (%),7.76,,,,,,,,5,,,Pending local-data join,,,0,Not populated — needs local population/consumption/transactions,Not populated — needs OSM/Overpass or verified business directory,Not populated — government milk price series is separate,NOT LOCAL-MARKET COMPLETE,Cannot calculate until local competitors + local demand + local price are joined,"Join local competitor, population/demand and current price layers before scoring market gap",Official government — DAHD BAHS 2025,Missing,Official — DAHD BAHS 2025 Table 35,Not populated — requires Consumer Affairs price-series extraction,Not populated — Census/OGD layer to be joined,Not populated — OSM/Overpass business layer to be joined,Not populated — market/business geocoding layer to be joined,https://www.dahd.gov.in/schemes/programmes/animal-husbandry-statistics,https://www.data.gov.in/catalog/dailyweekly-retail-prices-milk,https://www.openstreetmap.org/,2026-09-28 web verification of source availability,Derived,Calculated from DAHD BAHS 2025 Table 35 official state and All-India totals,Milk production is official government data; blank market/competition/price fields are intentionally unfilled until their respective source datasets are joined.,61.45,57.6299,3.8201000000000036,All-India average; NOT local market price,2026-09-28,Department of Consumer Affairs - Price Monitoring System,REAL_OFFICIAL_REFERENCE
IN-DAIRY-0327,327,India,Jharkhand,,,State/UT,2022-23,2022-23,Milk,Milk,2774.09,000 tonnes,1.2031,All-India production share (%),7.65,,,,,,,,5,,,Pending local-data join,,,0,Not populated — needs local population/consumption/transactions,Not populated — needs OSM/Overpass or verified business directory,Not populated — government milk price series is separate,NOT LOCAL-MARKET COMPLETE,Cannot calculate until local competitors + local demand + local price are joined,"Join local competitor, population/demand and current price layers before scoring market gap",Official government — DAHD BAHS 2025,Missing,Official — DAHD BAHS 2025 Table 35,Not populated — requires Consumer Affairs price-series extraction,Not populated — Census/OGD layer to be joined,Not populated — OSM/Overpass business layer to be joined,Not populated — market/business geocoding layer to be joined,https://www.dahd.gov.in/schemes/programmes/animal-husbandry-statistics,https://www.data.gov.in/catalog/dailyweekly-retail-prices-milk,https://www.openstreetmap.org/,2026-09-28 web verification of source availability,Derived,Calculated from DAHD BAHS 2025 Table 35 official state and All-India totals,Milk production is official government data; blank market/competition/price fields are intentionally unfilled until their respective source datasets are joined.,61.45,57.6299,3.8201000000000036,All-India average; NOT local market price,2026-09-28,Department of Consumer Affairs - Price Monitoring System,REAL_OFFICIAL_REFERENCE
IN-DAIRY-0328,328,India,Jharkhand,,,State/UT,2023-24,2023-24,Milk,Milk,3025.0,000 tonnes,1.2641,All-India production share (%),7.8,,,,,,,,5,,,Pending local-data join,,,0,Not populated — needs local population/consumption/transactions,Not populated — needs OSM/Overpass or verified business directory,Not populated — government milk price series is separate,NOT LOCAL-MARKET COMPLETE,Cannot calculate until local competitors + local demand + local price are joined,"Join local competitor, population/demand and current price layers before scoring market gap",Official government — DAHD BAHS 2025,Missing,Official — DAHD BAHS 2025 Table 35,Not populated — requires Consumer Affairs price-series extraction,Not populated — Census/OGD layer to be joined,Not populated — OSM/Overpass business layer to be joined,Not populated — market/business geocoding layer to be joined,https://www.dahd.gov.in/schemes/programmes/animal-husbandry-statistics,https://www.data.gov.in/catalog/dailyweekly-retail-prices-milk,https://www.openstreetmap.org/,2026-09-28 web verification of source availability,Derived,Calculated from DAHD BAHS 2025 Table 35 official state and All-India totals,Milk production is official government data; blank market/competition/price fields are intentionally unfilled until their respective source datasets are joined.,61.45,57.6299,3.8201000000000036,All-India average; NOT local market price,2026-09-28,Department of Consumer Affairs - Price Monitoring System,REAL_OFFICIAL_REFERENCE
IN-DAIRY-0329,329,India,Jharkhand,,,State/UT,2024-25,2024-25,Milk,Milk,3114.66,000 tonnes,1.2566,All-India production share (%),8.02,,,,,,,,5,,,Pending local-data join,,,0,Not populated — needs local population/consumption/transactions,Not populated — needs OSM/Overpass or verified business directory,Not populated — government milk price series is separate,NOT LOCAL-MARKET COMPLETE,Cannot calculate until local competitors + local demand + local price are joined,"Join local competitor, population/demand and current price layers before scoring market gap",Official government — DAHD BAHS 2025,Missing,Official — DAHD BAHS 2025 Table 35,Not populated — requires Consumer Affairs price-series extraction,Not populated — Census/OGD layer to be joined,Not populated — OSM/Overpass business layer to be joined,Not populated — market/business geocoding layer to be joined,https://www.dahd.gov.in/schemes/programmes/animal-husbandry-statistics,https://www.data.gov.in/catalog/dailyweekly-retail-prices-milk,https://www.openstreetmap.org/,2026-09-28 web verification of source availability,Derived,Calculated from DAHD BAHS 2025 Table 35 official state and All-India totals,Milk production is official government data; blank market/competition/price fields are intentionally unfilled until their respective source datasets are joined.,61.45,57.6299,3.8201000000000036,All-India average; NOT local market price,2026-09-28,Department of Consumer Affairs - Price Monitoring System,REAL_OFFICIAL_REFERENCE
IN-DAIRY-0330,330,India,Karnataka,,,State/UT,2018-19,2018-19,Milk,Milk,7900.63,000 tonnes,4.2081,All-India production share (%),25.89,,,,,,,,5,,,Pending local-data join,,,0,Not populated — needs local population/consumption/transactions,Not populated — needs OSM/Overpass or verified business directory,Not populated — government milk price series is separate,NOT LOCAL-MARKET COMPLETE,Cannot calculate until local competitors + local demand + local price are joined,"Join local competitor, population/demand and current price layers before scoring market gap",Official government — DAHD BAHS 2025,Missing,Official — DAHD BAHS 2025 Table 35,Not populated — requires Consumer Affairs price-series extraction,Not populated — Census/OGD layer to be joined,Not populated — OSM/Overpass business layer to be joined,Not populated — market/business geocoding layer to be joined,https://www.dahd.gov.in/schemes/programmes/animal-husbandry-statistics,https://www.data.gov.in/catalog/dailyweekly-retail-prices-milk,https://www.openstreetmap.org/,2026-09-28 web verification of source availability,Derived,Calculated from DAHD BAHS 2025 Table 35 official state and All-India totals,Milk production is official government data; blank market/competition/price fields are intentionally unfilled until their respective source datasets are joined.,61.45,57.6299,3.8201000000000036,All-India average; NOT local market price,2026-09-28,Department of Consumer Affairs - Price Monitoring System,REAL_OFFICIAL_REFERENCE
IN-DAIRY-0331,331,India,Karnataka,,,State/UT,2019-20,2019-20,Milk,Milk,9031.49,000 tonnes,4.5513,All-India production share (%),28.34,,,,,,,,5,,,Pending local-data join,,,0,Not populated — needs local population/consumption/transactions,Not populated — needs OSM/Overpass or verified business directory,Not populated — government milk price series is separate,NOT LOCAL-MARKET COMPLETE,Cannot calculate until local competitors + local demand + local price are joined,"Join local competitor, population/demand and current price layers before scoring market gap",Official government — DAHD BAHS 2025,Missing,Official — DAHD BAHS 2025 Table 35,Not populated — requires Consumer Affairs price-series extraction,Not populated — Census/OGD layer to be joined,Not populated — OSM/Overpass business layer to be joined,Not populated — market/business geocoding layer to be joined,https://www.dahd.gov.in/schemes/programmes/animal-husbandry-statistics,https://www.data.gov.in/catalog/dailyweekly-retail-prices-milk,https://www.openstreetmap.org/,2026-09-28 web verification of source availability,Derived,Calculated from DAHD BAHS 2025 Table 35 official state and All-India totals,Milk production is official government data; blank market/competition/price fields are intentionally unfilled until their respective source datasets are joined.,61.45,57.6299,3.8201000000000036,All-India average; NOT local market price,2026-09-28,Department of Consumer Affairs - Price Monitoring System,REAL_OFFICIAL_REFERENCE
IN-DAIRY-0332,332,India,Karnataka,,,State/UT,2020-21,2020-21,Milk,Milk,10936.44,000 tonnes,5.2088,All-India production share (%),34.87,,,,,,,,5,,,Pending local-data join,,,0,Not populated — needs local population/consumption/transactions,Not populated — needs OSM/Overpass or verified business directory,Not populated — government milk price series is separate,NOT LOCAL-MARKET COMPLETE,Cannot calculate until local competitors + local demand + local price are joined,"Join local competitor, population/demand and current price layers before scoring market gap",Official government — DAHD BAHS 2025,Missing,Official — DAHD BAHS 2025 Table 35,Not populated — requires Consumer Affairs price-series extraction,Not populated — Census/OGD layer to be joined,Not populated — OSM/Overpass business layer to be joined,Not populated — market/business geocoding layer to be joined,https://www.dahd.gov.in/schemes/programmes/animal-husbandry-statistics,https://www.data.gov.in/catalog/dailyweekly-retail-prices-milk,https://www.openstreetmap.org/,2026-09-28 web verification of source availability,Derived,Calculated from DAHD BAHS 2025 Table 35 official state and All-India totals,Milk production is official government data; blank market/competition/price fields are intentionally unfilled until their respective source datasets are joined.,61.45,57.6299,3.8201000000000036,All-India average; NOT local market price,2026-09-28,Department of Consumer Affairs - Price Monitoring System,REAL_OFFICIAL_REFERENCE
IN-DAIRY-0333,333,India,Karnataka,,,State/UT,2021-22,2021-22,Milk,Milk,11795.79,000 tonnes,5.3118,All-India production share (%),34.82,,,,,,,,5,,,Pending local-data join,,,0,Not populated — needs local population/consumption/transactions,Not populated — needs OSM/Overpass or verified business directory,Not populated — government milk price series is separate,NOT LOCAL-MARKET COMPLETE,Cannot calculate until local competitors + local demand + local price are joined,"Join local competitor, population/demand and current price layers before scoring market gap",Official government — DAHD BAHS 2025,Missing,Official — DAHD BAHS 2025 Table 35,Not populated — requires Consumer Affairs price-series extraction,Not populated — Census/OGD layer to be joined,Not populated — OSM/Overpass business layer to be joined,Not populated — market/business geocoding layer to be joined,https://www.dahd.gov.in/schemes/programmes/animal-husbandry-statistics,https://www.data.gov.in/catalog/dailyweekly-retail-prices-milk,https://www.openstreetmap.org/,2026-09-28 web verification of source availability,Derived,Calculated from DAHD BAHS 2025 Table 35 official state and All-India totals,Milk production is official government data; blank market/competition/price fields are intentionally unfilled until their respective source datasets are joined.,61.45,57.6299,3.8201000000000036,All-India average; NOT local market price,2026-09-28,Department of Consumer Affairs - Price Monitoring System,REAL_OFFICIAL_REFERENCE
IN-DAIRY-0334,334,India,Karnataka,,,State/UT,2022-23,2022-23,Milk,Milk,12829.29,000 tonnes,5.564,All-India production share (%),35.4,,,,,,,,5,,,Pending local-data join,,,0,Not populated — needs local population/consumption/transactions,Not populated — needs OSM/Overpass or verified business directory,Not populated — government milk price series is separate,NOT LOCAL-MARKET COMPLETE,Cannot calculate until local competitors + local demand + local price are joined,"Join local competitor, population/demand and current price layers before scoring market gap",Official government — DAHD BAHS 2025,Missing,Official — DAHD BAHS 2025 Table 35,Not populated — requires Consumer Affairs price-series extraction,Not populated — Census/OGD layer to be joined,Not populated — OSM/Overpass business layer to be joined,Not populated — market/business geocoding layer to be joined,https://www.dahd.gov.in/schemes/programmes/animal-husbandry-statistics,https://www.data.gov.in/catalog/dailyweekly-retail-prices-milk,https://www.openstreetmap.org/,2026-09-28 web verification of source availability,Derived,Calculated from DAHD BAHS 2025 Table 35 official state and All-India totals,Milk production is official government data; blank market/competition/price fields are intentionally unfilled until their respective source datasets are joined.,61.45,57.6299,3.8201000000000036,All-India average; NOT local market price,2026-09-28,Department of Consumer Affairs - Price Monitoring System,REAL_OFFICIAL_REFERENCE
IN-DAIRY-0335,335,India,Karnataka,,,State/UT,2023-24,2023-24,Milk,Milk,13463.07,000 tonnes,5.626,All-India production share (%),34.72,,,,,,,,5,,,Pending local-data join,,,0,Not populated — needs local population/consumption/transactions,Not populated — needs OSM/Overpass or verified business directory,Not populated — government milk price series is separate,NOT LOCAL-MARKET COMPLETE,Cannot calculate until local competitors + local demand + local price are joined,"Join local competitor, population/demand and current price layers before scoring market gap",Official government — DAHD BAHS 2025,Missing,Official — DAHD BAHS 2025 Table 35,Not populated — requires Consumer Affairs price-series extraction,Not populated — Census/OGD layer to be joined,Not populated — OSM/Overpass business layer to be joined,Not populated — market/business geocoding layer to be joined,https://www.dahd.gov.in/schemes/programmes/animal-husbandry-statistics,https://www.data.gov.in/catalog/dailyweekly-retail-prices-milk,https://www.openstreetmap.org/,2026-09-28 web verification of source availability,Derived,Calculated from DAHD BAHS 2025 Table 35 official state and All-India totals,Milk production is official government data; blank market/competition/price fields are intentionally unfilled until their respective source datasets are joined.,61.45,57.6299,3.8201000000000036,All-India average; NOT local market price,2026-09-28,Department of Consumer Affairs - Price Monitoring System,REAL_OFFICIAL_REFERENCE
IN-DAIRY-0336,336,India,Karnataka,,,State/UT,2024-25,2024-25,Milk,Milk,13897.53,000 tonnes,5.6068,All-India production share (%),35.8,,,,,,,,5,,,Pending local-data join,,,0,Not populated — needs local population/consumption/transactions,Not populated — needs OSM/Overpass or verified business directory,Not populated — government milk price series is separate,NOT LOCAL-MARKET COMPLETE,Cannot calculate until local competitors + local demand + local price are joined,"Join local competitor, population/demand and current price layers before scoring market gap",Official government — DAHD BAHS 2025,Missing,Official — DAHD BAHS 2025 Table 35,Not populated — requires Consumer Affairs price-series extraction,Not populated — Census/OGD layer to be joined,Not populated — OSM/Overpass business layer to be joined,Not populated — market/business geocoding layer to be joined,https://www.dahd.gov.in/schemes/programmes/animal-husbandry-statistics,https://www.data.gov.in/catalog/dailyweekly-retail-prices-milk,https://www.openstreetmap.org/,2026-09-28 web verification of source availability,Derived,Calculated from DAHD BAHS 2025 Table 35 official state and All-India totals,Milk production is official government data; blank market/competition/price fields are intentionally unfilled until their respective source datasets are joined.,61.45,57.6299,3.8201000000000036,All-India average; NOT local market price,2026-09-28,Department of Consumer Affairs - Price Monitoring System,REAL_OFFICIAL_REFERENCE
IN-DAIRY-0337,337,India,Kerala,,,State/UT,2018-19,2018-19,Milk,Milk,2548.28,000 tonnes,1.3573,All-India production share (%),8.35,,,,,,,,5,,,Pending local-data join,,,0,Not populated — needs local population/consumption/transactions,Not populated — needs OSM/Overpass or verified business directory,Not populated — government milk price series is separate,NOT LOCAL-MARKET COMPLETE,Cannot calculate until local competitors + local demand + local price are joined,"Join local competitor, population/demand and current price layers before scoring market gap",Official government — DAHD BAHS 2025,Missing,Official — DAHD BAHS 2025 Table 35,Not populated — requires Consumer Affairs price-series extraction,Not populated — Census/OGD layer to be joined,Not populated — OSM/Overpass business layer to be joined,Not populated — market/business geocoding layer to be joined,https://www.dahd.gov.in/schemes/programmes/animal-husbandry-statistics,https://www.data.gov.in/catalog/dailyweekly-retail-prices-milk,https://www.openstreetmap.org/,2026-09-28 web verification of source availability,Derived,Calculated from DAHD BAHS 2025 Table 35 official state and All-India totals,Milk production is official government data; blank market/competition/price fields are intentionally unfilled until their respective source datasets are joined.,61.45,57.6299,3.8201000000000036,All-India average; NOT local market price,2026-09-28,Department of Consumer Affairs - Price Monitoring System,REAL_OFFICIAL_REFERENCE
IN-DAIRY-0338,338,India,Kerala,,,State/UT,2019-20,2019-20,Milk,Milk,2544.35,000 tonnes,1.2822,All-India production share (%),7.98,,,,,,,,5,,,Pending local-data join,,,0,Not populated — needs local population/consumption/transactions,Not populated — needs OSM/Overpass or verified business directory,Not populated — government milk price series is separate,NOT LOCAL-MARKET COMPLETE,Cannot calculate until local competitors + local demand + local price are joined,"Join local competitor, population/demand and current price layers before scoring market gap",Official government — DAHD BAHS 2025,Missing,Official — DAHD BAHS 2025 Table 35,Not populated — requires Consumer Affairs price-series extraction,Not populated — Census/OGD layer to be joined,Not populated — OSM/Overpass business layer to be joined,Not populated — market/business geocoding layer to be joined,https://www.dahd.gov.in/schemes/programmes/animal-husbandry-statistics,https://www.data.gov.in/catalog/dailyweekly-retail-prices-milk,https://www.openstreetmap.org/,2026-09-28 web verification of source availability,Derived,Calculated from DAHD BAHS 2025 Table 35 official state and All-India totals,Milk production is official government data; blank market/competition/price fields are intentionally unfilled until their respective source datasets are joined.,61.45,57.6299,3.8201000000000036,All-India average; NOT local market price,2026-09-28,Department of Consumer Affairs - Price Monitoring System,REAL_OFFICIAL_REFERENCE
IN-DAIRY-0339,339,India,Kerala,,,State/UT,2020-21,2020-21,Milk,Milk,2533.88,000 tonnes,1.2068,All-India production share (%),8.08,,,,,,,,5,,,Pending local-data join,,,0,Not populated — needs local population/consumption/transactions,Not populated — needs OSM/Overpass or verified business directory,Not populated — government milk price series is separate,NOT LOCAL-MARKET COMPLETE,Cannot calculate until local competitors + local demand + local price are joined,"Join local competitor, population/demand and current price layers before scoring market gap",Official government — DAHD BAHS 2025,Missing,Official — DAHD BAHS 2025 Table 35,Not populated — requires Consumer Affairs price-series extraction,Not populated — Census/OGD layer to be joined,Not populated — OSM/Overpass business layer to be joined,Not populated — market/business geocoding layer to be joined,https://www.dahd.gov.in/schemes/programmes/animal-husbandry-statistics,https://www.data.gov.in/catalog/dailyweekly-retail-prices-milk,https://www.openstreetmap.org/,2026-09-28 web verification of source availability,Derived,Calculated from DAHD BAHS 2025 Table 35 official state and All-India totals,Milk production is official government data; blank market/competition/price fields are intentionally unfilled until their respective source datasets are joined.,61.45,57.6299,3.8201000000000036,All-India average; NOT local market price,2026-09-28,Department of Consumer Affairs - Price Monitoring System,REAL_OFFICIAL_REFERENCE
IN-DAIRY-0340,340,India,Kerala,,,State/UT,2021-22,2021-22,Milk,Milk,2532.46,000 tonnes,1.1404,All-India production share (%),7.48,,,,,,,,5,,,Pending local-data join,,,0,Not populated — needs local population/consumption/transactions,Not populated — needs OSM/Overpass or verified business directory,Not populated — government milk price series is separate,NOT LOCAL-MARKET COMPLETE,Cannot calculate until local competitors + local demand + local price are joined,"Join local competitor, population/demand and current price layers before scoring market gap",Official government — DAHD BAHS 2025,Missing,Official — DAHD BAHS 2025 Table 35,Not populated — requires Consumer Affairs price-series extraction,Not populated — Census/OGD layer to be joined,Not populated — OSM/Overpass business layer to be joined,Not populated — market/business geocoding layer to be joined,https://www.dahd.gov.in/schemes/programmes/animal-husbandry-statistics,https://www.data.gov.in/catalog/dailyweekly-retail-prices-milk,https://www.openstreetmap.org/,2026-09-28 web verification of source availability,Derived,Calculated from DAHD BAHS 2025 Table 35 official state and All-India totals,Milk production is official government data; blank market/competition/price fields are intentionally unfilled until their respective source datasets are joined.,61.45,57.6299,3.8201000000000036,All-India average; NOT local market price,2026-09-28,Department of Consumer Affairs - Price Monitoring System,REAL_OFFICIAL_REFERENCE
IN-DAIRY-0341,341,India,Kerala,,,State/UT,2022-23,2022-23,Milk,Milk,2579.76,000 tonnes,1.1188,All-India production share (%),7.12,,,,,,,,5,,,Pending local-data join,,,0,Not populated — needs local population/consumption/transactions,Not populated — needs OSM/Overpass or verified business directory,Not populated — government milk price series is separate,NOT LOCAL-MARKET COMPLETE,Cannot calculate until local competitors + local demand + local price are joined,"Join local competitor, population/demand and current price layers before scoring market gap",Official government — DAHD BAHS 2025,Missing,Official — DAHD BAHS 2025 Table 35,Not populated — requires Consumer Affairs price-series extraction,Not populated — Census/OGD layer to be joined,Not populated — OSM/Overpass business layer to be joined,Not populated — market/business geocoding layer to be joined,https://www.dahd.gov.in/schemes/programmes/animal-husbandry-statistics,https://www.data.gov.in/catalog/dailyweekly-retail-prices-milk,https://www.openstreetmap.org/,2026-09-28 web verification of source availability,Derived,Calculated from DAHD BAHS 2025 Table 35 official state and All-India totals,Milk production is official government data; blank market/competition/price fields are intentionally unfilled until their respective source datasets are joined.,61.45,57.6299,3.8201000000000036,All-India average; NOT local market price,2026-09-28,Department of Consumer Affairs - Price Monitoring System,REAL_OFFICIAL_REFERENCE
IN-DAIRY-0342,342,India,Kerala,,,State/UT,2023-24,2023-24,Milk,Milk,2579.99,000 tonnes,1.0781,All-India production share (%),6.65,,,,,,,,5,,,Pending local-data join,,,0,Not populated — needs local population/consumption/transactions,Not populated — needs OSM/Overpass or verified business directory,Not populated — government milk price series is separate,NOT LOCAL-MARKET COMPLETE,Cannot calculate until local competitors + local demand + local price are joined,"Join local competitor, population/demand and current price layers before scoring market gap",Official government — DAHD BAHS 2025,Missing,Official — DAHD BAHS 2025 Table 35,Not populated — requires Consumer Affairs price-series extraction,Not populated — Census/OGD layer to be joined,Not populated — OSM/Overpass business layer to be joined,Not populated — market/business geocoding layer to be joined,https://www.dahd.gov.in/schemes/programmes/animal-husbandry-statistics,https://www.data.gov.in/catalog/dailyweekly-retail-prices-milk,https://www.openstreetmap.org/,2026-09-28 web verification of source availability,Derived,Calculated from DAHD BAHS 2025 Table 35 official state and All-India totals,Milk production is official government data; blank market/competition/price fields are intentionally unfilled until their respective source datasets are joined.,61.45,57.6299,3.8201000000000036,All-India average; NOT local market price,2026-09-28,Department of Consumer Affairs - Price Monitoring System,REAL_OFFICIAL_REFERENCE
IN-DAIRY-0343,343,India,Kerala,,,State/UT,2024-25,2024-25,Milk,Milk,2560.58,000 tonnes,1.033,All-India production share (%),6.6,,,,,,,,5,,,Pending local-data join,,,0,Not populated — needs local population/consumption/transactions,Not populated — needs OSM/Overpass or verified business directory,Not populated — government milk price series is separate,NOT LOCAL-MARKET COMPLETE,Cannot calculate until local competitors + local demand + local price are joined,"Join local competitor, population/demand and current price layers before scoring market gap",Official government — DAHD BAHS 2025,Missing,Official — DAHD BAHS 2025 Table 35,Not populated — requires Consumer Affairs price-series extraction,Not populated — Census/OGD layer to be joined,Not populated — OSM/Overpass business layer to be joined,Not populated — market/business geocoding layer to be joined,https://www.dahd.gov.in/schemes/programmes/animal-husbandry-statistics,https://www.data.gov.in/catalog/dailyweekly-retail-prices-milk,https://www.openstreetmap.org/,2026-09-28 web verification of source availability,Derived,Calculated from DAHD BAHS 2025 Table 35 official state and All-India totals,Milk production is official government data; blank market/competition/price fields are intentionally unfilled until their respective source datasets are joined.,61.45,57.6299,3.8201000000000036,All-India average; NOT local market price,2026-09-28,Department of Consumer Affairs - Price Monitoring System,REAL_OFFICIAL_REFERENCE
IN-DAIRY-0344,344,India,Madhya Pradesh,,,State/UT,2018-19,2018-19,Milk,Milk,15911.13,000 tonnes,8.4747,All-India production share (%),52.13,,,,,,,,5,,,Pending local-data join,,,0,Not populated — needs local population/consumption/transactions,Not populated — needs OSM/Overpass or verified business directory,Not populated — government milk price series is separate,NOT LOCAL-MARKET COMPLETE,Cannot calculate until local competitors + local demand + local price are joined,"Join local competitor, population/demand and current price layers before scoring market gap",Official government — DAHD BAHS 2025,Missing,Official — DAHD BAHS 2025 Table 35,Not populated — requires Consumer Affairs price-series extraction,Not populated — Census/OGD layer to be joined,Not populated — OSM/Overpass business layer to be joined,Not populated — market/business geocoding layer to be joined,https://www.dahd.gov.in/schemes/programmes/animal-husbandry-statistics,https://www.data.gov.in/catalog/dailyweekly-retail-prices-milk,https://www.openstreetmap.org/,2026-09-28 web verification of source availability,Derived,Calculated from DAHD BAHS 2025 Table 35 official state and All-India totals,Milk production is official government data; blank market/competition/price fields are intentionally unfilled until their respective source datasets are joined.,61.45,57.6299,3.8201000000000036,All-India average; NOT local market price,2026-09-28,Department of Consumer Affairs - Price Monitoring System,REAL_OFFICIAL_REFERENCE
IN-DAIRY-0345,345,India,Madhya Pradesh,,,State/UT,2019-20,2019-20,Milk,Milk,17108.96,000 tonnes,8.6217,All-India production share (%),53.69,,,,,,,,5,,,Pending local-data join,,,0,Not populated — needs local population/consumption/transactions,Not populated — needs OSM/Overpass or verified business directory,Not populated — government milk price series is separate,NOT LOCAL-MARKET COMPLETE,Cannot calculate until local competitors + local demand + local price are joined,"Join local competitor, population/demand and current price layers before scoring market gap",Official government — DAHD BAHS 2025,Missing,Official — DAHD BAHS 2025 Table 35,Not populated — requires Consumer Affairs price-series extraction,Not populated — Census/OGD layer to be joined,Not populated — OSM/Overpass business layer to be joined,Not populated — market/business geocoding layer to be joined,https://www.dahd.gov.in/schemes/programmes/animal-husbandry-statistics,https://www.data.gov.in/catalog/dailyweekly-retail-prices-milk,https://www.openstreetmap.org/,2026-09-28 web verification of source availability,Derived,Calculated from DAHD BAHS 2025 Table 35 official state and All-India totals,Milk production is official government data; blank market/competition/price fields are intentionally unfilled until their respective source datasets are joined.,61.45,57.6299,3.8201000000000036,All-India average; NOT local market price,2026-09-28,Department of Consumer Affairs - Price Monitoring System,REAL_OFFICIAL_REFERENCE
IN-DAIRY-0346,346,India,Madhya Pradesh,,,State/UT,2020-21,2020-21,Milk,Milk,17999.3,000 tonnes,8.5727,All-India production share (%),57.4,,,,,,,,5,,,Pending local-data join,,,0,Not populated — needs local population/consumption/transactions,Not populated — needs OSM/Overpass or verified business directory,Not populated — government milk price series is separate,NOT LOCAL-MARKET COMPLETE,Cannot calculate until local competitors + local demand + local price are joined,"Join local competitor, population/demand and current price layers before scoring market gap",Official government — DAHD BAHS 2025,Missing,Official — DAHD BAHS 2025 Table 35,Not populated — requires Consumer Affairs price-series extraction,Not populated — Census/OGD layer to be joined,Not populated — OSM/Overpass business layer to be joined,Not populated — market/business geocoding layer to be joined,https://www.dahd.gov.in/schemes/programmes/animal-husbandry-statistics,https://www.data.gov.in/catalog/dailyweekly-retail-prices-milk,https://www.openstreetmap.org/,2026-09-28 web verification of source availability,Derived,Calculated from DAHD BAHS 2025 Table 35 official state and All-India totals,Milk production is official government data; blank market/competition/price fields are intentionally unfilled until their respective source datasets are joined.,61.45,57.6299,3.8201000000000036,All-India average; NOT local market price,2026-09-28,Department of Consumer Affairs - Price Monitoring System,REAL_OFFICIAL_REFERENCE
IN-DAIRY-0347,347,India,Madhya Pradesh,,,State/UT,2021-22,2021-22,Milk,Milk,19004.25,000 tonnes,8.5578,All-India production share (%),56.1,,,,,,,,5,,,Pending local-data join,,,0,Not populated — needs local population/consumption/transactions,Not populated — needs OSM/Overpass or verified business directory,Not populated — government milk price series is separate,NOT LOCAL-MARKET COMPLETE,Cannot calculate until local competitors + local demand + local price are joined,"Join local competitor, population/demand and current price layers before scoring market gap",Official government — DAHD BAHS 2025,Missing,Official — DAHD BAHS 2025 Table 35,Not populated — requires Consumer Affairs price-series extraction,Not populated — Census/OGD layer to be joined,Not populated — OSM/Overpass business layer to be joined,Not populated — market/business geocoding layer to be joined,https://www.dahd.gov.in/schemes/programmes/animal-husbandry-statistics,https://www.data.gov.in/catalog/dailyweekly-retail-prices-milk,https://www.openstreetmap.org/,2026-09-28 web verification of source availability,Derived,Calculated from DAHD BAHS 2025 Table 35 official state and All-India totals,Milk production is official government data; blank market/competition/price fields are intentionally unfilled until their respective source datasets are joined.,61.45,57.6299,3.8201000000000036,All-India average; NOT local market price,2026-09-28,Department of Consumer Affairs - Price Monitoring System,REAL_OFFICIAL_REFERENCE
IN-DAIRY-0348,348,India,Madhya Pradesh,,,State/UT,2022-23,2022-23,Milk,Milk,20122.43,000 tonnes,8.727,All-India production share (%),55.52,,,,,,,,5,,,Pending local-data join,,,0,Not populated — needs local population/consumption/transactions,Not populated — needs OSM/Overpass or verified business directory,Not populated — government milk price series is separate,NOT LOCAL-MARKET COMPLETE,Cannot calculate until local competitors + local demand + local price are joined,"Join local competitor, population/demand and current price layers before scoring market gap",Official government — DAHD BAHS 2025,Missing,Official — DAHD BAHS 2025 Table 35,Not populated — requires Consumer Affairs price-series extraction,Not populated — Census/OGD layer to be joined,Not populated — OSM/Overpass business layer to be joined,Not populated — market/business geocoding layer to be joined,https://www.dahd.gov.in/schemes/programmes/animal-husbandry-statistics,https://www.data.gov.in/catalog/dailyweekly-retail-prices-milk,https://www.openstreetmap.org/,2026-09-28 web verification of source availability,Derived,Calculated from DAHD BAHS 2025 Table 35 official state and All-India totals,Milk production is official government data; blank market/competition/price fields are intentionally unfilled until their respective source datasets are joined.,61.45,57.6299,3.8201000000000036,All-India average; NOT local market price,2026-09-28,Department of Consumer Affairs - Price Monitoring System,REAL_OFFICIAL_REFERENCE
IN-DAIRY-0349,349,India,Madhya Pradesh,,,State/UT,2023-24,2023-24,Milk,Milk,21326.38,000 tonnes,8.912,All-India production share (%),54.99,,,,,,,,5,,,Pending local-data join,,,0,Not populated — needs local population/consumption/transactions,Not populated — needs OSM/Overpass or verified business directory,Not populated — government milk price series is separate,NOT LOCAL-MARKET COMPLETE,Cannot calculate until local competitors + local demand + local price are joined,"Join local competitor, population/demand and current price layers before scoring market gap",Official government — DAHD BAHS 2025,Missing,Official — DAHD BAHS 2025 Table 35,Not populated — requires Consumer Affairs price-series extraction,Not populated — Census/OGD layer to be joined,Not populated — OSM/Overpass business layer to be joined,Not populated — market/business geocoding layer to be joined,https://www.dahd.gov.in/schemes/programmes/animal-husbandry-statistics,https://www.data.gov.in/catalog/dailyweekly-retail-prices-milk,https://www.openstreetmap.org/,2026-09-28 web verification of source availability,Derived,Calculated from DAHD BAHS 2025 Table 35 official state and All-India totals,Milk production is official government data; blank market/competition/price fields are intentionally unfilled until their respective source datasets are joined.,61.45,57.6299,3.8201000000000036,All-India average; NOT local market price,2026-09-28,Department of Consumer Affairs - Price Monitoring System,REAL_OFFICIAL_REFERENCE
IN-DAIRY-0350,350,India,Madhya Pradesh,,,State/UT,2024-25,2024-25,Milk,Milk,22595.53,000 tonnes,9.1159,All-India production share (%),58.21,,,,,,,,5,,,Pending local-data join,,,0,Not populated — needs local population/consumption/transactions,Not populated — needs OSM/Overpass or verified business directory,Not populated — government milk price series is separate,NOT LOCAL-MARKET COMPLETE,Cannot calculate until local competitors + local demand + local price are joined,"Join local competitor, population/demand and current price layers before scoring market gap",Official government — DAHD BAHS 2025,Missing,Official — DAHD BAHS 2025 Table 35,Not populated — requires Consumer Affairs price-series extraction,Not populated — Census/OGD layer to be joined,Not populated — OSM/Overpass business layer to be joined,Not populated — market/business geocoding layer to be joined,https://www.dahd.gov.in/schemes/programmes/animal-husbandry-statistics,https://www.data.gov.in/catalog/dailyweekly-retail-prices-milk,https://www.openstreetmap.org/,2026-09-28 web verification of source availability,Derived,Calculated from DAHD BAHS 2025 Table 35 official state and All-India totals,Milk production is official government data; blank market/competition/price fields are intentionally unfilled until their respective source datasets are joined.,61.45,57.6299,3.8201000000000036,All-India average; NOT local market price,2026-09-28,Department of Consumer Affairs - Price Monitoring System,REAL_OFFICIAL_REFERENCE
IN-DAIRY-0351,351,India,Maharashtra,,,State/UT,2018-19,2018-19,Milk,Milk,11655.46,000 tonnes,6.208,All-India production share (%),38.19,,,,,,,,5,,,Pending local-data join,,,0,Not populated — needs local population/consumption/transactions,Not populated — needs OSM/Overpass or verified business directory,Not populated — government milk price series is separate,NOT LOCAL-MARKET COMPLETE,Cannot calculate until local competitors + local demand + local price are joined,"Join local competitor, population/demand and current price layers before scoring market gap",Official government — DAHD BAHS 2025,Missing,Official — DAHD BAHS 2025 Table 35,Not populated — requires Consumer Affairs price-series extraction,Not populated — Census/OGD layer to be joined,Not populated — OSM/Overpass business layer to be joined,Not populated — market/business geocoding layer to be joined,https://www.dahd.gov.in/schemes/programmes/animal-husbandry-statistics,https://www.data.gov.in/catalog/dailyweekly-retail-prices-milk,https://www.openstreetmap.org/,2026-09-28 web verification of source availability,Derived,Calculated from DAHD BAHS 2025 Table 35 official state and All-India totals,Milk production is official government data; blank market/competition/price fields are intentionally unfilled until their respective source datasets are joined.,61.45,57.6299,3.8201000000000036,All-India average; NOT local market price,2026-09-28,Department of Consumer Affairs - Price Monitoring System,REAL_OFFICIAL_REFERENCE
IN-DAIRY-0352,352,India,Maharashtra,,,State/UT,2019-20,2019-20,Milk,Milk,12024.26,000 tonnes,6.0594,All-India production share (%),37.73,,,,,,,,5,,,Pending local-data join,,,0,Not populated — needs local population/consumption/transactions,Not populated — needs OSM/Overpass or verified business directory,Not populated — government milk price series is separate,NOT LOCAL-MARKET COMPLETE,Cannot calculate until local competitors + local demand + local price are joined,"Join local competitor, population/demand and current price layers before scoring market gap",Official government — DAHD BAHS 2025,Missing,Official — DAHD BAHS 2025 Table 35,Not populated — requires Consumer Affairs price-series extraction,Not populated — Census/OGD layer to be joined,Not populated — OSM/Overpass business layer to be joined,Not populated — market/business geocoding layer to be joined,https://www.dahd.gov.in/schemes/programmes/animal-husbandry-statistics,https://www.data.gov.in/catalog/dailyweekly-retail-prices-milk,https://www.openstreetmap.org/,2026-09-28 web verification of source availability,Derived,Calculated from DAHD BAHS 2025 Table 35 official state and All-India totals,Milk production is official government data; blank market/competition/price fields are intentionally unfilled until their respective source datasets are joined.,61.45,57.6299,3.8201000000000036,All-India average; NOT local market price,2026-09-28,Department of Consumer Affairs - Price Monitoring System,REAL_OFFICIAL_REFERENCE
IN-DAIRY-0353,353,India,Maharashtra,,,State/UT,2020-21,2020-21,Milk,Milk,13703.32,000 tonnes,6.5266,All-India production share (%),43.7,,,,,,,,5,,,Pending local-data join,,,0,Not populated — needs local population/consumption/transactions,Not populated — needs OSM/Overpass or verified business directory,Not populated — government milk price series is separate,NOT LOCAL-MARKET COMPLETE,Cannot calculate until local competitors + local demand + local price are joined,"Join local competitor, population/demand and current price layers before scoring market gap",Official government — DAHD BAHS 2025,Missing,Official — DAHD BAHS 2025 Table 35,Not populated — requires Consumer Affairs price-series extraction,Not populated — Census/OGD layer to be joined,Not populated — OSM/Overpass business layer to be joined,Not populated — market/business geocoding layer to be joined,https://www.dahd.gov.in/schemes/programmes/animal-husbandry-statistics,https://www.data.gov.in/catalog/dailyweekly-retail-prices-milk,https://www.openstreetmap.org/,2026-09-28 web verification of source availability,Derived,Calculated from DAHD BAHS 2025 Table 35 official state and All-India totals,Milk production is official government data; blank market/competition/price fields are intentionally unfilled until their respective source datasets are joined.,61.45,57.6299,3.8201000000000036,All-India average; NOT local market price,2026-09-28,Department of Consumer Affairs - Price Monitoring System,REAL_OFFICIAL_REFERENCE
IN-DAIRY-0354,354,India,Maharashtra,,,State/UT,2021-22,2021-22,Milk,Milk,14304.51,000 tonnes,6.4415,All-India production share (%),42.23,,,,,,,,5,,,Pending local-data join,,,0,Not populated — needs local population/consumption/transactions,Not populated — needs OSM/Overpass or verified business directory,Not populated — government milk price series is separate,NOT LOCAL-MARKET COMPLETE,Cannot calculate until local competitors + local demand + local price are joined,"Join local competitor, population/demand and current price layers before scoring market gap",Official government — DAHD BAHS 2025,Missing,Official — DAHD BAHS 2025 Table 35,Not populated — requires Consumer Affairs price-series extraction,Not populated — Census/OGD layer to be joined,Not populated — OSM/Overpass business layer to be joined,Not populated — market/business geocoding layer to be joined,https://www.dahd.gov.in/schemes/programmes/animal-husbandry-statistics,https://www.data.gov.in/catalog/dailyweekly-retail-prices-milk,https://www.openstreetmap.org/,2026-09-28 web verification of source availability,Derived,Calculated from DAHD BAHS 2025 Table 35 official state and All-India totals,Milk production is official government data; blank market/competition/price fields are intentionally unfilled until their respective source datasets are joined.,61.45,57.6299,3.8201000000000036,All-India average; NOT local market price,2026-09-28,Department of Consumer Affairs - Price Monitoring System,REAL_OFFICIAL_REFERENCE
IN-DAIRY-0355,355,India,Maharashtra,,,State/UT,2022-23,2022-23,Milk,Milk,15041.86,000 tonnes,6.5236,All-India production share (%),41.5,,,,,,,,5,,,Pending local-data join,,,0,Not populated — needs local population/consumption/transactions,Not populated — needs OSM/Overpass or verified business directory,Not populated — government milk price series is separate,NOT LOCAL-MARKET COMPLETE,Cannot calculate until local competitors + local demand + local price are joined,"Join local competitor, population/demand and current price layers before scoring market gap",Official government — DAHD BAHS 2025,Missing,Official — DAHD BAHS 2025 Table 35,Not populated — requires Consumer Affairs price-series extraction,Not populated — Census/OGD layer to be joined,Not populated — OSM/Overpass business layer to be joined,Not populated — market/business geocoding layer to be joined,https://www.dahd.gov.in/schemes/programmes/animal-husbandry-statistics,https://www.data.gov.in/catalog/dailyweekly-retail-prices-milk,https://www.openstreetmap.org/,2026-09-28 web verification of source availability,Derived,Calculated from DAHD BAHS 2025 Table 35 official state and All-India totals,Milk production is official government data; blank market/competition/price fields are intentionally unfilled until their respective source datasets are joined.,61.45,57.6299,3.8201000000000036,All-India average; NOT local market price,2026-09-28,Department of Consumer Affairs - Price Monitoring System,REAL_OFFICIAL_REFERENCE
IN-DAIRY-0356,356,India,Maharashtra,,,State/UT,2023-24,2023-24,Milk,Milk,16045.41,000 tonnes,6.7052,All-India production share (%),41.38,,,,,,,,5,,,Pending local-data join,,,0,Not populated — needs local population/consumption/transactions,Not populated — needs OSM/Overpass or verified business directory,Not populated — government milk price series is separate,NOT LOCAL-MARKET COMPLETE,Cannot calculate until local competitors + local demand + local price are joined,"Join local competitor, population/demand and current price layers before scoring market gap",Official government — DAHD BAHS 2025,Missing,Official — DAHD BAHS 2025 Table 35,Not populated — requires Consumer Affairs price-series extraction,Not populated — Census/OGD layer to be joined,Not populated — OSM/Overpass business layer to be joined,Not populated — market/business geocoding layer to be joined,https://www.dahd.gov.in/schemes/programmes/animal-husbandry-statistics,https://www.data.gov.in/catalog/dailyweekly-retail-prices-milk,https://www.openstreetmap.org/,2026-09-28 web verification of source availability,Derived,Calculated from DAHD BAHS 2025 Table 35 official state and All-India totals,Milk production is official government data; blank market/competition/price fields are intentionally unfilled until their respective source datasets are joined.,61.45,57.6299,3.8201000000000036,All-India average; NOT local market price,2026-09-28,Department of Consumer Affairs - Price Monitoring System,REAL_OFFICIAL_REFERENCE
IN-DAIRY-0357,357,India,Maharashtra,,,State/UT,2024-25,2024-25,Milk,Milk,16625.59,000 tonnes,6.7074,All-India production share (%),42.83,,,,,,,,5,,,Pending local-data join,,,0,Not populated — needs local population/consumption/transactions,Not populated — needs OSM/Overpass or verified business directory,Not populated — government milk price series is separate,NOT LOCAL-MARKET COMPLETE,Cannot calculate until local competitors + local demand + local price are joined,"Join local competitor, population/demand and current price layers before scoring market gap",Official government — DAHD BAHS 2025,Missing,Official — DAHD BAHS 2025 Table 35,Not populated — requires Consumer Affairs price-series extraction,Not populated — Census/OGD layer to be joined,Not populated — OSM/Overpass business layer to be joined,Not populated — market/business geocoding layer to be joined,https://www.dahd.gov.in/schemes/programmes/animal-husbandry-statistics,https://www.data.gov.in/catalog/dailyweekly-retail-prices-milk,https://www.openstreetmap.org/,2026-09-28 web verification of source availability,Derived,Calculated from DAHD BAHS 2025 Table 35 official state and All-India totals,Milk production is official government data; blank market/competition/price fields are intentionally unfilled until their respective source datasets are joined.,61.45,57.6299,3.8201000000000036,All-India average; NOT local market price,2026-09-28,Department of Consumer Affairs - Price Monitoring System,REAL_OFFICIAL_REFERENCE
IN-DAIRY-0358,358,India,Manipur,,,State/UT,2018-19,2018-19,Milk,Milk,85.75,000 tonnes,0.0457,All-India production share (%),0.28,,,,,,,,5,,,Pending local-data join,,,0,Not populated — needs local population/consumption/transactions,Not populated — needs OSM/Overpass or verified business directory,Not populated — government milk price series is separate,NOT LOCAL-MARKET COMPLETE,Cannot calculate until local competitors + local demand + local price are joined,"Join local competitor, population/demand and current price layers before scoring market gap",Official government — DAHD BAHS 2025,Missing,Official — DAHD BAHS 2025 Table 35,Not populated — requires Consumer Affairs price-series extraction,Not populated — Census/OGD layer to be joined,Not populated — OSM/Overpass business layer to be joined,Not populated — market/business geocoding layer to be joined,https://www.dahd.gov.in/schemes/programmes/animal-husbandry-statistics,https://www.data.gov.in/catalog/dailyweekly-retail-prices-milk,https://www.openstreetmap.org/,2026-09-28 web verification of source availability,Derived,Calculated from DAHD BAHS 2025 Table 35 official state and All-India totals,Milk production is official government data; blank market/competition/price fields are intentionally unfilled until their respective source datasets are joined.,61.45,57.6299,3.8201000000000036,All-India average; NOT local market price,2026-09-28,Department of Consumer Affairs - Price Monitoring System,REAL_OFFICIAL_REFERENCE
IN-DAIRY-0359,359,India,Manipur,,,State/UT,2019-20,2019-20,Milk,Milk,89.65,000 tonnes,0.0452,All-India production share (%),0.28,,,,,,,,5,,,Pending local-data join,,,0,Not populated — needs local population/consumption/transactions,Not populated — needs OSM/Overpass or verified business directory,Not populated — government milk price series is separate,NOT LOCAL-MARKET COMPLETE,Cannot calculate until local competitors + local demand + local price are joined,"Join local competitor, population/demand and current price layers before scoring market gap",Official government — DAHD BAHS 2025,Missing,Official — DAHD BAHS 2025 Table 35,Not populated — requires Consumer Affairs price-series extraction,Not populated — Census/OGD layer to be joined,Not populated — OSM/Overpass business layer to be joined,Not populated — market/business geocoding layer to be joined,https://www.dahd.gov.in/schemes/programmes/animal-husbandry-statistics,https://www.data.gov.in/catalog/dailyweekly-retail-prices-milk,https://www.openstreetmap.org/,2026-09-28 web verification of source availability,Derived,Calculated from DAHD BAHS 2025 Table 35 official state and All-India totals,Milk production is official government data; blank market/competition/price fields are intentionally unfilled until their respective source datasets are joined.,61.45,57.6299,3.8201000000000036,All-India average; NOT local market price,2026-09-28,Department of Consumer Affairs - Price Monitoring System,REAL_OFFICIAL_REFERENCE
IN-DAIRY-0360,360,India,Manipur,,,State/UT,2020-21,2020-21,Milk,Milk,71.05,000 tonnes,0.0338,All-India production share (%),0.22,,,,,,,,5,,,Pending local-data join,,,0,Not populated — needs local population/consumption/transactions,Not populated — needs OSM/Overpass or verified business directory,Not populated — government milk price series is separate,NOT LOCAL-MARKET COMPLETE,Cannot calculate until local competitors + local demand + local price are joined,"Join local competitor, population/demand and current price layers before scoring market gap",Official government — DAHD BAHS 2025,Missing,Official — DAHD BAHS 2025 Table 35,Not populated — requires Consumer Affairs price-series extraction,Not populated — Census/OGD layer to be joined,Not populated — OSM/Overpass business layer to be joined,Not populated — market/business geocoding layer to be joined,https://www.dahd.gov.in/schemes/programmes/animal-husbandry-statistics,https://www.data.gov.in/catalog/dailyweekly-retail-prices-milk,https://www.openstreetmap.org/,2026-09-28 web verification of source availability,Derived,Calculated from DAHD BAHS 2025 Table 35 official state and All-India totals,Milk production is official government data; blank market/competition/price fields are intentionally unfilled until their respective source datasets are joined.,61.45,57.6299,3.8201000000000036,All-India average; NOT local market price,2026-09-28,Department of Consumer Affairs - Price Monitoring System,REAL_OFFICIAL_REFERENCE
IN-DAIRY-0361,361,India,Manipur,,,State/UT,2021-22,2021-22,Milk,Milk,75.55,000 tonnes,0.034,All-India production share (%),0.22,,,,,,,,5,,,Pending local-data join,,,0,Not populated — needs local population/consumption/transactions,Not populated — needs OSM/Overpass or verified business directory,Not populated — government milk price series is separate,NOT LOCAL-MARKET COMPLETE,Cannot calculate until local competitors + local demand + local price are joined,"Join local competitor, population/demand and current price layers before scoring market gap",Official government — DAHD BAHS 2025,Missing,Official — DAHD BAHS 2025 Table 35,Not populated — requires Consumer Affairs price-series extraction,Not populated — Census/OGD layer to be joined,Not populated — OSM/Overpass business layer to be joined,Not populated — market/business geocoding layer to be joined,https://www.dahd.gov.in/schemes/programmes/animal-husbandry-statistics,https://www.data.gov.in/catalog/dailyweekly-retail-prices-milk,https://www.openstreetmap.org/,2026-09-28 web verification of source availability,Derived,Calculated from DAHD BAHS 2025 Table 35 official state and All-India totals,Milk production is official government data; blank market/competition/price fields are intentionally unfilled until their respective source datasets are joined.,61.45,57.6299,3.8201000000000036,All-India average; NOT local market price,2026-09-28,Department of Consumer Affairs - Price Monitoring System,REAL_OFFICIAL_REFERENCE
IN-DAIRY-0362,362,India,Manipur,,,State/UT,2022-23,2022-23,Milk,Milk,71.87,000 tonnes,0.0312,All-India production share (%),0.2,,,,,,,,5,,,Pending local-data join,,,0,Not populated — needs local population/consumption/transactions,Not populated — needs OSM/Overpass or verified business directory,Not populated — government milk price series is separate,NOT LOCAL-MARKET COMPLETE,Cannot calculate until local competitors + local demand + local price are joined,"Join local competitor, population/demand and current price layers before scoring market gap",Official government — DAHD BAHS 2025,Missing,Official — DAHD BAHS 2025 Table 35,Not populated — requires Consumer Affairs price-series extraction,Not populated — Census/OGD layer to be joined,Not populated — OSM/Overpass business layer to be joined,Not populated — market/business geocoding layer to be joined,https://www.dahd.gov.in/schemes/programmes/animal-husbandry-statistics,https://www.data.gov.in/catalog/dailyweekly-retail-prices-milk,https://www.openstreetmap.org/,2026-09-28 web verification of source availability,Derived,Calculated from DAHD BAHS 2025 Table 35 official state and All-India totals,Milk production is official government data; blank market/competition/price fields are intentionally unfilled until their respective source datasets are joined.,61.45,57.6299,3.8201000000000036,All-India average; NOT local market price,2026-09-28,Department of Consumer Affairs - Price Monitoring System,REAL_OFFICIAL_REFERENCE
IN-DAIRY-0363,363,India,Manipur,,,State/UT,2023-24,2023-24,Milk,Milk,63.37,000 tonnes,0.0265,All-India production share (%),0.16,,,,,,,,5,,,Pending local-data join,,,0,Not populated — needs local population/consumption/transactions,Not populated — needs OSM/Overpass or verified business directory,Not populated — government milk price series is separate,NOT LOCAL-MARKET COMPLETE,Cannot calculate until local competitors + local demand + local price are joined,"Join local competitor, population/demand and current price layers before scoring market gap",Official government — DAHD BAHS 2025,Missing,Official — DAHD BAHS 2025 Table 35,Not populated — requires Consumer Affairs price-series extraction,Not populated — Census/OGD layer to be joined,Not populated — OSM/Overpass business layer to be joined,Not populated — market/business geocoding layer to be joined,https://www.dahd.gov.in/schemes/programmes/animal-husbandry-statistics,https://www.data.gov.in/catalog/dailyweekly-retail-prices-milk,https://www.openstreetmap.org/,2026-09-28 web verification of source availability,Derived,Calculated from DAHD BAHS 2025 Table 35 official state and All-India totals,Milk production is official government data; blank market/competition/price fields are intentionally unfilled until their respective source datasets are joined.,61.45,57.6299,3.8201000000000036,All-India average; NOT local market price,2026-09-28,Department of Consumer Affairs - Price Monitoring System,REAL_OFFICIAL_REFERENCE
IN-DAIRY-0364,364,India,Manipur,,,State/UT,2024-25,2024-25,Milk,Milk,48.89,000 tonnes,0.0197,All-India production share (%),0.12,,,,,,,,5,,,Pending local-data join,,,0,Not populated — needs local population/consumption/transactions,Not populated — needs OSM/Overpass or verified business directory,Not populated — government milk price series is separate,NOT LOCAL-MARKET COMPLETE,Cannot calculate until local competitors + local demand + local price are joined,"Join local competitor, population/demand and current price layers before scoring market gap",Official government — DAHD BAHS 2025,Missing,Official — DAHD BAHS 2025 Table 35,Not populated — requires Consumer Affairs price-series extraction,Not populated — Census/OGD layer to be joined,Not populated — OSM/Overpass business layer to be joined,Not populated — market/business geocoding layer to be joined,https://www.dahd.gov.in/schemes/programmes/animal-husbandry-statistics,https://www.data.gov.in/catalog/dailyweekly-retail-prices-milk,https://www.openstreetmap.org/,2026-09-28 web verification of source availability,Derived,Calculated from DAHD BAHS 2025 Table 35 official state and All-India totals,Milk production is official government data; blank market/competition/price fields are intentionally unfilled until their respective source datasets are joined.,61.45,57.6299,3.8201000000000036,All-India average; NOT local market price,2026-09-28,Department of Consumer Affairs - Price Monitoring System,REAL_OFFICIAL_REFERENCE
IN-DAIRY-0365,365,India,Meghalaya,,,State/UT,2018-19,2018-19,Milk,Milk,86.61,000 tonnes,0.0461,All-India production share (%),0.28,,,,,,,,5,,,Pending local-data join,,,0,Not populated — needs local population/consumption/transactions,Not populated — needs OSM/Overpass or verified business directory,Not populated — government milk price series is separate,NOT LOCAL-MARKET COMPLETE,Cannot calculate until local competitors + local demand + local price are joined,"Join local competitor, population/demand and current price layers before scoring market gap",Official government — DAHD BAHS 2025,Missing,Official — DAHD BAHS 2025 Table 35,Not populated — requires Consumer Affairs price-series extraction,Not populated — Census/OGD layer to be joined,Not populated — OSM/Overpass business layer to be joined,Not populated — market/business geocoding layer to be joined,https://www.dahd.gov.in/schemes/programmes/animal-husbandry-statistics,https://www.data.gov.in/catalog/dailyweekly-retail-prices-milk,https://www.openstreetmap.org/,2026-09-28 web verification of source availability,Derived,Calculated from DAHD BAHS 2025 Table 35 official state and All-India totals,Milk production is official government data; blank market/competition/price fields are intentionally unfilled until their respective source datasets are joined.,61.45,57.6299,3.8201000000000036,All-India average; NOT local market price,2026-09-28,Department of Consumer Affairs - Price Monitoring System,REAL_OFFICIAL_REFERENCE
IN-DAIRY-0366,366,India,Meghalaya,,,State/UT,2019-20,2019-20,Milk,Milk,87.6,000 tonnes,0.0441,All-India production share (%),0.27,,,,,,,,5,,,Pending local-data join,,,0,Not populated — needs local population/consumption/transactions,Not populated — needs OSM/Overpass or verified business directory,Not populated — government milk price series is separate,NOT LOCAL-MARKET COMPLETE,Cannot calculate until local competitors + local demand + local price are joined,"Join local competitor, population/demand and current price layers before scoring market gap",Official government — DAHD BAHS 2025,Missing,Official — DAHD BAHS 2025 Table 35,Not populated — requires Consumer Affairs price-series extraction,Not populated — Census/OGD layer to be joined,Not populated — OSM/Overpass business layer to be joined,Not populated — market/business geocoding layer to be joined,https://www.dahd.gov.in/schemes/programmes/animal-husbandry-statistics,https://www.data.gov.in/catalog/dailyweekly-retail-prices-milk,https://www.openstreetmap.org/,2026-09-28 web verification of source availability,Derived,Calculated from DAHD BAHS 2025 Table 35 official state and All-India totals,Milk production is official government data; blank market/competition/price fields are intentionally unfilled until their respective source datasets are joined.,61.45,57.6299,3.8201000000000036,All-India average; NOT local market price,2026-09-28,Department of Consumer Affairs - Price Monitoring System,REAL_OFFICIAL_REFERENCE
IN-DAIRY-0367,367,India,Meghalaya,,,State/UT,2020-21,2020-21,Milk,Milk,89.14,000 tonnes,0.0425,All-India production share (%),0.28,,,,,,,,5,,,Pending local-data join,,,0,Not populated — needs local population/consumption/transactions,Not populated — needs OSM/Overpass or verified business directory,Not populated — government milk price series is separate,NOT LOCAL-MARKET COMPLETE,Cannot calculate until local competitors + local demand + local price are joined,"Join local competitor, population/demand and current price layers before scoring market gap",Official government — DAHD BAHS 2025,Missing,Official — DAHD BAHS 2025 Table 35,Not populated — requires Consumer Affairs price-series extraction,Not populated — Census/OGD layer to be joined,Not populated — OSM/Overpass business layer to be joined,Not populated — market/business geocoding layer to be joined,https://www.dahd.gov.in/schemes/programmes/animal-husbandry-statistics,https://www.data.gov.in/catalog/dailyweekly-retail-prices-milk,https://www.openstreetmap.org/,2026-09-28 web verification of source availability,Derived,Calculated from DAHD BAHS 2025 Table 35 official state and All-India totals,Milk production is official government data; blank market/competition/price fields are intentionally unfilled until their respective source datasets are joined.,61.45,57.6299,3.8201000000000036,All-India average; NOT local market price,2026-09-28,Department of Consumer Affairs - Price Monitoring System,REAL_OFFICIAL_REFERENCE
IN-DAIRY-0368,368,India,Meghalaya,,,State/UT,2021-22,2021-22,Milk,Milk,90.23,000 tonnes,0.0406,All-India production share (%),0.27,,,,,,,,5,,,Pending local-data join,,,0,Not populated — needs local population/consumption/transactions,Not populated — needs OSM/Overpass or verified business directory,Not populated — government milk price series is separate,NOT LOCAL-MARKET COMPLETE,Cannot calculate until local competitors + local demand + local price are joined,"Join local competitor, population/demand and current price layers before scoring market gap",Official government — DAHD BAHS 2025,Missing,Official — DAHD BAHS 2025 Table 35,Not populated — requires Consumer Affairs price-series extraction,Not populated — Census/OGD layer to be joined,Not populated — OSM/Overpass business layer to be joined,Not populated — market/business geocoding layer to be joined,https://www.dahd.gov.in/schemes/programmes/animal-husbandry-statistics,https://www.data.gov.in/catalog/dailyweekly-retail-prices-milk,https://www.openstreetmap.org/,2026-09-28 web verification of source availability,Derived,Calculated from DAHD BAHS 2025 Table 35 official state and All-India totals,Milk production is official government data; blank market/competition/price fields are intentionally unfilled until their respective source datasets are joined.,61.45,57.6299,3.8201000000000036,All-India average; NOT local market price,2026-09-28,Department of Consumer Affairs - Price Monitoring System,REAL_OFFICIAL_REFERENCE
IN-DAIRY-0369,369,India,Meghalaya,,,State/UT,2022-23,2022-23,Milk,Milk,93.51,000 tonnes,0.0406,All-India production share (%),0.26,,,,,,,,5,,,Pending local-data join,,,0,Not populated — needs local population/consumption/transactions,Not populated — needs OSM/Overpass or verified business directory,Not populated — government milk price series is separate,NOT LOCAL-MARKET COMPLETE,Cannot calculate until local competitors + local demand + local price are joined,"Join local competitor, population/demand and current price layers before scoring market gap",Official government — DAHD BAHS 2025,Missing,Official — DAHD BAHS 2025 Table 35,Not populated — requires Consumer Affairs price-series extraction,Not populated — Census/OGD layer to be joined,Not populated — OSM/Overpass business layer to be joined,Not populated — market/business geocoding layer to be joined,https://www.dahd.gov.in/schemes/programmes/animal-husbandry-statistics,https://www.data.gov.in/catalog/dailyweekly-retail-prices-milk,https://www.openstreetmap.org/,2026-09-28 web verification of source availability,Derived,Calculated from DAHD BAHS 2025 Table 35 official state and All-India totals,Milk production is official government data; blank market/competition/price fields are intentionally unfilled until their respective source datasets are joined.,61.45,57.6299,3.8201000000000036,All-India average; NOT local market price,2026-09-28,Department of Consumer Affairs - Price Monitoring System,REAL_OFFICIAL_REFERENCE
IN-DAIRY-0370,370,India,Meghalaya,,,State/UT,2023-24,2023-24,Milk,Milk,97.04,000 tonnes,0.0406,All-India production share (%),0.25,,,,,,,,5,,,Pending local-data join,,,0,Not populated — needs local population/consumption/transactions,Not populated — needs OSM/Overpass or verified business directory,Not populated — government milk price series is separate,NOT LOCAL-MARKET COMPLETE,Cannot calculate until local competitors + local demand + local price are joined,"Join local competitor, population/demand and current price layers before scoring market gap",Official government — DAHD BAHS 2025,Missing,Official — DAHD BAHS 2025 Table 35,Not populated — requires Consumer Affairs price-series extraction,Not populated — Census/OGD layer to be joined,Not populated — OSM/Overpass business layer to be joined,Not populated — market/business geocoding layer to be joined,https://www.dahd.gov.in/schemes/programmes/animal-husbandry-statistics,https://www.data.gov.in/catalog/dailyweekly-retail-prices-milk,https://www.openstreetmap.org/,2026-09-28 web verification of source availability,Derived,Calculated from DAHD BAHS 2025 Table 35 official state and All-India totals,Milk production is official government data; blank market/competition/price fields are intentionally unfilled until their respective source datasets are joined.,61.45,57.6299,3.8201000000000036,All-India average; NOT local market price,2026-09-28,Department of Consumer Affairs - Price Monitoring System,REAL_OFFICIAL_REFERENCE
IN-DAIRY-0371,371,India,Meghalaya,,,State/UT,2024-25,2024-25,Milk,Milk,93.95,000 tonnes,0.0379,All-India production share (%),0.24,,,,,,,,5,,,Pending local-data join,,,0,Not populated — needs local population/consumption/transactions,Not populated — needs OSM/Overpass or verified business directory,Not populated — government milk price series is separate,NOT LOCAL-MARKET COMPLETE,Cannot calculate until local competitors + local demand + local price are joined,"Join local competitor, population/demand and current price layers before scoring market gap",Official government — DAHD BAHS 2025,Missing,Official — DAHD BAHS 2025 Table 35,Not populated — requires Consumer Affairs price-series extraction,Not populated — Census/OGD layer to be joined,Not populated — OSM/Overpass business layer to be joined,Not populated — market/business geocoding layer to be joined,https://www.dahd.gov.in/schemes/programmes/animal-husbandry-statistics,https://www.data.gov.in/catalog/dailyweekly-retail-prices-milk,https://www.openstreetmap.org/,2026-09-28 web verification of source availability,Derived,Calculated from DAHD BAHS 2025 Table 35 official state and All-India totals,Milk production is official government data; blank market/competition/price fields are intentionally unfilled until their respective source datasets are joined.,61.45,57.6299,3.8201000000000036,All-India average; NOT local market price,2026-09-28,Department of Consumer Affairs - Price Monitoring System,REAL_OFFICIAL_REFERENCE
IN-DAIRY-0372,372,India,Mizoram,,,State/UT,2018-19,2018-19,Milk,Milk,25.75,000 tonnes,0.0137,All-India production share (%),0.08,,,,,,,,5,,,Pending local-data join,,,0,Not populated — needs local population/consumption/transactions,Not populated — needs OSM/Overpass or verified business directory,Not populated — government milk price series is separate,NOT LOCAL-MARKET COMPLETE,Cannot calculate until local competitors + local demand + local price are joined,"Join local competitor, population/demand and current price layers before scoring market gap",Official government — DAHD BAHS 2025,Missing,Official — DAHD BAHS 2025 Table 35,Not populated — requires Consumer Affairs price-series extraction,Not populated — Census/OGD layer to be joined,Not populated — OSM/Overpass business layer to be joined,Not populated — market/business geocoding layer to be joined,https://www.dahd.gov.in/schemes/programmes/animal-husbandry-statistics,https://www.data.gov.in/catalog/dailyweekly-retail-prices-milk,https://www.openstreetmap.org/,2026-09-28 web verification of source availability,Derived,Calculated from DAHD BAHS 2025 Table 35 official state and All-India totals,Milk production is official government data; blank market/competition/price fields are intentionally unfilled until their respective source datasets are joined.,61.45,57.6299,3.8201000000000036,All-India average; NOT local market price,2026-09-28,Department of Consumer Affairs - Price Monitoring System,REAL_OFFICIAL_REFERENCE
IN-DAIRY-0373,373,India,Mizoram,,,State/UT,2019-20,2019-20,Milk,Milk,23.53,000 tonnes,0.0119,All-India production share (%),0.07,,,,,,,,5,,,Pending local-data join,,,0,Not populated — needs local population/consumption/transactions,Not populated — needs OSM/Overpass or verified business directory,Not populated — government milk price series is separate,NOT LOCAL-MARKET COMPLETE,Cannot calculate until local competitors + local demand + local price are joined,"Join local competitor, population/demand and current price layers before scoring market gap",Official government — DAHD BAHS 2025,Missing,Official — DAHD BAHS 2025 Table 35,Not populated — requires Consumer Affairs price-series extraction,Not populated — Census/OGD layer to be joined,Not populated — OSM/Overpass business layer to be joined,Not populated — market/business geocoding layer to be joined,https://www.dahd.gov.in/schemes/programmes/animal-husbandry-statistics,https://www.data.gov.in/catalog/dailyweekly-retail-prices-milk,https://www.openstreetmap.org/,2026-09-28 web verification of source availability,Derived,Calculated from DAHD BAHS 2025 Table 35 official state and All-India totals,Milk production is official government data; blank market/competition/price fields are intentionally unfilled until their respective source datasets are joined.,61.45,57.6299,3.8201000000000036,All-India average; NOT local market price,2026-09-28,Department of Consumer Affairs - Price Monitoring System,REAL_OFFICIAL_REFERENCE
IN-DAIRY-0374,374,India,Mizoram,,,State/UT,2020-21,2020-21,Milk,Milk,25.38,000 tonnes,0.0121,All-India production share (%),0.08,,,,,,,,5,,,Pending local-data join,,,0,Not populated — needs local population/consumption/transactions,Not populated — needs OSM/Overpass or verified business directory,Not populated — government milk price series is separate,NOT LOCAL-MARKET COMPLETE,Cannot calculate until local competitors + local demand + local price are joined,"Join local competitor, population/demand and current price layers before scoring market gap",Official government — DAHD BAHS 2025,Missing,Official — DAHD BAHS 2025 Table 35,Not populated — requires Consumer Affairs price-series extraction,Not populated — Census/OGD layer to be joined,Not populated — OSM/Overpass business layer to be joined,Not populated — market/business geocoding layer to be joined,https://www.dahd.gov.in/schemes/programmes/animal-husbandry-statistics,https://www.data.gov.in/catalog/dailyweekly-retail-prices-milk,https://www.openstreetmap.org/,2026-09-28 web verification of source availability,Derived,Calculated from DAHD BAHS 2025 Table 35 official state and All-India totals,Milk production is official government data; blank market/competition/price fields are intentionally unfilled until their respective source datasets are joined.,61.45,57.6299,3.8201000000000036,All-India average; NOT local market price,2026-09-28,Department of Consumer Affairs - Price Monitoring System,REAL_OFFICIAL_REFERENCE
IN-DAIRY-0375,375,India,Mizoram,,,State/UT,2021-22,2021-22,Milk,Milk,24.59,000 tonnes,0.0111,All-India production share (%),0.07,,,,,,,,5,,,Pending local-data join,,,0,Not populated — needs local population/consumption/transactions,Not populated — needs OSM/Overpass or verified business directory,Not populated — government milk price series is separate,NOT LOCAL-MARKET COMPLETE,Cannot calculate until local competitors + local demand + local price are joined,"Join local competitor, population/demand and current price layers before scoring market gap",Official government — DAHD BAHS 2025,Missing,Official — DAHD BAHS 2025 Table 35,Not populated — requires Consumer Affairs price-series extraction,Not populated — Census/OGD layer to be joined,Not populated — OSM/Overpass business layer to be joined,Not populated — market/business geocoding layer to be joined,https://www.dahd.gov.in/schemes/programmes/animal-husbandry-statistics,https://www.data.gov.in/catalog/dailyweekly-retail-prices-milk,https://www.openstreetmap.org/,2026-09-28 web verification of source availability,Derived,Calculated from DAHD BAHS 2025 Table 35 official state and All-India totals,Milk production is official government data; blank market/competition/price fields are intentionally unfilled until their respective source datasets are joined.,61.45,57.6299,3.8201000000000036,All-India average; NOT local market price,2026-09-28,Department of Consumer Affairs - Price Monitoring System,REAL_OFFICIAL_REFERENCE
IN-DAIRY-0376,376,India,Mizoram,,,State/UT,2022-23,2022-23,Milk,Milk,24.48,000 tonnes,0.0106,All-India production share (%),0.07,,,,,,,,5,,,Pending local-data join,,,0,Not populated — needs local population/consumption/transactions,Not populated — needs OSM/Overpass or verified business directory,Not populated — government milk price series is separate,NOT LOCAL-MARKET COMPLETE,Cannot calculate until local competitors + local demand + local price are joined,"Join local competitor, population/demand and current price layers before scoring market gap",Official government — DAHD BAHS 2025,Missing,Official — DAHD BAHS 2025 Table 35,Not populated — requires Consumer Affairs price-series extraction,Not populated — Census/OGD layer to be joined,Not populated — OSM/Overpass business layer to be joined,Not populated — market/business geocoding layer to be joined,https://www.dahd.gov.in/schemes/programmes/animal-husbandry-statistics,https://www.data.gov.in/catalog/dailyweekly-retail-prices-milk,https://www.openstreetmap.org/,2026-09-28 web verification of source availability,Derived,Calculated from DAHD BAHS 2025 Table 35 official state and All-India totals,Milk production is official government data; blank market/competition/price fields are intentionally unfilled until their respective source datasets are joined.,61.45,57.6299,3.8201000000000036,All-India average; NOT local market price,2026-09-28,Department of Consumer Affairs - Price Monitoring System,REAL_OFFICIAL_REFERENCE
IN-DAIRY-0377,377,India,Mizoram,,,State/UT,2023-24,2023-24,Milk,Milk,25.43,000 tonnes,0.0106,All-India production share (%),0.06,,,,,,,,5,,,Pending local-data join,,,0,Not populated — needs local population/consumption/transactions,Not populated — needs OSM/Overpass or verified business directory,Not populated — government milk price series is separate,NOT LOCAL-MARKET COMPLETE,Cannot calculate until local competitors + local demand + local price are joined,"Join local competitor, population/demand and current price layers before scoring market gap",Official government — DAHD BAHS 2025,Missing,Official — DAHD BAHS 2025 Table 35,Not populated — requires Consumer Affairs price-series extraction,Not populated — Census/OGD layer to be joined,Not populated — OSM/Overpass business layer to be joined,Not populated — market/business geocoding layer to be joined,https://www.dahd.gov.in/schemes/programmes/animal-husbandry-statistics,https://www.data.gov.in/catalog/dailyweekly-retail-prices-milk,https://www.openstreetmap.org/,2026-09-28 web verification of source availability,Derived,Calculated from DAHD BAHS 2025 Table 35 official state and All-India totals,Milk production is official government data; blank market/competition/price fields are intentionally unfilled until their respective source datasets are joined.,61.45,57.6299,3.8201000000000036,All-India average; NOT local market price,2026-09-28,Department of Consumer Affairs - Price Monitoring System,REAL_OFFICIAL_REFERENCE
IN-DAIRY-0378,378,India,Mizoram,,,State/UT,2024-25,2024-25,Milk,Milk,23.51,000 tonnes,0.0095,All-India production share (%),0.06,,,,,,,,5,,,Pending local-data join,,,0,Not populated — needs local population/consumption/transactions,Not populated — needs OSM/Overpass or verified business directory,Not populated — government milk price series is separate,NOT LOCAL-MARKET COMPLETE,Cannot calculate until local competitors + local demand + local price are joined,"Join local competitor, population/demand and current price layers before scoring market gap",Official government — DAHD BAHS 2025,Missing,Official — DAHD BAHS 2025 Table 35,Not populated — requires Consumer Affairs price-series extraction,Not populated — Census/OGD layer to be joined,Not populated — OSM/Overpass business layer to be joined,Not populated — market/business geocoding layer to be joined,https://www.dahd.gov.in/schemes/programmes/animal-husbandry-statistics,https://www.data.gov.in/catalog/dailyweekly-retail-prices-milk,https://www.openstreetmap.org/,2026-09-28 web verification of source availability,Derived,Calculated from DAHD BAHS 2025 Table 35 official state and All-India totals,Milk production is official government data; blank market/competition/price fields are intentionally unfilled until their respective source datasets are joined.,61.45,57.6299,3.8201000000000036,All-India average; NOT local market price,2026-09-28,Department of Consumer Affairs - Price Monitoring System,REAL_OFFICIAL_REFERENCE
IN-DAIRY-0379,379,India,Nagaland,,,State/UT,2018-19,2018-19,Milk,Milk,72.57,000 tonnes,0.0387,All-India production share (%),0.23,,,,,,,,5,,,Pending local-data join,,,0,Not populated — needs local population/consumption/transactions,Not populated — needs OSM/Overpass or verified business directory,Not populated — government milk price series is separate,NOT LOCAL-MARKET COMPLETE,Cannot calculate until local competitors + local demand + local price are joined,"Join local competitor, population/demand and current price layers before scoring market gap",Official government — DAHD BAHS 2025,Missing,Official — DAHD BAHS 2025 Table 35,Not populated — requires Consumer Affairs price-series extraction,Not populated — Census/OGD layer to be joined,Not populated — OSM/Overpass business layer to be joined,Not populated — market/business geocoding layer to be joined,https://www.dahd.gov.in/schemes/programmes/animal-husbandry-statistics,https://www.data.gov.in/catalog/dailyweekly-retail-prices-milk,https://www.openstreetmap.org/,2026-09-28 web verification of source availability,Derived,Calculated from DAHD BAHS 2025 Table 35 official state and All-India totals,Milk production is official government data; blank market/competition/price fields are intentionally unfilled until their respective source datasets are joined.,61.45,57.6299,3.8201000000000036,All-India average; NOT local market price,2026-09-28,Department of Consumer Affairs - Price Monitoring System,REAL_OFFICIAL_REFERENCE
IN-DAIRY-0380,380,India,Nagaland,,,State/UT,2019-20,2019-20,Milk,Milk,61.64,000 tonnes,0.0311,All-India production share (%),0.19,,,,,,,,5,,,Pending local-data join,,,0,Not populated — needs local population/consumption/transactions,Not populated — needs OSM/Overpass or verified business directory,Not populated — government milk price series is separate,NOT LOCAL-MARKET COMPLETE,Cannot calculate until local competitors + local demand + local price are joined,"Join local competitor, population/demand and current price layers before scoring market gap",Official government — DAHD BAHS 2025,Missing,Official — DAHD BAHS 2025 Table 35,Not populated — requires Consumer Affairs price-series extraction,Not populated — Census/OGD layer to be joined,Not populated — OSM/Overpass business layer to be joined,Not populated — market/business geocoding layer to be joined,https://www.dahd.gov.in/schemes/programmes/animal-husbandry-statistics,https://www.data.gov.in/catalog/dailyweekly-retail-prices-milk,https://www.openstreetmap.org/,2026-09-28 web verification of source availability,Derived,Calculated from DAHD BAHS 2025 Table 35 official state and All-India totals,Milk production is official government data; blank market/competition/price fields are intentionally unfilled until their respective source datasets are joined.,61.45,57.6299,3.8201000000000036,All-India average; NOT local market price,2026-09-28,Department of Consumer Affairs - Price Monitoring System,REAL_OFFICIAL_REFERENCE
IN-DAIRY-0381,381,India,Nagaland,,,State/UT,2020-21,2020-21,Milk,Milk,55.93,000 tonnes,0.0266,All-India production share (%),0.17,,,,,,,,5,,,Pending local-data join,,,0,Not populated — needs local population/consumption/transactions,Not populated — needs OSM/Overpass or verified business directory,Not populated — government milk price series is separate,NOT LOCAL-MARKET COMPLETE,Cannot calculate until local competitors + local demand + local price are joined,"Join local competitor, population/demand and current price layers before scoring market gap",Official government — DAHD BAHS 2025,Missing,Official — DAHD BAHS 2025 Table 35,Not populated — requires Consumer Affairs price-series extraction,Not populated — Census/OGD layer to be joined,Not populated — OSM/Overpass business layer to be joined,Not populated — market/business geocoding layer to be joined,https://www.dahd.gov.in/schemes/programmes/animal-husbandry-statistics,https://www.data.gov.in/catalog/dailyweekly-retail-prices-milk,https://www.openstreetmap.org/,2026-09-28 web verification of source availability,Derived,Calculated from DAHD BAHS 2025 Table 35 official state and All-India totals,Milk production is official government data; blank market/competition/price fields are intentionally unfilled until their respective source datasets are joined.,61.45,57.6299,3.8201000000000036,All-India average; NOT local market price,2026-09-28,Department of Consumer Affairs - Price Monitoring System,REAL_OFFICIAL_REFERENCE
IN-DAIRY-0382,382,India,Nagaland,,,State/UT,2021-22,2021-22,Milk,Milk,61.07,000 tonnes,0.0275,All-India production share (%),0.18,,,,,,,,5,,,Pending local-data join,,,0,Not populated — needs local population/consumption/transactions,Not populated — needs OSM/Overpass or verified business directory,Not populated — government milk price series is separate,NOT LOCAL-MARKET COMPLETE,Cannot calculate until local competitors + local demand + local price are joined,"Join local competitor, population/demand and current price layers before scoring market gap",Official government — DAHD BAHS 2025,Missing,Official — DAHD BAHS 2025 Table 35,Not populated — requires Consumer Affairs price-series extraction,Not populated — Census/OGD layer to be joined,Not populated — OSM/Overpass business layer to be joined,Not populated — market/business geocoding layer to be joined,https://www.dahd.gov.in/schemes/programmes/animal-husbandry-statistics,https://www.data.gov.in/catalog/dailyweekly-retail-prices-milk,https://www.openstreetmap.org/,2026-09-28 web verification of source availability,Derived,Calculated from DAHD BAHS 2025 Table 35 official state and All-India totals,Milk production is official government data; blank market/competition/price fields are intentionally unfilled until their respective source datasets are joined.,61.45,57.6299,3.8201000000000036,All-India average; NOT local market price,2026-09-28,Department of Consumer Affairs - Price Monitoring System,REAL_OFFICIAL_REFERENCE
IN-DAIRY-0383,383,India,Nagaland,,,State/UT,2022-23,2022-23,Milk,Milk,49.57,000 tonnes,0.0215,All-India production share (%),0.14,,,,,,,,5,,,Pending local-data join,,,0,Not populated — needs local population/consumption/transactions,Not populated — needs OSM/Overpass or verified business directory,Not populated — government milk price series is separate,NOT LOCAL-MARKET COMPLETE,Cannot calculate until local competitors + local demand + local price are joined,"Join local competitor, population/demand and current price layers before scoring market gap",Official government — DAHD BAHS 2025,Missing,Official — DAHD BAHS 2025 Table 35,Not populated — requires Consumer Affairs price-series extraction,Not populated — Census/OGD layer to be joined,Not populated — OSM/Overpass business layer to be joined,Not populated — market/business geocoding layer to be joined,https://www.dahd.gov.in/schemes/programmes/animal-husbandry-statistics,https://www.data.gov.in/catalog/dailyweekly-retail-prices-milk,https://www.openstreetmap.org/,2026-09-28 web verification of source availability,Derived,Calculated from DAHD BAHS 2025 Table 35 official state and All-India totals,Milk production is official government data; blank market/competition/price fields are intentionally unfilled until their respective source datasets are joined.,61.45,57.6299,3.8201000000000036,All-India average; NOT local market price,2026-09-28,Department of Consumer Affairs - Price Monitoring System,REAL_OFFICIAL_REFERENCE
IN-DAIRY-0384,384,India,Nagaland,,,State/UT,2023-24,2023-24,Milk,Milk,52.79,000 tonnes,0.0221,All-India production share (%),0.14,,,,,,,,5,,,Pending local-data join,,,0,Not populated — needs local population/consumption/transactions,Not populated — needs OSM/Overpass or verified business directory,Not populated — government milk price series is separate,NOT LOCAL-MARKET COMPLETE,Cannot calculate until local competitors + local demand + local price are joined,"Join local competitor, population/demand and current price layers before scoring market gap",Official government — DAHD BAHS 2025,Missing,Official — DAHD BAHS 2025 Table 35,Not populated — requires Consumer Affairs price-series extraction,Not populated — Census/OGD layer to be joined,Not populated — OSM/Overpass business layer to be joined,Not populated — market/business geocoding layer to be joined,https://www.dahd.gov.in/schemes/programmes/animal-husbandry-statistics,https://www.data.gov.in/catalog/dailyweekly-retail-prices-milk,https://www.openstreetmap.org/,2026-09-28 web verification of source availability,Derived,Calculated from DAHD BAHS 2025 Table 35 official state and All-India totals,Milk production is official government data; blank market/competition/price fields are intentionally unfilled until their respective source datasets are joined.,61.45,57.6299,3.8201000000000036,All-India average; NOT local market price,2026-09-28,Department of Consumer Affairs - Price Monitoring System,REAL_OFFICIAL_REFERENCE
IN-DAIRY-0385,385,India,Nagaland,,,State/UT,2024-25,2024-25,Milk,Milk,49.19,000 tonnes,0.0198,All-India production share (%),0.13,,,,,,,,5,,,Pending local-data join,,,0,Not populated — needs local population/consumption/transactions,Not populated — needs OSM/Overpass or verified business directory,Not populated — government milk price series is separate,NOT LOCAL-MARKET COMPLETE,Cannot calculate until local competitors + local demand + local price are joined,"Join local competitor, population/demand and current price layers before scoring market gap",Official government — DAHD BAHS 2025,Missing,Official — DAHD BAHS 2025 Table 35,Not populated — requires Consumer Affairs price-series extraction,Not populated — Census/OGD layer to be joined,Not populated — OSM/Overpass business layer to be joined,Not populated — market/business geocoding layer to be joined,https://www.dahd.gov.in/schemes/programmes/animal-husbandry-statistics,https://www.data.gov.in/catalog/dailyweekly-retail-prices-milk,https://www.openstreetmap.org/,2026-09-28 web verification of source availability,Derived,Calculated from DAHD BAHS 2025 Table 35 official state and All-India totals,Milk production is official government data; blank market/competition/price fields are intentionally unfilled until their respective source datasets are joined.,61.45,57.6299,3.8201000000000036,All-India average; NOT local market price,2026-09-28,Department of Consumer Affairs - Price Monitoring System,REAL_OFFICIAL_REFERENCE
IN-DAIRY-0386,386,India,Odisha,,,State/UT,2018-19,2018-19,Milk,Milk,2311.07,000 tonnes,1.2309,All-India production share (%),7.57,,,,,,,,5,,,Pending local-data join,,,0,Not populated — needs local population/consumption/transactions,Not populated — needs OSM/Overpass or verified business directory,Not populated — government milk price series is separate,NOT LOCAL-MARKET COMPLETE,Cannot calculate until local competitors + local demand + local price are joined,"Join local competitor, population/demand and current price layers before scoring market gap",Official government — DAHD BAHS 2025,Missing,Official — DAHD BAHS 2025 Table 35,Not populated — requires Consumer Affairs price-series extraction,Not populated — Census/OGD layer to be joined,Not populated — OSM/Overpass business layer to be joined,Not populated — market/business geocoding layer to be joined,https://www.dahd.gov.in/schemes/programmes/animal-husbandry-statistics,https://www.data.gov.in/catalog/dailyweekly-retail-prices-milk,https://www.openstreetmap.org/,2026-09-28 web verification of source availability,Derived,Calculated from DAHD BAHS 2025 Table 35 official state and All-India totals,Milk production is official government data; blank market/competition/price fields are intentionally unfilled until their respective source datasets are joined.,61.45,57.6299,3.8201000000000036,All-India average; NOT local market price,2026-09-28,Department of Consumer Affairs - Price Monitoring System,REAL_OFFICIAL_REFERENCE
IN-DAIRY-0387,387,India,Odisha,,,State/UT,2019-20,2019-20,Milk,Milk,2370.18,000 tonnes,1.1944,All-India production share (%),7.43,,,,,,,,5,,,Pending local-data join,,,0,Not populated — needs local population/consumption/transactions,Not populated — needs OSM/Overpass or verified business directory,Not populated — government milk price series is separate,NOT LOCAL-MARKET COMPLETE,Cannot calculate until local competitors + local demand + local price are joined,"Join local competitor, population/demand and current price layers before scoring market gap",Official government — DAHD BAHS 2025,Missing,Official — DAHD BAHS 2025 Table 35,Not populated — requires Consumer Affairs price-series extraction,Not populated — Census/OGD layer to be joined,Not populated — OSM/Overpass business layer to be joined,Not populated — market/business geocoding layer to be joined,https://www.dahd.gov.in/schemes/programmes/animal-husbandry-statistics,https://www.data.gov.in/catalog/dailyweekly-retail-prices-milk,https://www.openstreetmap.org/,2026-09-28 web verification of source availability,Derived,Calculated from DAHD BAHS 2025 Table 35 official state and All-India totals,Milk production is official government data; blank market/competition/price fields are intentionally unfilled until their respective source datasets are joined.,61.45,57.6299,3.8201000000000036,All-India average; NOT local market price,2026-09-28,Department of Consumer Affairs - Price Monitoring System,REAL_OFFICIAL_REFERENCE
IN-DAIRY-0388,388,India,Odisha,,,State/UT,2020-21,2020-21,Milk,Milk,2372.81,000 tonnes,1.1301,All-India production share (%),7.56,,,,,,,,5,,,Pending local-data join,,,0,Not populated — needs local population/consumption/transactions,Not populated — needs OSM/Overpass or verified business directory,Not populated — government milk price series is separate,NOT LOCAL-MARKET COMPLETE,Cannot calculate until local competitors + local demand + local price are joined,"Join local competitor, population/demand and current price layers before scoring market gap",Official government — DAHD BAHS 2025,Missing,Official — DAHD BAHS 2025 Table 35,Not populated — requires Consumer Affairs price-series extraction,Not populated — Census/OGD layer to be joined,Not populated — OSM/Overpass business layer to be joined,Not populated — market/business geocoding layer to be joined,https://www.dahd.gov.in/schemes/programmes/animal-husbandry-statistics,https://www.data.gov.in/catalog/dailyweekly-retail-prices-milk,https://www.openstreetmap.org/,2026-09-28 web verification of source availability,Derived,Calculated from DAHD BAHS 2025 Table 35 official state and All-India totals,Milk production is official government data; blank market/competition/price fields are intentionally unfilled until their respective source datasets are joined.,61.45,57.6299,3.8201000000000036,All-India average; NOT local market price,2026-09-28,Department of Consumer Affairs - Price Monitoring System,REAL_OFFICIAL_REFERENCE
IN-DAIRY-0389,389,India,Odisha,,,State/UT,2021-22,2021-22,Milk,Milk,2402.06,000 tonnes,1.0817,All-India production share (%),7.09,,,,,,,,5,,,Pending local-data join,,,0,Not populated — needs local population/consumption/transactions,Not populated — needs OSM/Overpass or verified business directory,Not populated — government milk price series is separate,NOT LOCAL-MARKET COMPLETE,Cannot calculate until local competitors + local demand + local price are joined,"Join local competitor, population/demand and current price layers before scoring market gap",Official government — DAHD BAHS 2025,Missing,Official — DAHD BAHS 2025 Table 35,Not populated — requires Consumer Affairs price-series extraction,Not populated — Census/OGD layer to be joined,Not populated — OSM/Overpass business layer to be joined,Not populated — market/business geocoding layer to be joined,https://www.dahd.gov.in/schemes/programmes/animal-husbandry-statistics,https://www.data.gov.in/catalog/dailyweekly-retail-prices-milk,https://www.openstreetmap.org/,2026-09-28 web verification of source availability,Derived,Calculated from DAHD BAHS 2025 Table 35 official state and All-India totals,Milk production is official government data; blank market/competition/price fields are intentionally unfilled until their respective source datasets are joined.,61.45,57.6299,3.8201000000000036,All-India average; NOT local market price,2026-09-28,Department of Consumer Affairs - Price Monitoring System,REAL_OFFICIAL_REFERENCE
IN-DAIRY-0390,390,India,Odisha,,,State/UT,2022-23,2022-23,Milk,Milk,2476.42,000 tonnes,1.074,All-India production share (%),6.83,,,,,,,,5,,,Pending local-data join,,,0,Not populated — needs local population/consumption/transactions,Not populated — needs OSM/Overpass or verified business directory,Not populated — government milk price series is separate,NOT LOCAL-MARKET COMPLETE,Cannot calculate until local competitors + local demand + local price are joined,"Join local competitor, population/demand and current price layers before scoring market gap",Official government — DAHD BAHS 2025,Missing,Official — DAHD BAHS 2025 Table 35,Not populated — requires Consumer Affairs price-series extraction,Not populated — Census/OGD layer to be joined,Not populated — OSM/Overpass business layer to be joined,Not populated — market/business geocoding layer to be joined,https://www.dahd.gov.in/schemes/programmes/animal-husbandry-statistics,https://www.data.gov.in/catalog/dailyweekly-retail-prices-milk,https://www.openstreetmap.org/,2026-09-28 web verification of source availability,Derived,Calculated from DAHD BAHS 2025 Table 35 official state and All-India totals,Milk production is official government data; blank market/competition/price fields are intentionally unfilled until their respective source datasets are joined.,61.45,57.6299,3.8201000000000036,All-India average; NOT local market price,2026-09-28,Department of Consumer Affairs - Price Monitoring System,REAL_OFFICIAL_REFERENCE
IN-DAIRY-0391,391,India,Odisha,,,State/UT,2023-24,2023-24,Milk,Milk,2635.99,000 tonnes,1.1015,All-India production share (%),6.8,,,,,,,,5,,,Pending local-data join,,,0,Not populated — needs local population/consumption/transactions,Not populated — needs OSM/Overpass or verified business directory,Not populated — government milk price series is separate,NOT LOCAL-MARKET COMPLETE,Cannot calculate until local competitors + local demand + local price are joined,"Join local competitor, population/demand and current price layers before scoring market gap",Official government — DAHD BAHS 2025,Missing,Official — DAHD BAHS 2025 Table 35,Not populated — requires Consumer Affairs price-series extraction,Not populated — Census/OGD layer to be joined,Not populated — OSM/Overpass business layer to be joined,Not populated — market/business geocoding layer to be joined,https://www.dahd.gov.in/schemes/programmes/animal-husbandry-statistics,https://www.data.gov.in/catalog/dailyweekly-retail-prices-milk,https://www.openstreetmap.org/,2026-09-28 web verification of source availability,Derived,Calculated from DAHD BAHS 2025 Table 35 official state and All-India totals,Milk production is official government data; blank market/competition/price fields are intentionally unfilled until their respective source datasets are joined.,61.45,57.6299,3.8201000000000036,All-India average; NOT local market price,2026-09-28,Department of Consumer Affairs - Price Monitoring System,REAL_OFFICIAL_REFERENCE
IN-DAIRY-0392,392,India,Odisha,,,State/UT,2024-25,2024-25,Milk,Milk,2700.96,000 tonnes,1.0897,All-India production share (%),6.96,,,,,,,,5,,,Pending local-data join,,,0,Not populated — needs local population/consumption/transactions,Not populated — needs OSM/Overpass or verified business directory,Not populated — government milk price series is separate,NOT LOCAL-MARKET COMPLETE,Cannot calculate until local competitors + local demand + local price are joined,"Join local competitor, population/demand and current price layers before scoring market gap",Official government — DAHD BAHS 2025,Missing,Official — DAHD BAHS 2025 Table 35,Not populated — requires Consumer Affairs price-series extraction,Not populated — Census/OGD layer to be joined,Not populated — OSM/Overpass business layer to be joined,Not populated — market/business geocoding layer to be joined,https://www.dahd.gov.in/schemes/programmes/animal-husbandry-statistics,https://www.data.gov.in/catalog/dailyweekly-retail-prices-milk,https://www.openstreetmap.org/,2026-09-28 web verification of source availability,Derived,Calculated from DAHD BAHS 2025 Table 35 official state and All-India totals,Milk production is official government data; blank market/competition/price fields are intentionally unfilled until their respective source datasets are joined.,61.45,57.6299,3.8201000000000036,All-India average; NOT local market price,2026-09-28,Department of Consumer Affairs - Price Monitoring System,REAL_OFFICIAL_REFERENCE
IN-DAIRY-0393,393,India,Punjab,,,State/UT,2018-19,2018-19,Milk,Milk,12598.82,000 tonnes,6.7104,All-India production share (%),41.28,,,,,,,,5,,,Pending local-data join,,,0,Not populated — needs local population/consumption/transactions,Not populated — needs OSM/Overpass or verified business directory,Not populated — government milk price series is separate,NOT LOCAL-MARKET COMPLETE,Cannot calculate until local competitors + local demand + local price are joined,"Join local competitor, population/demand and current price layers before scoring market gap",Official government — DAHD BAHS 2025,Missing,Official — DAHD BAHS 2025 Table 35,Not populated — requires Consumer Affairs price-series extraction,Not populated — Census/OGD layer to be joined,Not populated — OSM/Overpass business layer to be joined,Not populated — market/business geocoding layer to be joined,https://www.dahd.gov.in/schemes/programmes/animal-husbandry-statistics,https://www.data.gov.in/catalog/dailyweekly-retail-prices-milk,https://www.openstreetmap.org/,2026-09-28 web verification of source availability,Derived,Calculated from DAHD BAHS 2025 Table 35 official state and All-India totals,Milk production is official government data; blank market/competition/price fields are intentionally unfilled until their respective source datasets are joined.,61.45,57.6299,3.8201000000000036,All-India average; NOT local market price,2026-09-28,Department of Consumer Affairs - Price Monitoring System,REAL_OFFICIAL_REFERENCE
IN-DAIRY-0394,394,India,Punjab,,,State/UT,2019-20,2019-20,Milk,Milk,13347.56,000 tonnes,6.7263,All-India production share (%),41.89,,,,,,,,5,,,Pending local-data join,,,0,Not populated — needs local population/consumption/transactions,Not populated — needs OSM/Overpass or verified business directory,Not populated — government milk price series is separate,NOT LOCAL-MARKET COMPLETE,Cannot calculate until local competitors + local demand + local price are joined,"Join local competitor, population/demand and current price layers before scoring market gap",Official government — DAHD BAHS 2025,Missing,Official — DAHD BAHS 2025 Table 35,Not populated — requires Consumer Affairs price-series extraction,Not populated — Census/OGD layer to be joined,Not populated — OSM/Overpass business layer to be joined,Not populated — market/business geocoding layer to be joined,https://www.dahd.gov.in/schemes/programmes/animal-husbandry-statistics,https://www.data.gov.in/catalog/dailyweekly-retail-prices-milk,https://www.openstreetmap.org/,2026-09-28 web verification of source availability,Derived,Calculated from DAHD BAHS 2025 Table 35 official state and All-India totals,Milk production is official government data; blank market/competition/price fields are intentionally unfilled until their respective source datasets are joined.,61.45,57.6299,3.8201000000000036,All-India average; NOT local market price,2026-09-28,Department of Consumer Affairs - Price Monitoring System,REAL_OFFICIAL_REFERENCE
IN-DAIRY-0395,395,India,Punjab,,,State/UT,2020-21,2020-21,Milk,Milk,13393.99,000 tonnes,6.3793,All-India production share (%),42.71,,,,,,,,5,,,Pending local-data join,,,0,Not populated — needs local population/consumption/transactions,Not populated — needs OSM/Overpass or verified business directory,Not populated — government milk price series is separate,NOT LOCAL-MARKET COMPLETE,Cannot calculate until local competitors + local demand + local price are joined,"Join local competitor, population/demand and current price layers before scoring market gap",Official government — DAHD BAHS 2025,Missing,Official — DAHD BAHS 2025 Table 35,Not populated — requires Consumer Affairs price-series extraction,Not populated — Census/OGD layer to be joined,Not populated — OSM/Overpass business layer to be joined,Not populated — market/business geocoding layer to be joined,https://www.dahd.gov.in/schemes/programmes/animal-husbandry-statistics,https://www.data.gov.in/catalog/dailyweekly-retail-prices-milk,https://www.openstreetmap.org/,2026-09-28 web verification of source availability,Derived,Calculated from DAHD BAHS 2025 Table 35 official state and All-India totals,Milk production is official government data; blank market/competition/price fields are intentionally unfilled until their respective source datasets are joined.,61.45,57.6299,3.8201000000000036,All-India average; NOT local market price,2026-09-28,Department of Consumer Affairs - Price Monitoring System,REAL_OFFICIAL_REFERENCE
IN-DAIRY-0396,396,India,Punjab,,,State/UT,2021-22,2021-22,Milk,Milk,14076.76,000 tonnes,6.3389,All-India production share (%),41.56,,,,,,,,5,,,Pending local-data join,,,0,Not populated — needs local population/consumption/transactions,Not populated — needs OSM/Overpass or verified business directory,Not populated — government milk price series is separate,NOT LOCAL-MARKET COMPLETE,Cannot calculate until local competitors + local demand + local price are joined,"Join local competitor, population/demand and current price layers before scoring market gap",Official government — DAHD BAHS 2025,Missing,Official — DAHD BAHS 2025 Table 35,Not populated — requires Consumer Affairs price-series extraction,Not populated — Census/OGD layer to be joined,Not populated — OSM/Overpass business layer to be joined,Not populated — market/business geocoding layer to be joined,https://www.dahd.gov.in/schemes/programmes/animal-husbandry-statistics,https://www.data.gov.in/catalog/dailyweekly-retail-prices-milk,https://www.openstreetmap.org/,2026-09-28 web verification of source availability,Derived,Calculated from DAHD BAHS 2025 Table 35 official state and All-India totals,Milk production is official government data; blank market/competition/price fields are intentionally unfilled until their respective source datasets are joined.,61.45,57.6299,3.8201000000000036,All-India average; NOT local market price,2026-09-28,Department of Consumer Affairs - Price Monitoring System,REAL_OFFICIAL_REFERENCE
IN-DAIRY-0397,397,India,Punjab,,,State/UT,2022-23,2022-23,Milk,Milk,14301.45,000 tonnes,6.2025,All-India production share (%),39.46,,,,,,,,5,,,Pending local-data join,,,0,Not populated — needs local population/consumption/transactions,Not populated — needs OSM/Overpass or verified business directory,Not populated — government milk price series is separate,NOT LOCAL-MARKET COMPLETE,Cannot calculate until local competitors + local demand + local price are joined,"Join local competitor, population/demand and current price layers before scoring market gap",Official government — DAHD BAHS 2025,Missing,Official — DAHD BAHS 2025 Table 35,Not populated — requires Consumer Affairs price-series extraction,Not populated — Census/OGD layer to be joined,Not populated — OSM/Overpass business layer to be joined,Not populated — market/business geocoding layer to be joined,https://www.dahd.gov.in/schemes/programmes/animal-husbandry-statistics,https://www.data.gov.in/catalog/dailyweekly-retail-prices-milk,https://www.openstreetmap.org/,2026-09-28 web verification of source availability,Derived,Calculated from DAHD BAHS 2025 Table 35 official state and All-India totals,Milk production is official government data; blank market/competition/price fields are intentionally unfilled until their respective source datasets are joined.,61.45,57.6299,3.8201000000000036,All-India average; NOT local market price,2026-09-28,Department of Consumer Affairs - Price Monitoring System,REAL_OFFICIAL_REFERENCE
IN-DAIRY-0398,398,India,Punjab,,,State/UT,2023-24,2023-24,Milk,Milk,14000.18,000 tonnes,5.8505,All-India production share (%),36.1,,,,,,,,5,,,Pending local-data join,,,0,Not populated — needs local population/consumption/transactions,Not populated — needs OSM/Overpass or verified business directory,Not populated — government milk price series is separate,NOT LOCAL-MARKET COMPLETE,Cannot calculate until local competitors + local demand + local price are joined,"Join local competitor, population/demand and current price layers before scoring market gap",Official government — DAHD BAHS 2025,Missing,Official — DAHD BAHS 2025 Table 35,Not populated — requires Consumer Affairs price-series extraction,Not populated — Census/OGD layer to be joined,Not populated — OSM/Overpass business layer to be joined,Not populated — market/business geocoding layer to be joined,https://www.dahd.gov.in/schemes/programmes/animal-husbandry-statistics,https://www.data.gov.in/catalog/dailyweekly-retail-prices-milk,https://www.openstreetmap.org/,2026-09-28 web verification of source availability,Derived,Calculated from DAHD BAHS 2025 Table 35 official state and All-India totals,Milk production is official government data; blank market/competition/price fields are intentionally unfilled until their respective source datasets are joined.,61.45,57.6299,3.8201000000000036,All-India average; NOT local market price,2026-09-28,Department of Consumer Affairs - Price Monitoring System,REAL_OFFICIAL_REFERENCE
IN-DAIRY-0399,399,India,Punjab,,,State/UT,2024-25,2024-25,Milk,Milk,14874.74,000 tonnes,6.001,All-India production share (%),38.32,,,,,,,,5,,,Pending local-data join,,,0,Not populated — needs local population/consumption/transactions,Not populated — needs OSM/Overpass or verified business directory,Not populated — government milk price series is separate,NOT LOCAL-MARKET COMPLETE,Cannot calculate until local competitors + local demand + local price are joined,"Join local competitor, population/demand and current price layers before scoring market gap",Official government — DAHD BAHS 2025,Missing,Official — DAHD BAHS 2025 Table 35,Not populated — requires Consumer Affairs price-series extraction,Not populated — Census/OGD layer to be joined,Not populated — OSM/Overpass business layer to be joined,Not populated — market/business geocoding layer to be joined,https://www.dahd.gov.in/schemes/programmes/animal-husbandry-statistics,https://www.data.gov.in/catalog/dailyweekly-retail-prices-milk,https://www.openstreetmap.org/,2026-09-28 web verification of source availability,Derived,Calculated from DAHD BAHS 2025 Table 35 official state and All-India totals,Milk production is official government data; blank market/competition/price fields are intentionally unfilled until their respective source datasets are joined.,61.45,57.6299,3.8201000000000036,All-India average; NOT local market price,2026-09-28,Department of Consumer Affairs - Price Monitoring System,REAL_OFFICIAL_REFERENCE
IN-DAIRY-0400,400,India,Rajasthan,,,State/UT,2018-19,2018-19,Milk,Milk,23668.07,000 tonnes,12.6062,All-India production share (%),77.55,,,,,,,,5,,,Pending local-data join,,,0,Not populated — needs local population/consumption/transactions,Not populated — needs OSM/Overpass or verified business directory,Not populated — government milk price series is separate,NOT LOCAL-MARKET COMPLETE,Cannot calculate until local competitors + local demand + local price are joined,"Join local competitor, population/demand and current price layers before scoring market gap",Official government — DAHD BAHS 2025,Missing,Official — DAHD BAHS 2025 Table 35,Not populated — requires Consumer Affairs price-series extraction,Not populated — Census/OGD layer to be joined,Not populated — OSM/Overpass business layer to be joined,Not populated — market/business geocoding layer to be joined,https://www.dahd.gov.in/schemes/programmes/animal-husbandry-statistics,https://www.data.gov.in/catalog/dailyweekly-retail-prices-milk,https://www.openstreetmap.org/,2026-09-28 web verification of source availability,Derived,Calculated from DAHD BAHS 2025 Table 35 official state and All-India totals,Milk production is official government data; blank market/competition/price fields are intentionally unfilled until their respective source datasets are joined.,61.45,57.6299,3.8201000000000036,All-India average; NOT local market price,2026-09-28,Department of Consumer Affairs - Price Monitoring System,REAL_OFFICIAL_REFERENCE
IN-DAIRY-0401,401,India,Rajasthan,,,State/UT,2019-20,2019-20,Milk,Milk,25573.09,000 tonnes,12.8871,All-India production share (%),80.26,,,,,,,,5,,,Pending local-data join,,,0,Not populated — needs local population/consumption/transactions,Not populated — needs OSM/Overpass or verified business directory,Not populated — government milk price series is separate,NOT LOCAL-MARKET COMPLETE,Cannot calculate until local competitors + local demand + local price are joined,"Join local competitor, population/demand and current price layers before scoring market gap",Official government — DAHD BAHS 2025,Missing,Official — DAHD BAHS 2025 Table 35,Not populated — requires Consumer Affairs price-series extraction,Not populated — Census/OGD layer to be joined,Not populated — OSM/Overpass business layer to be joined,Not populated — market/business geocoding layer to be joined,https://www.dahd.gov.in/schemes/programmes/animal-husbandry-statistics,https://www.data.gov.in/catalog/dailyweekly-retail-prices-milk,https://www.openstreetmap.org/,2026-09-28 web verification of source availability,Derived,Calculated from DAHD BAHS 2025 Table 35 official state and All-India totals,Milk production is official government data; blank market/competition/price fields are intentionally unfilled until their respective source datasets are joined.,61.45,57.6299,3.8201000000000036,All-India average; NOT local market price,2026-09-28,Department of Consumer Affairs - Price Monitoring System,REAL_OFFICIAL_REFERENCE
IN-DAIRY-0402,402,India,Rajasthan,,,State/UT,2020-21,2020-21,Milk,Milk,30723.11,000 tonnes,14.6328,All-India production share (%),97.97,,,,,,,,5,,,Pending local-data join,,,0,Not populated — needs local population/consumption/transactions,Not populated — needs OSM/Overpass or verified business directory,Not populated — government milk price series is separate,NOT LOCAL-MARKET COMPLETE,Cannot calculate until local competitors + local demand + local price are joined,"Join local competitor, population/demand and current price layers before scoring market gap",Official government — DAHD BAHS 2025,Missing,Official — DAHD BAHS 2025 Table 35,Not populated — requires Consumer Affairs price-series extraction,Not populated — Census/OGD layer to be joined,Not populated — OSM/Overpass business layer to be joined,Not populated — market/business geocoding layer to be joined,https://www.dahd.gov.in/schemes/programmes/animal-husbandry-statistics,https://www.data.gov.in/catalog/dailyweekly-retail-prices-milk,https://www.openstreetmap.org/,2026-09-28 web verification of source availability,Derived,Calculated from DAHD BAHS 2025 Table 35 official state and All-India totals,Milk production is official government data; blank market/competition/price fields are intentionally unfilled until their respective source datasets are joined.,61.45,57.6299,3.8201000000000036,All-India average; NOT local market price,2026-09-28,Department of Consumer Affairs - Price Monitoring System,REAL_OFFICIAL_REFERENCE
IN-DAIRY-0403,403,India,Rajasthan,,,State/UT,2021-22,2021-22,Milk,Milk,33264.7,000 tonnes,14.9795,All-India production share (%),98.2,,,,,,,,5,,,Pending local-data join,,,0,Not populated — needs local population/consumption/transactions,Not populated — needs OSM/Overpass or verified business directory,Not populated — government milk price series is separate,NOT LOCAL-MARKET COMPLETE,Cannot calculate until local competitors + local demand + local price are joined,"Join local competitor, population/demand and current price layers before scoring market gap",Official government — DAHD BAHS 2025,Missing,Official — DAHD BAHS 2025 Table 35,Not populated — requires Consumer Affairs price-series extraction,Not populated — Census/OGD layer to be joined,Not populated — OSM/Overpass business layer to be joined,Not populated — market/business geocoding layer to be joined,https://www.dahd.gov.in/schemes/programmes/animal-husbandry-statistics,https://www.data.gov.in/catalog/dailyweekly-retail-prices-milk,https://www.openstreetmap.org/,2026-09-28 web verification of source availability,Derived,Calculated from DAHD BAHS 2025 Table 35 official state and All-India totals,Milk production is official government data; blank market/competition/price fields are intentionally unfilled until their respective source datasets are joined.,61.45,57.6299,3.8201000000000036,All-India average; NOT local market price,2026-09-28,Department of Consumer Affairs - Price Monitoring System,REAL_OFFICIAL_REFERENCE
IN-DAIRY-0404,404,India,Rajasthan,,,State/UT,2022-23,2022-23,Milk,Milk,33306.8,000 tonnes,14.445,All-India production share (%),91.9,,,,,,,,5,,,Pending local-data join,,,0,Not populated — needs local population/consumption/transactions,Not populated — needs OSM/Overpass or verified business directory,Not populated — government milk price series is separate,NOT LOCAL-MARKET COMPLETE,Cannot calculate until local competitors + local demand + local price are joined,"Join local competitor, population/demand and current price layers before scoring market gap",Official government — DAHD BAHS 2025,Missing,Official — DAHD BAHS 2025 Table 35,Not populated — requires Consumer Affairs price-series extraction,Not populated — Census/OGD layer to be joined,Not populated — OSM/Overpass business layer to be joined,Not populated — market/business geocoding layer to be joined,https://www.dahd.gov.in/schemes/programmes/animal-husbandry-statistics,https://www.data.gov.in/catalog/dailyweekly-retail-prices-milk,https://www.openstreetmap.org/,2026-09-28 web verification of source availability,Derived,Calculated from DAHD BAHS 2025 Table 35 official state and All-India totals,Milk production is official government data; blank market/competition/price fields are intentionally unfilled until their respective source datasets are joined.,61.45,57.6299,3.8201000000000036,All-India average; NOT local market price,2026-09-28,Department of Consumer Affairs - Price Monitoring System,REAL_OFFICIAL_REFERENCE
IN-DAIRY-0405,405,India,Rajasthan,,,State/UT,2023-24,2023-24,Milk,Milk,34733.0,000 tonnes,14.5145,All-India production share (%),89.57,,,,,,,,5,,,Pending local-data join,,,0,Not populated — needs local population/consumption/transactions,Not populated — needs OSM/Overpass or verified business directory,Not populated — government milk price series is separate,NOT LOCAL-MARKET COMPLETE,Cannot calculate until local competitors + local demand + local price are joined,"Join local competitor, population/demand and current price layers before scoring market gap",Official government — DAHD BAHS 2025,Missing,Official — DAHD BAHS 2025 Table 35,Not populated — requires Consumer Affairs price-series extraction,Not populated — Census/OGD layer to be joined,Not populated — OSM/Overpass business layer to be joined,Not populated — market/business geocoding layer to be joined,https://www.dahd.gov.in/schemes/programmes/animal-husbandry-statistics,https://www.data.gov.in/catalog/dailyweekly-retail-prices-milk,https://www.openstreetmap.org/,2026-09-28 web verification of source availability,Derived,Calculated from DAHD BAHS 2025 Table 35 official state and All-India totals,Milk production is official government data; blank market/competition/price fields are intentionally unfilled until their respective source datasets are joined.,61.45,57.6299,3.8201000000000036,All-India average; NOT local market price,2026-09-28,Department of Consumer Affairs - Price Monitoring System,REAL_OFFICIAL_REFERENCE
IN-DAIRY-0406,406,India,Rajasthan,,,State/UT,2024-25,2024-25,Milk,Milk,36741.37,000 tonnes,14.8228,All-India production share (%),94.66,,,,,,,,5,,,Pending local-data join,,,0,Not populated — needs local population/consumption/transactions,Not populated — needs OSM/Overpass or verified business directory,Not populated — government milk price series is separate,NOT LOCAL-MARKET COMPLETE,Cannot calculate until local competitors + local demand + local price are joined,"Join local competitor, population/demand and current price layers before scoring market gap",Official government — DAHD BAHS 2025,Missing,Official — DAHD BAHS 2025 Table 35,Not populated — requires Consumer Affairs price-series extraction,Not populated — Census/OGD layer to be joined,Not populated — OSM/Overpass business layer to be joined,Not populated — market/business geocoding layer to be joined,https://www.dahd.gov.in/schemes/programmes/animal-husbandry-statistics,https://www.data.gov.in/catalog/dailyweekly-retail-prices-milk,https://www.openstreetmap.org/,2026-09-28 web verification of source availability,Derived,Calculated from DAHD BAHS 2025 Table 35 official state and All-India totals,Milk production is official government data; blank market/competition/price fields are intentionally unfilled until their respective source datasets are joined.,61.45,57.6299,3.8201000000000036,All-India average; NOT local market price,2026-09-28,Department of Consumer Affairs - Price Monitoring System,REAL_OFFICIAL_REFERENCE
IN-DAIRY-0407,407,India,Sikkim,,,State/UT,2018-19,2018-19,Milk,Milk,60.85,000 tonnes,0.0324,All-India production share (%),0.2,,,,,,,,5,,,Pending local-data join,,,0,Not populated — needs local population/consumption/transactions,Not populated — needs OSM/Overpass or verified business directory,Not populated — government milk price series is separate,NOT LOCAL-MARKET COMPLETE,Cannot calculate until local competitors + local demand + local price are joined,"Join local competitor, population/demand and current price layers before scoring market gap",Official government — DAHD BAHS 2025,Missing,Official — DAHD BAHS 2025 Table 35,Not populated — requires Consumer Affairs price-series extraction,Not populated — Census/OGD layer to be joined,Not populated — OSM/Overpass business layer to be joined,Not populated — market/business geocoding layer to be joined,https://www.dahd.gov.in/schemes/programmes/animal-husbandry-statistics,https://www.data.gov.in/catalog/dailyweekly-retail-prices-milk,https://www.openstreetmap.org/,2026-09-28 web verification of source availability,Derived,Calculated from DAHD BAHS 2025 Table 35 official state and All-India totals,Milk production is official government data; blank market/competition/price fields are intentionally unfilled until their respective source datasets are joined.,61.45,57.6299,3.8201000000000036,All-India average; NOT local market price,2026-09-28,Department of Consumer Affairs - Price Monitoring System,REAL_OFFICIAL_REFERENCE
IN-DAIRY-0408,408,India,Sikkim,,,State/UT,2019-20,2019-20,Milk,Milk,83.94,000 tonnes,0.0423,All-India production share (%),0.26,,,,,,,,5,,,Pending local-data join,,,0,Not populated — needs local population/consumption/transactions,Not populated — needs OSM/Overpass or verified business directory,Not populated — government milk price series is separate,NOT LOCAL-MARKET COMPLETE,Cannot calculate until local competitors + local demand + local price are joined,"Join local competitor, population/demand and current price layers before scoring market gap",Official government — DAHD BAHS 2025,Missing,Official — DAHD BAHS 2025 Table 35,Not populated — requires Consumer Affairs price-series extraction,Not populated — Census/OGD layer to be joined,Not populated — OSM/Overpass business layer to be joined,Not populated — market/business geocoding layer to be joined,https://www.dahd.gov.in/schemes/programmes/animal-husbandry-statistics,https://www.data.gov.in/catalog/dailyweekly-retail-prices-milk,https://www.openstreetmap.org/,2026-09-28 web verification of source availability,Derived,Calculated from DAHD BAHS 2025 Table 35 official state and All-India totals,Milk production is official government data; blank market/competition/price fields are intentionally unfilled until their respective source datasets are joined.,61.45,57.6299,3.8201000000000036,All-India average; NOT local market price,2026-09-28,Department of Consumer Affairs - Price Monitoring System,REAL_OFFICIAL_REFERENCE
IN-DAIRY-0409,409,India,Sikkim,,,State/UT,2020-21,2020-21,Milk,Milk,73.85,000 tonnes,0.0352,All-India production share (%),0.23,,,,,,,,5,,,Pending local-data join,,,0,Not populated — needs local population/consumption/transactions,Not populated — needs OSM/Overpass or verified business directory,Not populated — government milk price series is separate,NOT LOCAL-MARKET COMPLETE,Cannot calculate until local competitors + local demand + local price are joined,"Join local competitor, population/demand and current price layers before scoring market gap",Official government — DAHD BAHS 2025,Missing,Official — DAHD BAHS 2025 Table 35,Not populated — requires Consumer Affairs price-series extraction,Not populated — Census/OGD layer to be joined,Not populated — OSM/Overpass business layer to be joined,Not populated — market/business geocoding layer to be joined,https://www.dahd.gov.in/schemes/programmes/animal-husbandry-statistics,https://www.data.gov.in/catalog/dailyweekly-retail-prices-milk,https://www.openstreetmap.org/,2026-09-28 web verification of source availability,Derived,Calculated from DAHD BAHS 2025 Table 35 official state and All-India totals,Milk production is official government data; blank market/competition/price fields are intentionally unfilled until their respective source datasets are joined.,61.45,57.6299,3.8201000000000036,All-India average; NOT local market price,2026-09-28,Department of Consumer Affairs - Price Monitoring System,REAL_OFFICIAL_REFERENCE
IN-DAIRY-0410,410,India,Sikkim,,,State/UT,2021-22,2021-22,Milk,Milk,86.52,000 tonnes,0.039,All-India production share (%),0.25,,,,,,,,5,,,Pending local-data join,,,0,Not populated — needs local population/consumption/transactions,Not populated — needs OSM/Overpass or verified business directory,Not populated — government milk price series is separate,NOT LOCAL-MARKET COMPLETE,Cannot calculate until local competitors + local demand + local price are joined,"Join local competitor, population/demand and current price layers before scoring market gap",Official government — DAHD BAHS 2025,Missing,Official — DAHD BAHS 2025 Table 35,Not populated — requires Consumer Affairs price-series extraction,Not populated — Census/OGD layer to be joined,Not populated — OSM/Overpass business layer to be joined,Not populated — market/business geocoding layer to be joined,https://www.dahd.gov.in/schemes/programmes/animal-husbandry-statistics,https://www.data.gov.in/catalog/dailyweekly-retail-prices-milk,https://www.openstreetmap.org/,2026-09-28 web verification of source availability,Derived,Calculated from DAHD BAHS 2025 Table 35 official state and All-India totals,Milk production is official government data; blank market/competition/price fields are intentionally unfilled until their respective source datasets are joined.,61.45,57.6299,3.8201000000000036,All-India average; NOT local market price,2026-09-28,Department of Consumer Affairs - Price Monitoring System,REAL_OFFICIAL_REFERENCE
IN-DAIRY-0411,411,India,Sikkim,,,State/UT,2022-23,2022-23,Milk,Milk,86.53,000 tonnes,0.0375,All-India production share (%),0.24,,,,,,,,5,,,Pending local-data join,,,0,Not populated — needs local population/consumption/transactions,Not populated — needs OSM/Overpass or verified business directory,Not populated — government milk price series is separate,NOT LOCAL-MARKET COMPLETE,Cannot calculate until local competitors + local demand + local price are joined,"Join local competitor, population/demand and current price layers before scoring market gap",Official government — DAHD BAHS 2025,Missing,Official — DAHD BAHS 2025 Table 35,Not populated — requires Consumer Affairs price-series extraction,Not populated — Census/OGD layer to be joined,Not populated — OSM/Overpass business layer to be joined,Not populated — market/business geocoding layer to be joined,https://www.dahd.gov.in/schemes/programmes/animal-husbandry-statistics,https://www.data.gov.in/catalog/dailyweekly-retail-prices-milk,https://www.openstreetmap.org/,2026-09-28 web verification of source availability,Derived,Calculated from DAHD BAHS 2025 Table 35 official state and All-India totals,Milk production is official government data; blank market/competition/price fields are intentionally unfilled until their respective source datasets are joined.,61.45,57.6299,3.8201000000000036,All-India average; NOT local market price,2026-09-28,Department of Consumer Affairs - Price Monitoring System,REAL_OFFICIAL_REFERENCE
IN-DAIRY-0412,412,India,Sikkim,,,State/UT,2023-24,2023-24,Milk,Milk,80.99,000 tonnes,0.0338,All-India production share (%),0.21,,,,,,,,5,,,Pending local-data join,,,0,Not populated — needs local population/consumption/transactions,Not populated — needs OSM/Overpass or verified business directory,Not populated — government milk price series is separate,NOT LOCAL-MARKET COMPLETE,Cannot calculate until local competitors + local demand + local price are joined,"Join local competitor, population/demand and current price layers before scoring market gap",Official government — DAHD BAHS 2025,Missing,Official — DAHD BAHS 2025 Table 35,Not populated — requires Consumer Affairs price-series extraction,Not populated — Census/OGD layer to be joined,Not populated — OSM/Overpass business layer to be joined,Not populated — market/business geocoding layer to be joined,https://www.dahd.gov.in/schemes/programmes/animal-husbandry-statistics,https://www.data.gov.in/catalog/dailyweekly-retail-prices-milk,https://www.openstreetmap.org/,2026-09-28 web verification of source availability,Derived,Calculated from DAHD BAHS 2025 Table 35 official state and All-India totals,Milk production is official government data; blank market/competition/price fields are intentionally unfilled until their respective source datasets are joined.,61.45,57.6299,3.8201000000000036,All-India average; NOT local market price,2026-09-28,Department of Consumer Affairs - Price Monitoring System,REAL_OFFICIAL_REFERENCE
IN-DAIRY-0413,413,India,Sikkim,,,State/UT,2024-25,2024-25,Milk,Milk,89.35,000 tonnes,0.036,All-India production share (%),0.23,,,,,,,,5,,,Pending local-data join,,,0,Not populated — needs local population/consumption/transactions,Not populated — needs OSM/Overpass or verified business directory,Not populated — government milk price series is separate,NOT LOCAL-MARKET COMPLETE,Cannot calculate until local competitors + local demand + local price are joined,"Join local competitor, population/demand and current price layers before scoring market gap",Official government — DAHD BAHS 2025,Missing,Official — DAHD BAHS 2025 Table 35,Not populated — requires Consumer Affairs price-series extraction,Not populated — Census/OGD layer to be joined,Not populated — OSM/Overpass business layer to be joined,Not populated — market/business geocoding layer to be joined,https://www.dahd.gov.in/schemes/programmes/animal-husbandry-statistics,https://www.data.gov.in/catalog/dailyweekly-retail-prices-milk,https://www.openstreetmap.org/,2026-09-28 web verification of source availability,Derived,Calculated from DAHD BAHS 2025 Table 35 official state and All-India totals,Milk production is official government data; blank market/competition/price fields are intentionally unfilled until their respective source datasets are joined.,61.45,57.6299,3.8201000000000036,All-India average; NOT local market price,2026-09-28,Department of Consumer Affairs - Price Monitoring System,REAL_OFFICIAL_REFERENCE
IN-DAIRY-0414,414,India,Tamil Nadu,,,State/UT,2018-19,2018-19,Milk,Milk,8361.68,000 tonnes,4.4536,All-India production share (%),27.4,,,,,,,,5,,,Pending local-data join,,,0,Not populated — needs local population/consumption/transactions,Not populated — needs OSM/Overpass or verified business directory,Not populated — government milk price series is separate,NOT LOCAL-MARKET COMPLETE,Cannot calculate until local competitors + local demand + local price are joined,"Join local competitor, population/demand and current price layers before scoring market gap",Official government — DAHD BAHS 2025,Missing,Official — DAHD BAHS 2025 Table 35,Not populated — requires Consumer Affairs price-series extraction,Not populated — Census/OGD layer to be joined,Not populated — OSM/Overpass business layer to be joined,Not populated — market/business geocoding layer to be joined,https://www.dahd.gov.in/schemes/programmes/animal-husbandry-statistics,https://www.data.gov.in/catalog/dailyweekly-retail-prices-milk,https://www.openstreetmap.org/,2026-09-28 web verification of source availability,Derived,Calculated from DAHD BAHS 2025 Table 35 official state and All-India totals,Milk production is official government data; blank market/competition/price fields are intentionally unfilled until their respective source datasets are joined.,61.45,57.6299,3.8201000000000036,All-India average; NOT local market price,2026-09-28,Department of Consumer Affairs - Price Monitoring System,REAL_OFFICIAL_REFERENCE
IN-DAIRY-0415,415,India,Tamil Nadu,,,State/UT,2019-20,2019-20,Milk,Milk,8759.01,000 tonnes,4.4139,All-India production share (%),27.49,,,,,,,,5,,,Pending local-data join,,,0,Not populated — needs local population/consumption/transactions,Not populated — needs OSM/Overpass or verified business directory,Not populated — government milk price series is separate,NOT LOCAL-MARKET COMPLETE,Cannot calculate until local competitors + local demand + local price are joined,"Join local competitor, population/demand and current price layers before scoring market gap",Official government — DAHD BAHS 2025,Missing,Official — DAHD BAHS 2025 Table 35,Not populated — requires Consumer Affairs price-series extraction,Not populated — Census/OGD layer to be joined,Not populated — OSM/Overpass business layer to be joined,Not populated — market/business geocoding layer to be joined,https://www.dahd.gov.in/schemes/programmes/animal-husbandry-statistics,https://www.data.gov.in/catalog/dailyweekly-retail-prices-milk,https://www.openstreetmap.org/,2026-09-28 web verification of source availability,Derived,Calculated from DAHD BAHS 2025 Table 35 official state and All-India totals,Milk production is official government data; blank market/competition/price fields are intentionally unfilled until their respective source datasets are joined.,61.45,57.6299,3.8201000000000036,All-India average; NOT local market price,2026-09-28,Department of Consumer Affairs - Price Monitoring System,REAL_OFFICIAL_REFERENCE
IN-DAIRY-0416,416,India,Tamil Nadu,,,State/UT,2020-21,2020-21,Milk,Milk,9790.36,000 tonnes,4.663,All-India production share (%),31.22,,,,,,,,5,,,Pending local-data join,,,0,Not populated — needs local population/consumption/transactions,Not populated — needs OSM/Overpass or verified business directory,Not populated — government milk price series is separate,NOT LOCAL-MARKET COMPLETE,Cannot calculate until local competitors + local demand + local price are joined,"Join local competitor, population/demand and current price layers before scoring market gap",Official government — DAHD BAHS 2025,Missing,Official — DAHD BAHS 2025 Table 35,Not populated — requires Consumer Affairs price-series extraction,Not populated — Census/OGD layer to be joined,Not populated — OSM/Overpass business layer to be joined,Not populated — market/business geocoding layer to be joined,https://www.dahd.gov.in/schemes/programmes/animal-husbandry-statistics,https://www.data.gov.in/catalog/dailyweekly-retail-prices-milk,https://www.openstreetmap.org/,2026-09-28 web verification of source availability,Derived,Calculated from DAHD BAHS 2025 Table 35 official state and All-India totals,Milk production is official government data; blank market/competition/price fields are intentionally unfilled until their respective source datasets are joined.,61.45,57.6299,3.8201000000000036,All-India average; NOT local market price,2026-09-28,Department of Consumer Affairs - Price Monitoring System,REAL_OFFICIAL_REFERENCE
IN-DAIRY-0417,417,India,Tamil Nadu,,,State/UT,2021-22,2021-22,Milk,Milk,10107.43,000 tonnes,4.5515,All-India production share (%),29.84,,,,,,,,5,,,Pending local-data join,,,0,Not populated — needs local population/consumption/transactions,Not populated — needs OSM/Overpass or verified business directory,Not populated — government milk price series is separate,NOT LOCAL-MARKET COMPLETE,Cannot calculate until local competitors + local demand + local price are joined,"Join local competitor, population/demand and current price layers before scoring market gap",Official government — DAHD BAHS 2025,Missing,Official — DAHD BAHS 2025 Table 35,Not populated — requires Consumer Affairs price-series extraction,Not populated — Census/OGD layer to be joined,Not populated — OSM/Overpass business layer to be joined,Not populated — market/business geocoding layer to be joined,https://www.dahd.gov.in/schemes/programmes/animal-husbandry-statistics,https://www.data.gov.in/catalog/dailyweekly-retail-prices-milk,https://www.openstreetmap.org/,2026-09-28 web verification of source availability,Derived,Calculated from DAHD BAHS 2025 Table 35 official state and All-India totals,Milk production is official government data; blank market/competition/price fields are intentionally unfilled until their respective source datasets are joined.,61.45,57.6299,3.8201000000000036,All-India average; NOT local market price,2026-09-28,Department of Consumer Affairs - Price Monitoring System,REAL_OFFICIAL_REFERENCE
IN-DAIRY-0418,418,India,Tamil Nadu,,,State/UT,2022-23,2022-23,Milk,Milk,10316.75,000 tonnes,4.4743,All-India production share (%),28.47,,,,,,,,5,,,Pending local-data join,,,0,Not populated — needs local population/consumption/transactions,Not populated — needs OSM/Overpass or verified business directory,Not populated — government milk price series is separate,NOT LOCAL-MARKET COMPLETE,Cannot calculate until local competitors + local demand + local price are joined,"Join local competitor, population/demand and current price layers before scoring market gap",Official government — DAHD BAHS 2025,Missing,Official — DAHD BAHS 2025 Table 35,Not populated — requires Consumer Affairs price-series extraction,Not populated — Census/OGD layer to be joined,Not populated — OSM/Overpass business layer to be joined,Not populated — market/business geocoding layer to be joined,https://www.dahd.gov.in/schemes/programmes/animal-husbandry-statistics,https://www.data.gov.in/catalog/dailyweekly-retail-prices-milk,https://www.openstreetmap.org/,2026-09-28 web verification of source availability,Derived,Calculated from DAHD BAHS 2025 Table 35 official state and All-India totals,Milk production is official government data; blank market/competition/price fields are intentionally unfilled until their respective source datasets are joined.,61.45,57.6299,3.8201000000000036,All-India average; NOT local market price,2026-09-28,Department of Consumer Affairs - Price Monitoring System,REAL_OFFICIAL_REFERENCE
IN-DAIRY-0419,419,India,Tamil Nadu,,,State/UT,2023-24,2023-24,Milk,Milk,10807.84,000 tonnes,4.5165,All-India production share (%),27.87,,,,,,,,5,,,Pending local-data join,,,0,Not populated — needs local population/consumption/transactions,Not populated — needs OSM/Overpass or verified business directory,Not populated — government milk price series is separate,NOT LOCAL-MARKET COMPLETE,Cannot calculate until local competitors + local demand + local price are joined,"Join local competitor, population/demand and current price layers before scoring market gap",Official government — DAHD BAHS 2025,Missing,Official — DAHD BAHS 2025 Table 35,Not populated — requires Consumer Affairs price-series extraction,Not populated — Census/OGD layer to be joined,Not populated — OSM/Overpass business layer to be joined,Not populated — market/business geocoding layer to be joined,https://www.dahd.gov.in/schemes/programmes/animal-husbandry-statistics,https://www.data.gov.in/catalog/dailyweekly-retail-prices-milk,https://www.openstreetmap.org/,2026-09-28 web verification of source availability,Derived,Calculated from DAHD BAHS 2025 Table 35 official state and All-India totals,Milk production is official government data; blank market/competition/price fields are intentionally unfilled until their respective source datasets are joined.,61.45,57.6299,3.8201000000000036,All-India average; NOT local market price,2026-09-28,Department of Consumer Affairs - Price Monitoring System,REAL_OFFICIAL_REFERENCE
IN-DAIRY-0420,420,India,Tamil Nadu,,,State/UT,2024-25,2024-25,Milk,Milk,11442.91,000 tonnes,4.6165,All-India production share (%),29.48,,,,,,,,5,,,Pending local-data join,,,0,Not populated — needs local population/consumption/transactions,Not populated — needs OSM/Overpass or verified business directory,Not populated — government milk price series is separate,NOT LOCAL-MARKET COMPLETE,Cannot calculate until local competitors + local demand + local price are joined,"Join local competitor, population/demand and current price layers before scoring market gap",Official government — DAHD BAHS 2025,Missing,Official — DAHD BAHS 2025 Table 35,Not populated — requires Consumer Affairs price-series extraction,Not populated — Census/OGD layer to be joined,Not populated — OSM/Overpass business layer to be joined,Not populated — market/business geocoding layer to be joined,https://www.dahd.gov.in/schemes/programmes/animal-husbandry-statistics,https://www.data.gov.in/catalog/dailyweekly-retail-prices-milk,https://www.openstreetmap.org/,2026-09-28 web verification of source availability,Derived,Calculated from DAHD BAHS 2025 Table 35 official state and All-India totals,Milk production is official government data; blank market/competition/price fields are intentionally unfilled until their respective source datasets are joined.,61.45,57.6299,3.8201000000000036,All-India average; NOT local market price,2026-09-28,Department of Consumer Affairs - Price Monitoring System,REAL_OFFICIAL_REFERENCE
IN-DAIRY-0421,421,India,Telangana,,,State/UT,2018-19,2018-19,Milk,Milk,5416.13,000 tonnes,2.8848,All-India production share (%),17.74,,,,,,,,5,,,Pending local-data join,,,0,Not populated — needs local population/consumption/transactions,Not populated — needs OSM/Overpass or verified business directory,Not populated — government milk price series is separate,NOT LOCAL-MARKET COMPLETE,Cannot calculate until local competitors + local demand + local price are joined,"Join local competitor, population/demand and current price layers before scoring market gap",Official government — DAHD BAHS 2025,Missing,Official — DAHD BAHS 2025 Table 35,Not populated — requires Consumer Affairs price-series extraction,Not populated — Census/OGD layer to be joined,Not populated — OSM/Overpass business layer to be joined,Not populated — market/business geocoding layer to be joined,https://www.dahd.gov.in/schemes/programmes/animal-husbandry-statistics,https://www.data.gov.in/catalog/dailyweekly-retail-prices-milk,https://www.openstreetmap.org/,2026-09-28 web verification of source availability,Derived,Calculated from DAHD BAHS 2025 Table 35 official state and All-India totals,Milk production is official government data; blank market/competition/price fields are intentionally unfilled until their respective source datasets are joined.,61.45,57.6299,3.8201000000000036,All-India average; NOT local market price,2026-09-28,Department of Consumer Affairs - Price Monitoring System,REAL_OFFICIAL_REFERENCE
IN-DAIRY-0422,422,India,Telangana,,,State/UT,2019-20,2019-20,Milk,Milk,5589.8,000 tonnes,2.8169,All-India production share (%),17.54,,,,,,,,5,,,Pending local-data join,,,0,Not populated — needs local population/consumption/transactions,Not populated — needs OSM/Overpass or verified business directory,Not populated — government milk price series is separate,NOT LOCAL-MARKET COMPLETE,Cannot calculate until local competitors + local demand + local price are joined,"Join local competitor, population/demand and current price layers before scoring market gap",Official government — DAHD BAHS 2025,Missing,Official — DAHD BAHS 2025 Table 35,Not populated — requires Consumer Affairs price-series extraction,Not populated — Census/OGD layer to be joined,Not populated — OSM/Overpass business layer to be joined,Not populated — market/business geocoding layer to be joined,https://www.dahd.gov.in/schemes/programmes/animal-husbandry-statistics,https://www.data.gov.in/catalog/dailyweekly-retail-prices-milk,https://www.openstreetmap.org/,2026-09-28 web verification of source availability,Derived,Calculated from DAHD BAHS 2025 Table 35 official state and All-India totals,Milk production is official government data; blank market/competition/price fields are intentionally unfilled until their respective source datasets are joined.,61.45,57.6299,3.8201000000000036,All-India average; NOT local market price,2026-09-28,Department of Consumer Affairs - Price Monitoring System,REAL_OFFICIAL_REFERENCE
IN-DAIRY-0423,423,India,Telangana,,,State/UT,2020-21,2020-21,Milk,Milk,5765.21,000 tonnes,2.7459,All-India production share (%),18.38,,,,,,,,5,,,Pending local-data join,,,0,Not populated — needs local population/consumption/transactions,Not populated — needs OSM/Overpass or verified business directory,Not populated — government milk price series is separate,NOT LOCAL-MARKET COMPLETE,Cannot calculate until local competitors + local demand + local price are joined,"Join local competitor, population/demand and current price layers before scoring market gap",Official government — DAHD BAHS 2025,Missing,Official — DAHD BAHS 2025 Table 35,Not populated — requires Consumer Affairs price-series extraction,Not populated — Census/OGD layer to be joined,Not populated — OSM/Overpass business layer to be joined,Not populated — market/business geocoding layer to be joined,https://www.dahd.gov.in/schemes/programmes/animal-husbandry-statistics,https://www.data.gov.in/catalog/dailyweekly-retail-prices-milk,https://www.openstreetmap.org/,2026-09-28 web verification of source availability,Derived,Calculated from DAHD BAHS 2025 Table 35 official state and All-India totals,Milk production is official government data; blank market/competition/price fields are intentionally unfilled until their respective source datasets are joined.,61.45,57.6299,3.8201000000000036,All-India average; NOT local market price,2026-09-28,Department of Consumer Affairs - Price Monitoring System,REAL_OFFICIAL_REFERENCE
IN-DAIRY-0424,424,India,Telangana,,,State/UT,2021-22,2021-22,Milk,Milk,5807.78,000 tonnes,2.6153,All-India production share (%),17.14,,,,,,,,5,,,Pending local-data join,,,0,Not populated — needs local population/consumption/transactions,Not populated — needs OSM/Overpass or verified business directory,Not populated — government milk price series is separate,NOT LOCAL-MARKET COMPLETE,Cannot calculate until local competitors + local demand + local price are joined,"Join local competitor, population/demand and current price layers before scoring market gap",Official government — DAHD BAHS 2025,Missing,Official — DAHD BAHS 2025 Table 35,Not populated — requires Consumer Affairs price-series extraction,Not populated — Census/OGD layer to be joined,Not populated — OSM/Overpass business layer to be joined,Not populated — market/business geocoding layer to be joined,https://www.dahd.gov.in/schemes/programmes/animal-husbandry-statistics,https://www.data.gov.in/catalog/dailyweekly-retail-prices-milk,https://www.openstreetmap.org/,2026-09-28 web verification of source availability,Derived,Calculated from DAHD BAHS 2025 Table 35 official state and All-India totals,Milk production is official government data; blank market/competition/price fields are intentionally unfilled until their respective source datasets are joined.,61.45,57.6299,3.8201000000000036,All-India average; NOT local market price,2026-09-28,Department of Consumer Affairs - Price Monitoring System,REAL_OFFICIAL_REFERENCE
IN-DAIRY-0425,425,India,Telangana,,,State/UT,2022-23,2022-23,Milk,Milk,5854.96,000 tonnes,2.5393,All-India production share (%),16.15,,,,,,,,5,,,Pending local-data join,,,0,Not populated — needs local population/consumption/transactions,Not populated — needs OSM/Overpass or verified business directory,Not populated — government milk price series is separate,NOT LOCAL-MARKET COMPLETE,Cannot calculate until local competitors + local demand + local price are joined,"Join local competitor, population/demand and current price layers before scoring market gap",Official government — DAHD BAHS 2025,Missing,Official — DAHD BAHS 2025 Table 35,Not populated — requires Consumer Affairs price-series extraction,Not populated — Census/OGD layer to be joined,Not populated — OSM/Overpass business layer to be joined,Not populated — market/business geocoding layer to be joined,https://www.dahd.gov.in/schemes/programmes/animal-husbandry-statistics,https://www.data.gov.in/catalog/dailyweekly-retail-prices-milk,https://www.openstreetmap.org/,2026-09-28 web verification of source availability,Derived,Calculated from DAHD BAHS 2025 Table 35 official state and All-India totals,Milk production is official government data; blank market/competition/price fields are intentionally unfilled until their respective source datasets are joined.,61.45,57.6299,3.8201000000000036,All-India average; NOT local market price,2026-09-28,Department of Consumer Affairs - Price Monitoring System,REAL_OFFICIAL_REFERENCE
IN-DAIRY-0426,426,India,Telangana,,,State/UT,2023-24,2023-24,Milk,Milk,5839.56,000 tonnes,2.4403,All-India production share (%),15.06,,,,,,,,5,,,Pending local-data join,,,0,Not populated — needs local population/consumption/transactions,Not populated — needs OSM/Overpass or verified business directory,Not populated — government milk price series is separate,NOT LOCAL-MARKET COMPLETE,Cannot calculate until local competitors + local demand + local price are joined,"Join local competitor, population/demand and current price layers before scoring market gap",Official government — DAHD BAHS 2025,Missing,Official — DAHD BAHS 2025 Table 35,Not populated — requires Consumer Affairs price-series extraction,Not populated — Census/OGD layer to be joined,Not populated — OSM/Overpass business layer to be joined,Not populated — market/business geocoding layer to be joined,https://www.dahd.gov.in/schemes/programmes/animal-husbandry-statistics,https://www.data.gov.in/catalog/dailyweekly-retail-prices-milk,https://www.openstreetmap.org/,2026-09-28 web verification of source availability,Derived,Calculated from DAHD BAHS 2025 Table 35 official state and All-India totals,Milk production is official government data; blank market/competition/price fields are intentionally unfilled until their respective source datasets are joined.,61.45,57.6299,3.8201000000000036,All-India average; NOT local market price,2026-09-28,Department of Consumer Affairs - Price Monitoring System,REAL_OFFICIAL_REFERENCE
IN-DAIRY-0427,427,India,Telangana,,,State/UT,2024-25,2024-25,Milk,Milk,5935.12,000 tonnes,2.3944,All-India production share (%),15.29,,,,,,,,5,,,Pending local-data join,,,0,Not populated — needs local population/consumption/transactions,Not populated — needs OSM/Overpass or verified business directory,Not populated — government milk price series is separate,NOT LOCAL-MARKET COMPLETE,Cannot calculate until local competitors + local demand + local price are joined,"Join local competitor, population/demand and current price layers before scoring market gap",Official government — DAHD BAHS 2025,Missing,Official — DAHD BAHS 2025 Table 35,Not populated — requires Consumer Affairs price-series extraction,Not populated — Census/OGD layer to be joined,Not populated — OSM/Overpass business layer to be joined,Not populated — market/business geocoding layer to be joined,https://www.dahd.gov.in/schemes/programmes/animal-husbandry-statistics,https://www.data.gov.in/catalog/dailyweekly-retail-prices-milk,https://www.openstreetmap.org/,2026-09-28 web verification of source availability,Derived,Calculated from DAHD BAHS 2025 Table 35 official state and All-India totals,Milk production is official government data; blank market/competition/price fields are intentionally unfilled until their respective source datasets are joined.,61.45,57.6299,3.8201000000000036,All-India average; NOT local market price,2026-09-28,Department of Consumer Affairs - Price Monitoring System,REAL_OFFICIAL_REFERENCE
IN-DAIRY-0428,428,India,Tripura,,,State/UT,2018-19,2018-19,Milk,Milk,185.27,000 tonnes,0.0987,All-India production share (%),0.6,,,,,,,,5,,,Pending local-data join,,,0,Not populated — needs local population/consumption/transactions,Not populated — needs OSM/Overpass or verified business directory,Not populated — government milk price series is separate,NOT LOCAL-MARKET COMPLETE,Cannot calculate until local competitors + local demand + local price are joined,"Join local competitor, population/demand and current price layers before scoring market gap",Official government — DAHD BAHS 2025,Missing,Official — DAHD BAHS 2025 Table 35,Not populated — requires Consumer Affairs price-series extraction,Not populated — Census/OGD layer to be joined,Not populated — OSM/Overpass business layer to be joined,Not populated — market/business geocoding layer to be joined,https://www.dahd.gov.in/schemes/programmes/animal-husbandry-statistics,https://www.data.gov.in/catalog/dailyweekly-retail-prices-milk,https://www.openstreetmap.org/,2026-09-28 web verification of source availability,Derived,Calculated from DAHD BAHS 2025 Table 35 official state and All-India totals,Milk production is official government data; blank market/competition/price fields are intentionally unfilled until their respective source datasets are joined.,61.45,57.6299,3.8201000000000036,All-India average; NOT local market price,2026-09-28,Department of Consumer Affairs - Price Monitoring System,REAL_OFFICIAL_REFERENCE
IN-DAIRY-0429,429,India,Tripura,,,State/UT,2019-20,2019-20,Milk,Milk,198.6,000 tonnes,0.1001,All-India production share (%),0.62,,,,,,,,5,,,Pending local-data join,,,0,Not populated — needs local population/consumption/transactions,Not populated — needs OSM/Overpass or verified business directory,Not populated — government milk price series is separate,NOT LOCAL-MARKET COMPLETE,Cannot calculate until local competitors + local demand + local price are joined,"Join local competitor, population/demand and current price layers before scoring market gap",Official government — DAHD BAHS 2025,Missing,Official — DAHD BAHS 2025 Table 35,Not populated — requires Consumer Affairs price-series extraction,Not populated — Census/OGD layer to be joined,Not populated — OSM/Overpass business layer to be joined,Not populated — market/business geocoding layer to be joined,https://www.dahd.gov.in/schemes/programmes/animal-husbandry-statistics,https://www.data.gov.in/catalog/dailyweekly-retail-prices-milk,https://www.openstreetmap.org/,2026-09-28 web verification of source availability,Derived,Calculated from DAHD BAHS 2025 Table 35 official state and All-India totals,Milk production is official government data; blank market/competition/price fields are intentionally unfilled until their respective source datasets are joined.,61.45,57.6299,3.8201000000000036,All-India average; NOT local market price,2026-09-28,Department of Consumer Affairs - Price Monitoring System,REAL_OFFICIAL_REFERENCE
IN-DAIRY-0430,430,India,Tripura,,,State/UT,2020-21,2020-21,Milk,Milk,206.17,000 tonnes,0.0982,All-India production share (%),0.65,,,,,,,,5,,,Pending local-data join,,,0,Not populated — needs local population/consumption/transactions,Not populated — needs OSM/Overpass or verified business directory,Not populated — government milk price series is separate,NOT LOCAL-MARKET COMPLETE,Cannot calculate until local competitors + local demand + local price are joined,"Join local competitor, population/demand and current price layers before scoring market gap",Official government — DAHD BAHS 2025,Missing,Official — DAHD BAHS 2025 Table 35,Not populated — requires Consumer Affairs price-series extraction,Not populated — Census/OGD layer to be joined,Not populated — OSM/Overpass business layer to be joined,Not populated — market/business geocoding layer to be joined,https://www.dahd.gov.in/schemes/programmes/animal-husbandry-statistics,https://www.data.gov.in/catalog/dailyweekly-retail-prices-milk,https://www.openstreetmap.org/,2026-09-28 web verification of source availability,Derived,Calculated from DAHD BAHS 2025 Table 35 official state and All-India totals,Milk production is official government data; blank market/competition/price fields are intentionally unfilled until their respective source datasets are joined.,61.45,57.6299,3.8201000000000036,All-India average; NOT local market price,2026-09-28,Department of Consumer Affairs - Price Monitoring System,REAL_OFFICIAL_REFERENCE
IN-DAIRY-0431,431,India,Tripura,,,State/UT,2021-22,2021-22,Milk,Milk,216.96,000 tonnes,0.0977,All-India production share (%),0.64,,,,,,,,5,,,Pending local-data join,,,0,Not populated — needs local population/consumption/transactions,Not populated — needs OSM/Overpass or verified business directory,Not populated — government milk price series is separate,NOT LOCAL-MARKET COMPLETE,Cannot calculate until local competitors + local demand + local price are joined,"Join local competitor, population/demand and current price layers before scoring market gap",Official government — DAHD BAHS 2025,Missing,Official — DAHD BAHS 2025 Table 35,Not populated — requires Consumer Affairs price-series extraction,Not populated — Census/OGD layer to be joined,Not populated — OSM/Overpass business layer to be joined,Not populated — market/business geocoding layer to be joined,https://www.dahd.gov.in/schemes/programmes/animal-husbandry-statistics,https://www.data.gov.in/catalog/dailyweekly-retail-prices-milk,https://www.openstreetmap.org/,2026-09-28 web verification of source availability,Derived,Calculated from DAHD BAHS 2025 Table 35 official state and All-India totals,Milk production is official government data; blank market/competition/price fields are intentionally unfilled until their respective source datasets are joined.,61.45,57.6299,3.8201000000000036,All-India average; NOT local market price,2026-09-28,Department of Consumer Affairs - Price Monitoring System,REAL_OFFICIAL_REFERENCE
IN-DAIRY-0432,432,India,Tripura,,,State/UT,2022-23,2022-23,Milk,Milk,230.12,000 tonnes,0.0998,All-India production share (%),0.63,,,,,,,,5,,,Pending local-data join,,,0,Not populated — needs local population/consumption/transactions,Not populated — needs OSM/Overpass or verified business directory,Not populated — government milk price series is separate,NOT LOCAL-MARKET COMPLETE,Cannot calculate until local competitors + local demand + local price are joined,"Join local competitor, population/demand and current price layers before scoring market gap",Official government — DAHD BAHS 2025,Missing,Official — DAHD BAHS 2025 Table 35,Not populated — requires Consumer Affairs price-series extraction,Not populated — Census/OGD layer to be joined,Not populated — OSM/Overpass business layer to be joined,Not populated — market/business geocoding layer to be joined,https://www.dahd.gov.in/schemes/programmes/animal-husbandry-statistics,https://www.data.gov.in/catalog/dailyweekly-retail-prices-milk,https://www.openstreetmap.org/,2026-09-28 web verification of source availability,Derived,Calculated from DAHD BAHS 2025 Table 35 official state and All-India totals,Milk production is official government data; blank market/competition/price fields are intentionally unfilled until their respective source datasets are joined.,61.45,57.6299,3.8201000000000036,All-India average; NOT local market price,2026-09-28,Department of Consumer Affairs - Price Monitoring System,REAL_OFFICIAL_REFERENCE
IN-DAIRY-0433,433,India,Tripura,,,State/UT,2023-24,2023-24,Milk,Milk,247.3,000 tonnes,0.1033,All-India production share (%),0.64,,,,,,,,5,,,Pending local-data join,,,0,Not populated — needs local population/consumption/transactions,Not populated — needs OSM/Overpass or verified business directory,Not populated — government milk price series is separate,NOT LOCAL-MARKET COMPLETE,Cannot calculate until local competitors + local demand + local price are joined,"Join local competitor, population/demand and current price layers before scoring market gap",Official government — DAHD BAHS 2025,Missing,Official — DAHD BAHS 2025 Table 35,Not populated — requires Consumer Affairs price-series extraction,Not populated — Census/OGD layer to be joined,Not populated — OSM/Overpass business layer to be joined,Not populated — market/business geocoding layer to be joined,https://www.dahd.gov.in/schemes/programmes/animal-husbandry-statistics,https://www.data.gov.in/catalog/dailyweekly-retail-prices-milk,https://www.openstreetmap.org/,2026-09-28 web verification of source availability,Derived,Calculated from DAHD BAHS 2025 Table 35 official state and All-India totals,Milk production is official government data; blank market/competition/price fields are intentionally unfilled until their respective source datasets are joined.,61.45,57.6299,3.8201000000000036,All-India average; NOT local market price,2026-09-28,Department of Consumer Affairs - Price Monitoring System,REAL_OFFICIAL_REFERENCE
IN-DAIRY-0434,434,India,Tripura,,,State/UT,2024-25,2024-25,Milk,Milk,263.69,000 tonnes,0.1064,All-India production share (%),0.68,,,,,,,,5,,,Pending local-data join,,,0,Not populated — needs local population/consumption/transactions,Not populated — needs OSM/Overpass or verified business directory,Not populated — government milk price series is separate,NOT LOCAL-MARKET COMPLETE,Cannot calculate until local competitors + local demand + local price are joined,"Join local competitor, population/demand and current price layers before scoring market gap",Official government — DAHD BAHS 2025,Missing,Official — DAHD BAHS 2025 Table 35,Not populated — requires Consumer Affairs price-series extraction,Not populated — Census/OGD layer to be joined,Not populated — OSM/Overpass business layer to be joined,Not populated — market/business geocoding layer to be joined,https://www.dahd.gov.in/schemes/programmes/animal-husbandry-statistics,https://www.data.gov.in/catalog/dailyweekly-retail-prices-milk,https://www.openstreetmap.org/,2026-09-28 web verification of source availability,Derived,Calculated from DAHD BAHS 2025 Table 35 official state and All-India totals,Milk production is official government data; blank market/competition/price fields are intentionally unfilled until their respective source datasets are joined.,61.45,57.6299,3.8201000000000036,All-India average; NOT local market price,2026-09-28,Department of Consumer Affairs - Price Monitoring System,REAL_OFFICIAL_REFERENCE
IN-DAIRY-0435,435,India,Uttar Pradesh,,,State/UT,2018-19,2018-19,Milk,Milk,30518.91,000 tonnes,16.2551,All-India production share (%),100.0,,,,,,,,5,,,Pending local-data join,,,0,Not populated — needs local population/consumption/transactions,Not populated — needs OSM/Overpass or verified business directory,Not populated — government milk price series is separate,NOT LOCAL-MARKET COMPLETE,Cannot calculate until local competitors + local demand + local price are joined,"Join local competitor, population/demand and current price layers before scoring market gap",Official government — DAHD BAHS 2025,Missing,Official — DAHD BAHS 2025 Table 35,Not populated — requires Consumer Affairs price-series extraction,Not populated — Census/OGD layer to be joined,Not populated — OSM/Overpass business layer to be joined,Not populated — market/business geocoding layer to be joined,https://www.dahd.gov.in/schemes/programmes/animal-husbandry-statistics,https://www.data.gov.in/catalog/dailyweekly-retail-prices-milk,https://www.openstreetmap.org/,2026-09-28 web verification of source availability,Derived,Calculated from DAHD BAHS 2025 Table 35 official state and All-India totals,Milk production is official government data; blank market/competition/price fields are intentionally unfilled until their respective source datasets are joined.,61.45,57.6299,3.8201000000000036,All-India average; NOT local market price,2026-09-28,Department of Consumer Affairs - Price Monitoring System,REAL_OFFICIAL_REFERENCE
IN-DAIRY-0436,436,India,Uttar Pradesh,,,State/UT,2019-20,2019-20,Milk,Milk,31863.91,000 tonnes,16.0572,All-India production share (%),100.0,,,,,,,,5,,,Pending local-data join,,,0,Not populated — needs local population/consumption/transactions,Not populated — needs OSM/Overpass or verified business directory,Not populated — government milk price series is separate,NOT LOCAL-MARKET COMPLETE,Cannot calculate until local competitors + local demand + local price are joined,"Join local competitor, population/demand and current price layers before scoring market gap",Official government — DAHD BAHS 2025,Missing,Official — DAHD BAHS 2025 Table 35,Not populated — requires Consumer Affairs price-series extraction,Not populated — Census/OGD layer to be joined,Not populated — OSM/Overpass business layer to be joined,Not populated — market/business geocoding layer to be joined,https://www.dahd.gov.in/schemes/programmes/animal-husbandry-statistics,https://www.data.gov.in/catalog/dailyweekly-retail-prices-milk,https://www.openstreetmap.org/,2026-09-28 web verification of source availability,Derived,Calculated from DAHD BAHS 2025 Table 35 official state and All-India totals,Milk production is official government data; blank market/competition/price fields are intentionally unfilled until their respective source datasets are joined.,61.45,57.6299,3.8201000000000036,All-India average; NOT local market price,2026-09-28,Department of Consumer Affairs - Price Monitoring System,REAL_OFFICIAL_REFERENCE
IN-DAIRY-0437,437,India,Uttar Pradesh,,,State/UT,2020-21,2020-21,Milk,Milk,31359.1,000 tonnes,14.9358,All-India production share (%),100.0,,,,,,,,5,,,Pending local-data join,,,0,Not populated — needs local population/consumption/transactions,Not populated — needs OSM/Overpass or verified business directory,Not populated — government milk price series is separate,NOT LOCAL-MARKET COMPLETE,Cannot calculate until local competitors + local demand + local price are joined,"Join local competitor, population/demand and current price layers before scoring market gap",Official government — DAHD BAHS 2025,Missing,Official — DAHD BAHS 2025 Table 35,Not populated — requires Consumer Affairs price-series extraction,Not populated — Census/OGD layer to be joined,Not populated — OSM/Overpass business layer to be joined,Not populated — market/business geocoding layer to be joined,https://www.dahd.gov.in/schemes/programmes/animal-husbandry-statistics,https://www.data.gov.in/catalog/dailyweekly-retail-prices-milk,https://www.openstreetmap.org/,2026-09-28 web verification of source availability,Derived,Calculated from DAHD BAHS 2025 Table 35 official state and All-India totals,Milk production is official government data; blank market/competition/price fields are intentionally unfilled until their respective source datasets are joined.,61.45,57.6299,3.8201000000000036,All-India average; NOT local market price,2026-09-28,Department of Consumer Affairs - Price Monitoring System,REAL_OFFICIAL_REFERENCE
IN-DAIRY-0438,438,India,Uttar Pradesh,,,State/UT,2021-22,2021-22,Milk,Milk,33873.61,000 tonnes,15.2537,All-India production share (%),100.0,,,,,,,,5,,,Pending local-data join,,,0,Not populated — needs local population/consumption/transactions,Not populated — needs OSM/Overpass or verified business directory,Not populated — government milk price series is separate,NOT LOCAL-MARKET COMPLETE,Cannot calculate until local competitors + local demand + local price are joined,"Join local competitor, population/demand and current price layers before scoring market gap",Official government — DAHD BAHS 2025,Missing,Official — DAHD BAHS 2025 Table 35,Not populated — requires Consumer Affairs price-series extraction,Not populated — Census/OGD layer to be joined,Not populated — OSM/Overpass business layer to be joined,Not populated — market/business geocoding layer to be joined,https://www.dahd.gov.in/schemes/programmes/animal-husbandry-statistics,https://www.data.gov.in/catalog/dailyweekly-retail-prices-milk,https://www.openstreetmap.org/,2026-09-28 web verification of source availability,Derived,Calculated from DAHD BAHS 2025 Table 35 official state and All-India totals,Milk production is official government data; blank market/competition/price fields are intentionally unfilled until their respective source datasets are joined.,61.45,57.6299,3.8201000000000036,All-India average; NOT local market price,2026-09-28,Department of Consumer Affairs - Price Monitoring System,REAL_OFFICIAL_REFERENCE
IN-DAIRY-0439,439,India,Uttar Pradesh,,,State/UT,2022-23,2022-23,Milk,Milk,36241.74,000 tonnes,15.7178,All-India production share (%),100.0,,,,,,,,5,,,Pending local-data join,,,0,Not populated — needs local population/consumption/transactions,Not populated — needs OSM/Overpass or verified business directory,Not populated — government milk price series is separate,NOT LOCAL-MARKET COMPLETE,Cannot calculate until local competitors + local demand + local price are joined,"Join local competitor, population/demand and current price layers before scoring market gap",Official government — DAHD BAHS 2025,Missing,Official — DAHD BAHS 2025 Table 35,Not populated — requires Consumer Affairs price-series extraction,Not populated — Census/OGD layer to be joined,Not populated — OSM/Overpass business layer to be joined,Not populated — market/business geocoding layer to be joined,https://www.dahd.gov.in/schemes/programmes/animal-husbandry-statistics,https://www.data.gov.in/catalog/dailyweekly-retail-prices-milk,https://www.openstreetmap.org/,2026-09-28 web verification of source availability,Derived,Calculated from DAHD BAHS 2025 Table 35 official state and All-India totals,Milk production is official government data; blank market/competition/price fields are intentionally unfilled until their respective source datasets are joined.,61.45,57.6299,3.8201000000000036,All-India average; NOT local market price,2026-09-28,Department of Consumer Affairs - Price Monitoring System,REAL_OFFICIAL_REFERENCE
IN-DAIRY-0440,440,India,Uttar Pradesh,,,State/UT,2023-24,2023-24,Milk,Milk,38779.57,000 tonnes,16.2055,All-India production share (%),100.0,,,,,,,,5,,,Pending local-data join,,,0,Not populated — needs local population/consumption/transactions,Not populated — needs OSM/Overpass or verified business directory,Not populated — government milk price series is separate,NOT LOCAL-MARKET COMPLETE,Cannot calculate until local competitors + local demand + local price are joined,"Join local competitor, population/demand and current price layers before scoring market gap",Official government — DAHD BAHS 2025,Missing,Official — DAHD BAHS 2025 Table 35,Not populated — requires Consumer Affairs price-series extraction,Not populated — Census/OGD layer to be joined,Not populated — OSM/Overpass business layer to be joined,Not populated — market/business geocoding layer to be joined,https://www.dahd.gov.in/schemes/programmes/animal-husbandry-statistics,https://www.data.gov.in/catalog/dailyweekly-retail-prices-milk,https://www.openstreetmap.org/,2026-09-28 web verification of source availability,Derived,Calculated from DAHD BAHS 2025 Table 35 official state and All-India totals,Milk production is official government data; blank market/competition/price fields are intentionally unfilled until their respective source datasets are joined.,61.45,57.6299,3.8201000000000036,All-India average; NOT local market price,2026-09-28,Department of Consumer Affairs - Price Monitoring System,REAL_OFFICIAL_REFERENCE
IN-DAIRY-0441,441,India,Uttar Pradesh,,,State/UT,2024-25,2024-25,Milk,Milk,38815.34,000 tonnes,15.6596,All-India production share (%),100.0,,,,,,,,5,,,Pending local-data join,,,0,Not populated — needs local population/consumption/transactions,Not populated — needs OSM/Overpass or verified business directory,Not populated — government milk price series is separate,NOT LOCAL-MARKET COMPLETE,Cannot calculate until local competitors + local demand + local price are joined,"Join local competitor, population/demand and current price layers before scoring market gap",Official government — DAHD BAHS 2025,Missing,Official — DAHD BAHS 2025 Table 35,Not populated — requires Consumer Affairs price-series extraction,Not populated — Census/OGD layer to be joined,Not populated — OSM/Overpass business layer to be joined,Not populated — market/business geocoding layer to be joined,https://www.dahd.gov.in/schemes/programmes/animal-husbandry-statistics,https://www.data.gov.in/catalog/dailyweekly-retail-prices-milk,https://www.openstreetmap.org/,2026-09-28 web verification of source availability,Derived,Calculated from DAHD BAHS 2025 Table 35 official state and All-India totals,Milk production is official government data; blank market/competition/price fields are intentionally unfilled until their respective source datasets are joined.,61.45,57.6299,3.8201000000000036,All-India average; NOT local market price,2026-09-28,Department of Consumer Affairs - Price Monitoring System,REAL_OFFICIAL_REFERENCE
IN-DAIRY-0442,442,India,Uttarakhand,,,State/UT,2018-19,2018-19,Milk,Milk,1792.37,000 tonnes,0.9547,All-India production share (%),5.87,,,,,,,,5,,,Pending local-data join,,,0,Not populated — needs local population/consumption/transactions,Not populated — needs OSM/Overpass or verified business directory,Not populated — government milk price series is separate,NOT LOCAL-MARKET COMPLETE,Cannot calculate until local competitors + local demand + local price are joined,"Join local competitor, population/demand and current price layers before scoring market gap",Official government — DAHD BAHS 2025,Missing,Official — DAHD BAHS 2025 Table 35,Not populated — requires Consumer Affairs price-series extraction,Not populated — Census/OGD layer to be joined,Not populated — OSM/Overpass business layer to be joined,Not populated — market/business geocoding layer to be joined,https://www.dahd.gov.in/schemes/programmes/animal-husbandry-statistics,https://www.data.gov.in/catalog/dailyweekly-retail-prices-milk,https://www.openstreetmap.org/,2026-09-28 web verification of source availability,Derived,Calculated from DAHD BAHS 2025 Table 35 official state and All-India totals,Milk production is official government data; blank market/competition/price fields are intentionally unfilled until their respective source datasets are joined.,61.45,57.6299,3.8201000000000036,All-India average; NOT local market price,2026-09-28,Department of Consumer Affairs - Price Monitoring System,REAL_OFFICIAL_REFERENCE
IN-DAIRY-0443,443,India,Uttarakhand,,,State/UT,2019-20,2019-20,Milk,Milk,1844.71,000 tonnes,0.9296,All-India production share (%),5.79,,,,,,,,5,,,Pending local-data join,,,0,Not populated — needs local population/consumption/transactions,Not populated — needs OSM/Overpass or verified business directory,Not populated — government milk price series is separate,NOT LOCAL-MARKET COMPLETE,Cannot calculate until local competitors + local demand + local price are joined,"Join local competitor, population/demand and current price layers before scoring market gap",Official government — DAHD BAHS 2025,Missing,Official — DAHD BAHS 2025 Table 35,Not populated — requires Consumer Affairs price-series extraction,Not populated — Census/OGD layer to be joined,Not populated — OSM/Overpass business layer to be joined,Not populated — market/business geocoding layer to be joined,https://www.dahd.gov.in/schemes/programmes/animal-husbandry-statistics,https://www.data.gov.in/catalog/dailyweekly-retail-prices-milk,https://www.openstreetmap.org/,2026-09-28 web verification of source availability,Derived,Calculated from DAHD BAHS 2025 Table 35 official state and All-India totals,Milk production is official government data; blank market/competition/price fields are intentionally unfilled until their respective source datasets are joined.,61.45,57.6299,3.8201000000000036,All-India average; NOT local market price,2026-09-28,Department of Consumer Affairs - Price Monitoring System,REAL_OFFICIAL_REFERENCE
IN-DAIRY-0444,444,India,Uttarakhand,,,State/UT,2020-21,2020-21,Milk,Milk,1797.45,000 tonnes,0.8561,All-India production share (%),5.73,,,,,,,,5,,,Pending local-data join,,,0,Not populated — needs local population/consumption/transactions,Not populated — needs OSM/Overpass or verified business directory,Not populated — government milk price series is separate,NOT LOCAL-MARKET COMPLETE,Cannot calculate until local competitors + local demand + local price are joined,"Join local competitor, population/demand and current price layers before scoring market gap",Official government — DAHD BAHS 2025,Missing,Official — DAHD BAHS 2025 Table 35,Not populated — requires Consumer Affairs price-series extraction,Not populated — Census/OGD layer to be joined,Not populated — OSM/Overpass business layer to be joined,Not populated — market/business geocoding layer to be joined,https://www.dahd.gov.in/schemes/programmes/animal-husbandry-statistics,https://www.data.gov.in/catalog/dailyweekly-retail-prices-milk,https://www.openstreetmap.org/,2026-09-28 web verification of source availability,Derived,Calculated from DAHD BAHS 2025 Table 35 official state and All-India totals,Milk production is official government data; blank market/competition/price fields are intentionally unfilled until their respective source datasets are joined.,61.45,57.6299,3.8201000000000036,All-India average; NOT local market price,2026-09-28,Department of Consumer Affairs - Price Monitoring System,REAL_OFFICIAL_REFERENCE
IN-DAIRY-0445,445,India,Uttarakhand,,,State/UT,2021-22,2021-22,Milk,Milk,1856.27,000 tonnes,0.8359,All-India production share (%),5.48,,,,,,,,5,,,Pending local-data join,,,0,Not populated — needs local population/consumption/transactions,Not populated — needs OSM/Overpass or verified business directory,Not populated — government milk price series is separate,NOT LOCAL-MARKET COMPLETE,Cannot calculate until local competitors + local demand + local price are joined,"Join local competitor, population/demand and current price layers before scoring market gap",Official government — DAHD BAHS 2025,Missing,Official — DAHD BAHS 2025 Table 35,Not populated — requires Consumer Affairs price-series extraction,Not populated — Census/OGD layer to be joined,Not populated — OSM/Overpass business layer to be joined,Not populated — market/business geocoding layer to be joined,https://www.dahd.gov.in/schemes/programmes/animal-husbandry-statistics,https://www.data.gov.in/catalog/dailyweekly-retail-prices-milk,https://www.openstreetmap.org/,2026-09-28 web verification of source availability,Derived,Calculated from DAHD BAHS 2025 Table 35 official state and All-India totals,Milk production is official government data; blank market/competition/price fields are intentionally unfilled until their respective source datasets are joined.,61.45,57.6299,3.8201000000000036,All-India average; NOT local market price,2026-09-28,Department of Consumer Affairs - Price Monitoring System,REAL_OFFICIAL_REFERENCE
IN-DAIRY-0446,446,India,Uttarakhand,,,State/UT,2022-23,2022-23,Milk,Milk,1858.55,000 tonnes,0.806,All-India production share (%),5.13,,,,,,,,5,,,Pending local-data join,,,0,Not populated — needs local population/consumption/transactions,Not populated — needs OSM/Overpass or verified business directory,Not populated — government milk price series is separate,NOT LOCAL-MARKET COMPLETE,Cannot calculate until local competitors + local demand + local price are joined,"Join local competitor, population/demand and current price layers before scoring market gap",Official government — DAHD BAHS 2025,Missing,Official — DAHD BAHS 2025 Table 35,Not populated — requires Consumer Affairs price-series extraction,Not populated — Census/OGD layer to be joined,Not populated — OSM/Overpass business layer to be joined,Not populated — market/business geocoding layer to be joined,https://www.dahd.gov.in/schemes/programmes/animal-husbandry-statistics,https://www.data.gov.in/catalog/dailyweekly-retail-prices-milk,https://www.openstreetmap.org/,2026-09-28 web verification of source availability,Derived,Calculated from DAHD BAHS 2025 Table 35 official state and All-India totals,Milk production is official government data; blank market/competition/price fields are intentionally unfilled until their respective source datasets are joined.,61.45,57.6299,3.8201000000000036,All-India average; NOT local market price,2026-09-28,Department of Consumer Affairs - Price Monitoring System,REAL_OFFICIAL_REFERENCE
IN-DAIRY-0447,447,India,Uttarakhand,,,State/UT,2023-24,2023-24,Milk,Milk,1897.84,000 tonnes,0.7931,All-India production share (%),4.89,,,,,,,,5,,,Pending local-data join,,,0,Not populated — needs local population/consumption/transactions,Not populated — needs OSM/Overpass or verified business directory,Not populated — government milk price series is separate,NOT LOCAL-MARKET COMPLETE,Cannot calculate until local competitors + local demand + local price are joined,"Join local competitor, population/demand and current price layers before scoring market gap",Official government — DAHD BAHS 2025,Missing,Official — DAHD BAHS 2025 Table 35,Not populated — requires Consumer Affairs price-series extraction,Not populated — Census/OGD layer to be joined,Not populated — OSM/Overpass business layer to be joined,Not populated — market/business geocoding layer to be joined,https://www.dahd.gov.in/schemes/programmes/animal-husbandry-statistics,https://www.data.gov.in/catalog/dailyweekly-retail-prices-milk,https://www.openstreetmap.org/,2026-09-28 web verification of source availability,Derived,Calculated from DAHD BAHS 2025 Table 35 official state and All-India totals,Milk production is official government data; blank market/competition/price fields are intentionally unfilled until their respective source datasets are joined.,61.45,57.6299,3.8201000000000036,All-India average; NOT local market price,2026-09-28,Department of Consumer Affairs - Price Monitoring System,REAL_OFFICIAL_REFERENCE
IN-DAIRY-0448,448,India,Uttarakhand,,,State/UT,2024-25,2024-25,Milk,Milk,1957.25,000 tonnes,0.7896,All-India production share (%),5.04,,,,,,,,5,,,Pending local-data join,,,0,Not populated — needs local population/consumption/transactions,Not populated — needs OSM/Overpass or verified business directory,Not populated — government milk price series is separate,NOT LOCAL-MARKET COMPLETE,Cannot calculate until local competitors + local demand + local price are joined,"Join local competitor, population/demand and current price layers before scoring market gap",Official government — DAHD BAHS 2025,Missing,Official — DAHD BAHS 2025 Table 35,Not populated — requires Consumer Affairs price-series extraction,Not populated — Census/OGD layer to be joined,Not populated — OSM/Overpass business layer to be joined,Not populated — market/business geocoding layer to be joined,https://www.dahd.gov.in/schemes/programmes/animal-husbandry-statistics,https://www.data.gov.in/catalog/dailyweekly-retail-prices-milk,https://www.openstreetmap.org/,2026-09-28 web verification of source availability,Derived,Calculated from DAHD BAHS 2025 Table 35 official state and All-India totals,Milk production is official government data; blank market/competition/price fields are intentionally unfilled until their respective source datasets are joined.,61.45,57.6299,3.8201000000000036,All-India average; NOT local market price,2026-09-28,Department of Consumer Affairs - Price Monitoring System,REAL_OFFICIAL_REFERENCE
IN-DAIRY-0449,449,India,West Bengal,,,State/UT,2018-19,2018-19,Milk,Milk,5606.82,000 tonnes,2.9863,All-India production share (%),18.37,,,,,,,,5,,,Pending local-data join,,,0,Not populated — needs local population/consumption/transactions,Not populated — needs OSM/Overpass or verified business directory,Not populated — government milk price series is separate,NOT LOCAL-MARKET COMPLETE,Cannot calculate until local competitors + local demand + local price are joined,"Join local competitor, population/demand and current price layers before scoring market gap",Official government — DAHD BAHS 2025,Missing,Official — DAHD BAHS 2025 Table 35,Not populated — requires Consumer Affairs price-series extraction,Not populated — Census/OGD layer to be joined,Not populated — OSM/Overpass business layer to be joined,Not populated — market/business geocoding layer to be joined,https://www.dahd.gov.in/schemes/programmes/animal-husbandry-statistics,https://www.data.gov.in/catalog/dailyweekly-retail-prices-milk,https://www.openstreetmap.org/,2026-09-28 web verification of source availability,Derived,Calculated from DAHD BAHS 2025 Table 35 official state and All-India totals,Milk production is official government data; blank market/competition/price fields are intentionally unfilled until their respective source datasets are joined.,61.45,57.6299,3.8201000000000036,All-India average; NOT local market price,2026-09-28,Department of Consumer Affairs - Price Monitoring System,REAL_OFFICIAL_REFERENCE
IN-DAIRY-0450,450,India,West Bengal,,,State/UT,2019-20,2019-20,Milk,Milk,5868.61,000 tonnes,2.9574,All-India production share (%),18.41,,,,,,,,5,,,Pending local-data join,,,0,Not populated — needs local population/consumption/transactions,Not populated — needs OSM/Overpass or verified business directory,Not populated — government milk price series is separate,NOT LOCAL-MARKET COMPLETE,Cannot calculate until local competitors + local demand + local price are joined,"Join local competitor, population/demand and current price layers before scoring market gap",Official government — DAHD BAHS 2025,Missing,Official — DAHD BAHS 2025 Table 35,Not populated — requires Consumer Affairs price-series extraction,Not populated — Census/OGD layer to be joined,Not populated — OSM/Overpass business layer to be joined,Not populated — market/business geocoding layer to be joined,https://www.dahd.gov.in/schemes/programmes/animal-husbandry-statistics,https://www.data.gov.in/catalog/dailyweekly-retail-prices-milk,https://www.openstreetmap.org/,2026-09-28 web verification of source availability,Derived,Calculated from DAHD BAHS 2025 Table 35 official state and All-India totals,Milk production is official government data; blank market/competition/price fields are intentionally unfilled until their respective source datasets are joined.,61.45,57.6299,3.8201000000000036,All-India average; NOT local market price,2026-09-28,Department of Consumer Affairs - Price Monitoring System,REAL_OFFICIAL_REFERENCE
IN-DAIRY-0451,451,India,West Bengal,,,State/UT,2020-21,2020-21,Milk,Milk,6164.82,000 tonnes,2.9362,All-India production share (%),19.66,,,,,,,,5,,,Pending local-data join,,,0,Not populated — needs local population/consumption/transactions,Not populated — needs OSM/Overpass or verified business directory,Not populated — government milk price series is separate,NOT LOCAL-MARKET COMPLETE,Cannot calculate until local competitors + local demand + local price are joined,"Join local competitor, population/demand and current price layers before scoring market gap",Official government — DAHD BAHS 2025,Missing,Official — DAHD BAHS 2025 Table 35,Not populated — requires Consumer Affairs price-series extraction,Not populated — Census/OGD layer to be joined,Not populated — OSM/Overpass business layer to be joined,Not populated — market/business geocoding layer to be joined,https://www.dahd.gov.in/schemes/programmes/animal-husbandry-statistics,https://www.data.gov.in/catalog/dailyweekly-retail-prices-milk,https://www.openstreetmap.org/,2026-09-28 web verification of source availability,Derived,Calculated from DAHD BAHS 2025 Table 35 official state and All-India totals,Milk production is official government data; blank market/competition/price fields are intentionally unfilled until their respective source datasets are joined.,61.45,57.6299,3.8201000000000036,All-India average; NOT local market price,2026-09-28,Department of Consumer Affairs - Price Monitoring System,REAL_OFFICIAL_REFERENCE
IN-DAIRY-0452,452,India,West Bengal,,,State/UT,2021-22,2021-22,Milk,Milk,6414.48,000 tonnes,2.8885,All-India production share (%),18.94,,,,,,,,5,,,Pending local-data join,,,0,Not populated — needs local population/consumption/transactions,Not populated — needs OSM/Overpass or verified business directory,Not populated — government milk price series is separate,NOT LOCAL-MARKET COMPLETE,Cannot calculate until local competitors + local demand + local price are joined,"Join local competitor, population/demand and current price layers before scoring market gap",Official government — DAHD BAHS 2025,Missing,Official — DAHD BAHS 2025 Table 35,Not populated — requires Consumer Affairs price-series extraction,Not populated — Census/OGD layer to be joined,Not populated — OSM/Overpass business layer to be joined,Not populated — market/business geocoding layer to be joined,https://www.dahd.gov.in/schemes/programmes/animal-husbandry-statistics,https://www.data.gov.in/catalog/dailyweekly-retail-prices-milk,https://www.openstreetmap.org/,2026-09-28 web verification of source availability,Derived,Calculated from DAHD BAHS 2025 Table 35 official state and All-India totals,Milk production is official government data; blank market/competition/price fields are intentionally unfilled until their respective source datasets are joined.,61.45,57.6299,3.8201000000000036,All-India average; NOT local market price,2026-09-28,Department of Consumer Affairs - Price Monitoring System,REAL_OFFICIAL_REFERENCE
IN-DAIRY-0453,453,India,West Bengal,,,State/UT,2022-23,2022-23,Milk,Milk,6969.4,000 tonnes,3.0226,All-India production share (%),19.23,,,,,,,,5,,,Pending local-data join,,,0,Not populated — needs local population/consumption/transactions,Not populated — needs OSM/Overpass or verified business directory,Not populated — government milk price series is separate,NOT LOCAL-MARKET COMPLETE,Cannot calculate until local competitors + local demand + local price are joined,"Join local competitor, population/demand and current price layers before scoring market gap",Official government — DAHD BAHS 2025,Missing,Official — DAHD BAHS 2025 Table 35,Not populated — requires Consumer Affairs price-series extraction,Not populated — Census/OGD layer to be joined,Not populated — OSM/Overpass business layer to be joined,Not populated — market/business geocoding layer to be joined,https://www.dahd.gov.in/schemes/programmes/animal-husbandry-statistics,https://www.data.gov.in/catalog/dailyweekly-retail-prices-milk,https://www.openstreetmap.org/,2026-09-28 web verification of source availability,Derived,Calculated from DAHD BAHS 2025 Table 35 official state and All-India totals,Milk production is official government data; blank market/competition/price fields are intentionally unfilled until their respective source datasets are joined.,61.45,57.6299,3.8201000000000036,All-India average; NOT local market price,2026-09-28,Department of Consumer Affairs - Price Monitoring System,REAL_OFFICIAL_REFERENCE
IN-DAIRY-0454,454,India,West Bengal,,,State/UT,2023-24,2023-24,Milk,Milk,7649.74,000 tonnes,3.1967,All-India production share (%),19.73,,,,,,,,5,,,Pending local-data join,,,0,Not populated — needs local population/consumption/transactions,Not populated — needs OSM/Overpass or verified business directory,Not populated — government milk price series is separate,NOT LOCAL-MARKET COMPLETE,Cannot calculate until local competitors + local demand + local price are joined,"Join local competitor, population/demand and current price layers before scoring market gap",Official government — DAHD BAHS 2025,Missing,Official — DAHD BAHS 2025 Table 35,Not populated — requires Consumer Affairs price-series extraction,Not populated — Census/OGD layer to be joined,Not populated — OSM/Overpass business layer to be joined,Not populated — market/business geocoding layer to be joined,https://www.dahd.gov.in/schemes/programmes/animal-husbandry-statistics,https://www.data.gov.in/catalog/dailyweekly-retail-prices-milk,https://www.openstreetmap.org/,2026-09-28 web verification of source availability,Derived,Calculated from DAHD BAHS 2025 Table 35 official state and All-India totals,Milk production is official government data; blank market/competition/price fields are intentionally unfilled until their respective source datasets are joined.,61.45,57.6299,3.8201000000000036,All-India average; NOT local market price,2026-09-28,Department of Consumer Affairs - Price Monitoring System,REAL_OFFICIAL_REFERENCE
IN-DAIRY-0455,455,India,West Bengal,,,State/UT,2024-25,2024-25,Milk,Milk,7954.17,000 tonnes,3.209,All-India production share (%),20.49,,,,,,,,5,,,Pending local-data join,,,0,Not populated — needs local population/consumption/transactions,Not populated — needs OSM/Overpass or verified business directory,Not populated — government milk price series is separate,NOT LOCAL-MARKET COMPLETE,Cannot calculate until local competitors + local demand + local price are joined,"Join local competitor, population/demand and current price layers before scoring market gap",Official government — DAHD BAHS 2025,Missing,Official — DAHD BAHS 2025 Table 35,Not populated — requires Consumer Affairs price-series extraction,Not populated — Census/OGD layer to be joined,Not populated — OSM/Overpass business layer to be joined,Not populated — market/business geocoding layer to be joined,https://www.dahd.gov.in/schemes/programmes/animal-husbandry-statistics,https://www.data.gov.in/catalog/dailyweekly-retail-prices-milk,https://www.openstreetmap.org/,2026-09-28 web verification of source availability,Derived,Calculated from DAHD BAHS 2025 Table 35 official state and All-India totals,Milk production is official government data; blank market/competition/price fields are intentionally unfilled until their respective source datasets are joined.,61.45,57.6299,3.8201000000000036,All-India average; NOT local market price,2026-09-28,Department of Consumer Affairs - Price Monitoring System,REAL_OFFICIAL_REFERENCE
IN-DAIRY-0456,456,India,A&N Islands,,,State/UT,2018-19,2018-19,Milk,Milk,18.15,000 tonnes,0.0097,All-India production share (%),0.06,,,,,,,,5,,,Pending local-data join,,,0,Not populated — needs local population/consumption/transactions,Not populated — needs OSM/Overpass or verified business directory,Not populated — government milk price series is separate,NOT LOCAL-MARKET COMPLETE,Cannot calculate until local competitors + local demand + local price are joined,"Join local competitor, population/demand and current price layers before scoring market gap",Official government — DAHD BAHS 2025,Missing,Official — DAHD BAHS 2025 Table 35,Not populated — requires Consumer Affairs price-series extraction,Not populated — Census/OGD layer to be joined,Not populated — OSM/Overpass business layer to be joined,Not populated — market/business geocoding layer to be joined,https://www.dahd.gov.in/schemes/programmes/animal-husbandry-statistics,https://www.data.gov.in/catalog/dailyweekly-retail-prices-milk,https://www.openstreetmap.org/,2026-09-28 web verification of source availability,Derived,Calculated from DAHD BAHS 2025 Table 35 official state and All-India totals,Milk production is official government data; blank market/competition/price fields are intentionally unfilled until their respective source datasets are joined.,61.45,57.6299,3.8201000000000036,All-India average; NOT local market price,2026-09-28,Department of Consumer Affairs - Price Monitoring System,REAL_OFFICIAL_REFERENCE
IN-DAIRY-0457,457,India,A&N Islands,,,State/UT,2019-20,2019-20,Milk,Milk,18.9,000 tonnes,0.0095,All-India production share (%),0.06,,,,,,,,5,,,Pending local-data join,,,0,Not populated — needs local population/consumption/transactions,Not populated — needs OSM/Overpass or verified business directory,Not populated — government milk price series is separate,NOT LOCAL-MARKET COMPLETE,Cannot calculate until local competitors + local demand + local price are joined,"Join local competitor, population/demand and current price layers before scoring market gap",Official government — DAHD BAHS 2025,Missing,Official — DAHD BAHS 2025 Table 35,Not populated — requires Consumer Affairs price-series extraction,Not populated — Census/OGD layer to be joined,Not populated — OSM/Overpass business layer to be joined,Not populated — market/business geocoding layer to be joined,https://www.dahd.gov.in/schemes/programmes/animal-husbandry-statistics,https://www.data.gov.in/catalog/dailyweekly-retail-prices-milk,https://www.openstreetmap.org/,2026-09-28 web verification of source availability,Derived,Calculated from DAHD BAHS 2025 Table 35 official state and All-India totals,Milk production is official government data; blank market/competition/price fields are intentionally unfilled until their respective source datasets are joined.,61.45,57.6299,3.8201000000000036,All-India average; NOT local market price,2026-09-28,Department of Consumer Affairs - Price Monitoring System,REAL_OFFICIAL_REFERENCE
IN-DAIRY-0458,458,India,A&N Islands,,,State/UT,2020-21,2020-21,Milk,Milk,14.67,000 tonnes,0.007,All-India production share (%),0.04,,,,,,,,5,,,Pending local-data join,,,0,Not populated — needs local population/consumption/transactions,Not populated — needs OSM/Overpass or verified business directory,Not populated — government milk price series is separate,NOT LOCAL-MARKET COMPLETE,Cannot calculate until local competitors + local demand + local price are joined,"Join local competitor, population/demand and current price layers before scoring market gap",Official government — DAHD BAHS 2025,Missing,Official — DAHD BAHS 2025 Table 35,Not populated — requires Consumer Affairs price-series extraction,Not populated — Census/OGD layer to be joined,Not populated — OSM/Overpass business layer to be joined,Not populated — market/business geocoding layer to be joined,https://www.dahd.gov.in/schemes/programmes/animal-husbandry-statistics,https://www.data.gov.in/catalog/dailyweekly-retail-prices-milk,https://www.openstreetmap.org/,2026-09-28 web verification of source availability,Derived,Calculated from DAHD BAHS 2025 Table 35 official state and All-India totals,Milk production is official government data; blank market/competition/price fields are intentionally unfilled until their respective source datasets are joined.,61.45,57.6299,3.8201000000000036,All-India average; NOT local market price,2026-09-28,Department of Consumer Affairs - Price Monitoring System,REAL_OFFICIAL_REFERENCE
IN-DAIRY-0459,459,India,A&N Islands,,,State/UT,2021-22,2021-22,Milk,Milk,16.78,000 tonnes,0.0076,All-India production share (%),0.05,,,,,,,,5,,,Pending local-data join,,,0,Not populated — needs local population/consumption/transactions,Not populated — needs OSM/Overpass or verified business directory,Not populated — government milk price series is separate,NOT LOCAL-MARKET COMPLETE,Cannot calculate until local competitors + local demand + local price are joined,"Join local competitor, population/demand and current price layers before scoring market gap",Official government — DAHD BAHS 2025,Missing,Official — DAHD BAHS 2025 Table 35,Not populated — requires Consumer Affairs price-series extraction,Not populated — Census/OGD layer to be joined,Not populated — OSM/Overpass business layer to be joined,Not populated — market/business geocoding layer to be joined,https://www.dahd.gov.in/schemes/programmes/animal-husbandry-statistics,https://www.data.gov.in/catalog/dailyweekly-retail-prices-milk,https://www.openstreetmap.org/,2026-09-28 web verification of source availability,Derived,Calculated from DAHD BAHS 2025 Table 35 official state and All-India totals,Milk production is official government data; blank market/competition/price fields are intentionally unfilled until their respective source datasets are joined.,61.45,57.6299,3.8201000000000036,All-India average; NOT local market price,2026-09-28,Department of Consumer Affairs - Price Monitoring System,REAL_OFFICIAL_REFERENCE
IN-DAIRY-0460,460,India,A&N Islands,,,State/UT,2022-23,2022-23,Milk,Milk,17.2,000 tonnes,0.0075,All-India production share (%),0.05,,,,,,,,5,,,Pending local-data join,,,0,Not populated — needs local population/consumption/transactions,Not populated — needs OSM/Overpass or verified business directory,Not populated — government milk price series is separate,NOT LOCAL-MARKET COMPLETE,Cannot calculate until local competitors + local demand + local price are joined,"Join local competitor, population/demand and current price layers before scoring market gap",Official government — DAHD BAHS 2025,Missing,Official — DAHD BAHS 2025 Table 35,Not populated — requires Consumer Affairs price-series extraction,Not populated — Census/OGD layer to be joined,Not populated — OSM/Overpass business layer to be joined,Not populated — market/business geocoding layer to be joined,https://www.dahd.gov.in/schemes/programmes/animal-husbandry-statistics,https://www.data.gov.in/catalog/dailyweekly-retail-prices-milk,https://www.openstreetmap.org/,2026-09-28 web verification of source availability,Derived,Calculated from DAHD BAHS 2025 Table 35 official state and All-India totals,Milk production is official government data; blank market/competition/price fields are intentionally unfilled until their respective source datasets are joined.,61.45,57.6299,3.8201000000000036,All-India average; NOT local market price,2026-09-28,Department of Consumer Affairs - Price Monitoring System,REAL_OFFICIAL_REFERENCE
IN-DAIRY-0461,461,India,A&N Islands,,,State/UT,2023-24,2023-24,Milk,Milk,17.61,000 tonnes,0.0074,All-India production share (%),0.04,,,,,,,,5,,,Pending local-data join,,,0,Not populated — needs local population/consumption/transactions,Not populated — needs OSM/Overpass or verified business directory,Not populated — government milk price series is separate,NOT LOCAL-MARKET COMPLETE,Cannot calculate until local competitors + local demand + local price are joined,"Join local competitor, population/demand and current price layers before scoring market gap",Official government — DAHD BAHS 2025,Missing,Official — DAHD BAHS 2025 Table 35,Not populated — requires Consumer Affairs price-series extraction,Not populated — Census/OGD layer to be joined,Not populated — OSM/Overpass business layer to be joined,Not populated — market/business geocoding layer to be joined,https://www.dahd.gov.in/schemes/programmes/animal-husbandry-statistics,https://www.data.gov.in/catalog/dailyweekly-retail-prices-milk,https://www.openstreetmap.org/,2026-09-28 web verification of source availability,Derived,Calculated from DAHD BAHS 2025 Table 35 official state and All-India totals,Milk production is official government data; blank market/competition/price fields are intentionally unfilled until their respective source datasets are joined.,61.45,57.6299,3.8201000000000036,All-India average; NOT local market price,2026-09-28,Department of Consumer Affairs - Price Monitoring System,REAL_OFFICIAL_REFERENCE
IN-DAIRY-0462,462,India,A&N Islands,,,State/UT,2024-25,2024-25,Milk,Milk,16.17,000 tonnes,0.0065,All-India production share (%),0.04,,,,,,,,5,,,Pending local-data join,,,0,Not populated — needs local population/consumption/transactions,Not populated — needs OSM/Overpass or verified business directory,Not populated — government milk price series is separate,NOT LOCAL-MARKET COMPLETE,Cannot calculate until local competitors + local demand + local price are joined,"Join local competitor, population/demand and current price layers before scoring market gap",Official government — DAHD BAHS 2025,Missing,Official — DAHD BAHS 2025 Table 35,Not populated — requires Consumer Affairs price-series extraction,Not populated — Census/OGD layer to be joined,Not populated — OSM/Overpass business layer to be joined,Not populated — market/business geocoding layer to be joined,https://www.dahd.gov.in/schemes/programmes/animal-husbandry-statistics,https://www.data.gov.in/catalog/dailyweekly-retail-prices-milk,https://www.openstreetmap.org/,2026-09-28 web verification of source availability,Derived,Calculated from DAHD BAHS 2025 Table 35 official state and All-India totals,Milk production is official government data; blank market/competition/price fields are intentionally unfilled until their respective source datasets are joined.,61.45,57.6299,3.8201000000000036,All-India average; NOT local market price,2026-09-28,Department of Consumer Affairs - Price Monitoring System,REAL_OFFICIAL_REFERENCE
IN-DAIRY-0463,463,India,Chandigarh,,,State/UT,2018-19,2018-19,Milk,Milk,45.23,000 tonnes,0.0241,All-India production share (%),0.14,,,,,,,,5,,,Pending local-data join,,,0,Not populated — needs local population/consumption/transactions,Not populated — needs OSM/Overpass or verified business directory,Not populated — government milk price series is separate,NOT LOCAL-MARKET COMPLETE,Cannot calculate until local competitors + local demand + local price are joined,"Join local competitor, population/demand and current price layers before scoring market gap",Official government — DAHD BAHS 2025,Missing,Official — DAHD BAHS 2025 Table 35,Not populated — requires Consumer Affairs price-series extraction,Not populated — Census/OGD layer to be joined,Not populated — OSM/Overpass business layer to be joined,Not populated — market/business geocoding layer to be joined,https://www.dahd.gov.in/schemes/programmes/animal-husbandry-statistics,https://www.data.gov.in/catalog/dailyweekly-retail-prices-milk,https://www.openstreetmap.org/,2026-09-28 web verification of source availability,Derived,Calculated from DAHD BAHS 2025 Table 35 official state and All-India totals,Milk production is official government data; blank market/competition/price fields are intentionally unfilled until their respective source datasets are joined.,61.45,57.6299,3.8201000000000036,All-India average; NOT local market price,2026-09-28,Department of Consumer Affairs - Price Monitoring System,REAL_OFFICIAL_REFERENCE
IN-DAIRY-0464,464,India,Chandigarh,,,State/UT,2019-20,2019-20,Milk,Milk,48.87,000 tonnes,0.0246,All-India production share (%),0.15,,,,,,,,5,,,Pending local-data join,,,0,Not populated — needs local population/consumption/transactions,Not populated — needs OSM/Overpass or verified business directory,Not populated — government milk price series is separate,NOT LOCAL-MARKET COMPLETE,Cannot calculate until local competitors + local demand + local price are joined,"Join local competitor, population/demand and current price layers before scoring market gap",Official government — DAHD BAHS 2025,Missing,Official — DAHD BAHS 2025 Table 35,Not populated — requires Consumer Affairs price-series extraction,Not populated — Census/OGD layer to be joined,Not populated — OSM/Overpass business layer to be joined,Not populated — market/business geocoding layer to be joined,https://www.dahd.gov.in/schemes/programmes/animal-husbandry-statistics,https://www.data.gov.in/catalog/dailyweekly-retail-prices-milk,https://www.openstreetmap.org/,2026-09-28 web verification of source availability,Derived,Calculated from DAHD BAHS 2025 Table 35 official state and All-India totals,Milk production is official government data; blank market/competition/price fields are intentionally unfilled until their respective source datasets are joined.,61.45,57.6299,3.8201000000000036,All-India average; NOT local market price,2026-09-28,Department of Consumer Affairs - Price Monitoring System,REAL_OFFICIAL_REFERENCE
IN-DAIRY-0465,465,India,Chandigarh,,,State/UT,2020-21,2020-21,Milk,Milk,52.3,000 tonnes,0.0249,All-India production share (%),0.16,,,,,,,,5,,,Pending local-data join,,,0,Not populated — needs local population/consumption/transactions,Not populated — needs OSM/Overpass or verified business directory,Not populated — government milk price series is separate,NOT LOCAL-MARKET COMPLETE,Cannot calculate until local competitors + local demand + local price are joined,"Join local competitor, population/demand and current price layers before scoring market gap",Official government — DAHD BAHS 2025,Missing,Official — DAHD BAHS 2025 Table 35,Not populated — requires Consumer Affairs price-series extraction,Not populated — Census/OGD layer to be joined,Not populated — OSM/Overpass business layer to be joined,Not populated — market/business geocoding layer to be joined,https://www.dahd.gov.in/schemes/programmes/animal-husbandry-statistics,https://www.data.gov.in/catalog/dailyweekly-retail-prices-milk,https://www.openstreetmap.org/,2026-09-28 web verification of source availability,Derived,Calculated from DAHD BAHS 2025 Table 35 official state and All-India totals,Milk production is official government data; blank market/competition/price fields are intentionally unfilled until their respective source datasets are joined.,61.45,57.6299,3.8201000000000036,All-India average; NOT local market price,2026-09-28,Department of Consumer Affairs - Price Monitoring System,REAL_OFFICIAL_REFERENCE
IN-DAIRY-0466,466,India,Chandigarh,,,State/UT,2021-22,2021-22,Milk,Milk,57.07,000 tonnes,0.0257,All-India production share (%),0.17,,,,,,,,5,,,Pending local-data join,,,0,Not populated — needs local population/consumption/transactions,Not populated — needs OSM/Overpass or verified business directory,Not populated — government milk price series is separate,NOT LOCAL-MARKET COMPLETE,Cannot calculate until local competitors + local demand + local price are joined,"Join local competitor, population/demand and current price layers before scoring market gap",Official government — DAHD BAHS 2025,Missing,Official — DAHD BAHS 2025 Table 35,Not populated — requires Consumer Affairs price-series extraction,Not populated — Census/OGD layer to be joined,Not populated — OSM/Overpass business layer to be joined,Not populated — market/business geocoding layer to be joined,https://www.dahd.gov.in/schemes/programmes/animal-husbandry-statistics,https://www.data.gov.in/catalog/dailyweekly-retail-prices-milk,https://www.openstreetmap.org/,2026-09-28 web verification of source availability,Derived,Calculated from DAHD BAHS 2025 Table 35 official state and All-India totals,Milk production is official government data; blank market/competition/price fields are intentionally unfilled until their respective source datasets are joined.,61.45,57.6299,3.8201000000000036,All-India average; NOT local market price,2026-09-28,Department of Consumer Affairs - Price Monitoring System,REAL_OFFICIAL_REFERENCE
IN-DAIRY-0467,467,India,Chandigarh,,,State/UT,2022-23,2022-23,Milk,Milk,56.19,000 tonnes,0.0244,All-India production share (%),0.15,,,,,,,,5,,,Pending local-data join,,,0,Not populated — needs local population/consumption/transactions,Not populated — needs OSM/Overpass or verified business directory,Not populated — government milk price series is separate,NOT LOCAL-MARKET COMPLETE,Cannot calculate until local competitors + local demand + local price are joined,"Join local competitor, population/demand and current price layers before scoring market gap",Official government — DAHD BAHS 2025,Missing,Official — DAHD BAHS 2025 Table 35,Not populated — requires Consumer Affairs price-series extraction,Not populated — Census/OGD layer to be joined,Not populated — OSM/Overpass business layer to be joined,Not populated — market/business geocoding layer to be joined,https://www.dahd.gov.in/schemes/programmes/animal-husbandry-statistics,https://www.data.gov.in/catalog/dailyweekly-retail-prices-milk,https://www.openstreetmap.org/,2026-09-28 web verification of source availability,Derived,Calculated from DAHD BAHS 2025 Table 35 official state and All-India totals,Milk production is official government data; blank market/competition/price fields are intentionally unfilled until their respective source datasets are joined.,61.45,57.6299,3.8201000000000036,All-India average; NOT local market price,2026-09-28,Department of Consumer Affairs - Price Monitoring System,REAL_OFFICIAL_REFERENCE
IN-DAIRY-0468,468,India,Chandigarh,,,State/UT,2023-24,2023-24,Milk,Milk,58.87,000 tonnes,0.0246,All-India production share (%),0.15,,,,,,,,5,,,Pending local-data join,,,0,Not populated — needs local population/consumption/transactions,Not populated — needs OSM/Overpass or verified business directory,Not populated — government milk price series is separate,NOT LOCAL-MARKET COMPLETE,Cannot calculate until local competitors + local demand + local price are joined,"Join local competitor, population/demand and current price layers before scoring market gap",Official government — DAHD BAHS 2025,Missing,Official — DAHD BAHS 2025 Table 35,Not populated — requires Consumer Affairs price-series extraction,Not populated — Census/OGD layer to be joined,Not populated — OSM/Overpass business layer to be joined,Not populated — market/business geocoding layer to be joined,https://www.dahd.gov.in/schemes/programmes/animal-husbandry-statistics,https://www.data.gov.in/catalog/dailyweekly-retail-prices-milk,https://www.openstreetmap.org/,2026-09-28 web verification of source availability,Derived,Calculated from DAHD BAHS 2025 Table 35 official state and All-India totals,Milk production is official government data; blank market/competition/price fields are intentionally unfilled until their respective source datasets are joined.,61.45,57.6299,3.8201000000000036,All-India average; NOT local market price,2026-09-28,Department of Consumer Affairs - Price Monitoring System,REAL_OFFICIAL_REFERENCE
IN-DAIRY-0469,469,India,Chandigarh,,,State/UT,2024-25,2024-25,Milk,Milk,63.77,000 tonnes,0.0257,All-India production share (%),0.16,,,,,,,,5,,,Pending local-data join,,,0,Not populated — needs local population/consumption/transactions,Not populated — needs OSM/Overpass or verified business directory,Not populated — government milk price series is separate,NOT LOCAL-MARKET COMPLETE,Cannot calculate until local competitors + local demand + local price are joined,"Join local competitor, population/demand and current price layers before scoring market gap",Official government — DAHD BAHS 2025,Missing,Official — DAHD BAHS 2025 Table 35,Not populated — requires Consumer Affairs price-series extraction,Not populated — Census/OGD layer to be joined,Not populated — OSM/Overpass business layer to be joined,Not populated — market/business geocoding layer to be joined,https://www.dahd.gov.in/schemes/programmes/animal-husbandry-statistics,https://www.data.gov.in/catalog/dailyweekly-retail-prices-milk,https://www.openstreetmap.org/,2026-09-28 web verification of source availability,Derived,Calculated from DAHD BAHS 2025 Table 35 official state and All-India totals,Milk production is official government data; blank market/competition/price fields are intentionally unfilled until their respective source datasets are joined.,61.45,57.6299,3.8201000000000036,All-India average; NOT local market price,2026-09-28,Department of Consumer Affairs - Price Monitoring System,REAL_OFFICIAL_REFERENCE
IN-DAIRY-0470,470,India,Ladakh,,,State/UT,2018-19,2018-19,Milk,Milk,,000 tonnes,,All-India production share (%),,,,,,,,,5,,,Pending local-data join,,,0,Not populated — needs local population/consumption/transactions,Not populated — needs OSM/Overpass or verified business directory,Not populated — government milk price series is separate,NOT LOCAL-MARKET COMPLETE,Cannot calculate until local competitors + local demand + local price are joined,"Join local competitor, population/demand and current price layers before scoring market gap",Official government — DAHD BAHS 2025,Missing,Official — DAHD BAHS 2025 Table 35,Not populated — requires Consumer Affairs price-series extraction,Not populated — Census/OGD layer to be joined,Not populated — OSM/Overpass business layer to be joined,Not populated — market/business geocoding layer to be joined,https://www.dahd.gov.in/schemes/programmes/animal-husbandry-statistics,https://www.data.gov.in/catalog/dailyweekly-retail-prices-milk,https://www.openstreetmap.org/,2026-09-28 web verification of source availability,Derived,Calculated from DAHD BAHS 2025 Table 35 official state and All-India totals,Milk production is official government data; blank market/competition/price fields are intentionally unfilled until their respective source datasets are joined.,61.45,57.6299,3.8201000000000036,All-India average; NOT local market price,2026-09-28,Department of Consumer Affairs - Price Monitoring System,REAL_OFFICIAL_REFERENCE
IN-DAIRY-0471,471,India,Ladakh,,,State/UT,2019-20,2019-20,Milk,Milk,,000 tonnes,,All-India production share (%),,,,,,,,,5,,,Pending local-data join,,,0,Not populated — needs local population/consumption/transactions,Not populated — needs OSM/Overpass or verified business directory,Not populated — government milk price series is separate,NOT LOCAL-MARKET COMPLETE,Cannot calculate until local competitors + local demand + local price are joined,"Join local competitor, population/demand and current price layers before scoring market gap",Official government — DAHD BAHS 2025,Missing,Official — DAHD BAHS 2025 Table 35,Not populated — requires Consumer Affairs price-series extraction,Not populated — Census/OGD layer to be joined,Not populated — OSM/Overpass business layer to be joined,Not populated — market/business geocoding layer to be joined,https://www.dahd.gov.in/schemes/programmes/animal-husbandry-statistics,https://www.data.gov.in/catalog/dailyweekly-retail-prices-milk,https://www.openstreetmap.org/,2026-09-28 web verification of source availability,Derived,Calculated from DAHD BAHS 2025 Table 35 official state and All-India totals,Milk production is official government data; blank market/competition/price fields are intentionally unfilled until their respective source datasets are joined.,61.45,57.6299,3.8201000000000036,All-India average; NOT local market price,2026-09-28,Department of Consumer Affairs - Price Monitoring System,REAL_OFFICIAL_REFERENCE
IN-DAIRY-0472,472,India,Ladakh,,,State/UT,2020-21,2020-21,Milk,Milk,14.88,000 tonnes,0.0071,All-India production share (%),0.04,,,,,,,,5,,,Pending local-data join,,,0,Not populated — needs local population/consumption/transactions,Not populated — needs OSM/Overpass or verified business directory,Not populated — government milk price series is separate,NOT LOCAL-MARKET COMPLETE,Cannot calculate until local competitors + local demand + local price are joined,"Join local competitor, population/demand and current price layers before scoring market gap",Official government — DAHD BAHS 2025,Missing,Official — DAHD BAHS 2025 Table 35,Not populated — requires Consumer Affairs price-series extraction,Not populated — Census/OGD layer to be joined,Not populated — OSM/Overpass business layer to be joined,Not populated — market/business geocoding layer to be joined,https://www.dahd.gov.in/schemes/programmes/animal-husbandry-statistics,https://www.data.gov.in/catalog/dailyweekly-retail-prices-milk,https://www.openstreetmap.org/,2026-09-28 web verification of source availability,Derived,Calculated from DAHD BAHS 2025 Table 35 official state and All-India totals,Milk production is official government data; blank market/competition/price fields are intentionally unfilled until their respective source datasets are joined.,61.45,57.6299,3.8201000000000036,All-India average; NOT local market price,2026-09-28,Department of Consumer Affairs - Price Monitoring System,REAL_OFFICIAL_REFERENCE
IN-DAIRY-0473,473,India,Ladakh,,,State/UT,2021-22,2021-22,Milk,Milk,29.37,000 tonnes,0.0132,All-India production share (%),0.09,,,,,,,,5,,,Pending local-data join,,,0,Not populated — needs local population/consumption/transactions,Not populated — needs OSM/Overpass or verified business directory,Not populated — government milk price series is separate,NOT LOCAL-MARKET COMPLETE,Cannot calculate until local competitors + local demand + local price are joined,"Join local competitor, population/demand and current price layers before scoring market gap",Official government — DAHD BAHS 2025,Missing,Official — DAHD BAHS 2025 Table 35,Not populated — requires Consumer Affairs price-series extraction,Not populated — Census/OGD layer to be joined,Not populated — OSM/Overpass business layer to be joined,Not populated — market/business geocoding layer to be joined,https://www.dahd.gov.in/schemes/programmes/animal-husbandry-statistics,https://www.data.gov.in/catalog/dailyweekly-retail-prices-milk,https://www.openstreetmap.org/,2026-09-28 web verification of source availability,Derived,Calculated from DAHD BAHS 2025 Table 35 official state and All-India totals,Milk production is official government data; blank market/competition/price fields are intentionally unfilled until their respective source datasets are joined.,61.45,57.6299,3.8201000000000036,All-India average; NOT local market price,2026-09-28,Department of Consumer Affairs - Price Monitoring System,REAL_OFFICIAL_REFERENCE
IN-DAIRY-0474,474,India,Ladakh,,,State/UT,2022-23,2022-23,Milk,Milk,30.6,000 tonnes,0.0133,All-India production share (%),0.08,,,,,,,,5,,,Pending local-data join,,,0,Not populated — needs local population/consumption/transactions,Not populated — needs OSM/Overpass or verified business directory,Not populated — government milk price series is separate,NOT LOCAL-MARKET COMPLETE,Cannot calculate until local competitors + local demand + local price are joined,"Join local competitor, population/demand and current price layers before scoring market gap",Official government — DAHD BAHS 2025,Missing,Official — DAHD BAHS 2025 Table 35,Not populated — requires Consumer Affairs price-series extraction,Not populated — Census/OGD layer to be joined,Not populated — OSM/Overpass business layer to be joined,Not populated — market/business geocoding layer to be joined,https://www.dahd.gov.in/schemes/programmes/animal-husbandry-statistics,https://www.data.gov.in/catalog/dailyweekly-retail-prices-milk,https://www.openstreetmap.org/,2026-09-28 web verification of source availability,Derived,Calculated from DAHD BAHS 2025 Table 35 official state and All-India totals,Milk production is official government data; blank market/competition/price fields are intentionally unfilled until their respective source datasets are joined.,61.45,57.6299,3.8201000000000036,All-India average; NOT local market price,2026-09-28,Department of Consumer Affairs - Price Monitoring System,REAL_OFFICIAL_REFERENCE
IN-DAIRY-0475,475,India,Ladakh,,,State/UT,2023-24,2023-24,Milk,Milk,29.31,000 tonnes,0.0122,All-India production share (%),0.07,,,,,,,,5,,,Pending local-data join,,,0,Not populated — needs local population/consumption/transactions,Not populated — needs OSM/Overpass or verified business directory,Not populated — government milk price series is separate,NOT LOCAL-MARKET COMPLETE,Cannot calculate until local competitors + local demand + local price are joined,"Join local competitor, population/demand and current price layers before scoring market gap",Official government — DAHD BAHS 2025,Missing,Official — DAHD BAHS 2025 Table 35,Not populated — requires Consumer Affairs price-series extraction,Not populated — Census/OGD layer to be joined,Not populated — OSM/Overpass business layer to be joined,Not populated — market/business geocoding layer to be joined,https://www.dahd.gov.in/schemes/programmes/animal-husbandry-statistics,https://www.data.gov.in/catalog/dailyweekly-retail-prices-milk,https://www.openstreetmap.org/,2026-09-28 web verification of source availability,Derived,Calculated from DAHD BAHS 2025 Table 35 official state and All-India totals,Milk production is official government data; blank market/competition/price fields are intentionally unfilled until their respective source datasets are joined.,61.45,57.6299,3.8201000000000036,All-India average; NOT local market price,2026-09-28,Department of Consumer Affairs - Price Monitoring System,REAL_OFFICIAL_REFERENCE
IN-DAIRY-0476,476,India,Ladakh,,,State/UT,2024-25,2024-25,Milk,Milk,23.58,000 tonnes,0.0095,All-India production share (%),0.06,,,,,,,,5,,,Pending local-data join,,,0,Not populated — needs local population/consumption/transactions,Not populated — needs OSM/Overpass or verified business directory,Not populated — government milk price series is separate,NOT LOCAL-MARKET COMPLETE,Cannot calculate until local competitors + local demand + local price are joined,"Join local competitor, population/demand and current price layers before scoring market gap",Official government — DAHD BAHS 2025,Missing,Official — DAHD BAHS 2025 Table 35,Not populated — requires Consumer Affairs price-series extraction,Not populated — Census/OGD layer to be joined,Not populated — OSM/Overpass business layer to be joined,Not populated — market/business geocoding layer to be joined,https://www.dahd.gov.in/schemes/programmes/animal-husbandry-statistics,https://www.data.gov.in/catalog/dailyweekly-retail-prices-milk,https://www.openstreetmap.org/,2026-09-28 web verification of source availability,Derived,Calculated from DAHD BAHS 2025 Table 35 official state and All-India totals,Milk production is official government data; blank market/competition/price fields are intentionally unfilled until their respective source datasets are joined.,61.45,57.6299,3.8201000000000036,All-India average; NOT local market price,2026-09-28,Department of Consumer Affairs - Price Monitoring System,REAL_OFFICIAL_REFERENCE
IN-DAIRY-0477,477,India,Daman & Diu and D&N Haveli,,,State/UT,2018-19,2018-19,Milk,Milk,1.01,000 tonnes,0.0005,All-India production share (%),0.0,,,,,,,,5,,,Pending local-data join,,,0,Not populated — needs local population/consumption/transactions,Not populated — needs OSM/Overpass or verified business directory,Not populated — government milk price series is separate,NOT LOCAL-MARKET COMPLETE,Cannot calculate until local competitors + local demand + local price are joined,"Join local competitor, population/demand and current price layers before scoring market gap",Official government — DAHD BAHS 2025,Missing,Official — DAHD BAHS 2025 Table 35,Not populated — requires Consumer Affairs price-series extraction,Not populated — Census/OGD layer to be joined,Not populated — OSM/Overpass business layer to be joined,Not populated — market/business geocoding layer to be joined,https://www.dahd.gov.in/schemes/programmes/animal-husbandry-statistics,https://www.data.gov.in/catalog/dailyweekly-retail-prices-milk,https://www.openstreetmap.org/,2026-09-28 web verification of source availability,Derived,Calculated from DAHD BAHS 2025 Table 35 official state and All-India totals,Milk production is official government data; blank market/competition/price fields are intentionally unfilled until their respective source datasets are joined.,61.45,57.6299,3.8201000000000036,All-India average; NOT local market price,2026-09-28,Department of Consumer Affairs - Price Monitoring System,REAL_OFFICIAL_REFERENCE
IN-DAIRY-0478,478,India,Daman & Diu and D&N Haveli,,,State/UT,2019-20,2019-20,Milk,Milk,1.21,000 tonnes,0.0006,All-India production share (%),0.0,,,,,,,,5,,,Pending local-data join,,,0,Not populated — needs local population/consumption/transactions,Not populated — needs OSM/Overpass or verified business directory,Not populated — government milk price series is separate,NOT LOCAL-MARKET COMPLETE,Cannot calculate until local competitors + local demand + local price are joined,"Join local competitor, population/demand and current price layers before scoring market gap",Official government — DAHD BAHS 2025,Missing,Official — DAHD BAHS 2025 Table 35,Not populated — requires Consumer Affairs price-series extraction,Not populated — Census/OGD layer to be joined,Not populated — OSM/Overpass business layer to be joined,Not populated — market/business geocoding layer to be joined,https://www.dahd.gov.in/schemes/programmes/animal-husbandry-statistics,https://www.data.gov.in/catalog/dailyweekly-retail-prices-milk,https://www.openstreetmap.org/,2026-09-28 web verification of source availability,Derived,Calculated from DAHD BAHS 2025 Table 35 official state and All-India totals,Milk production is official government data; blank market/competition/price fields are intentionally unfilled until their respective source datasets are joined.,61.45,57.6299,3.8201000000000036,All-India average; NOT local market price,2026-09-28,Department of Consumer Affairs - Price Monitoring System,REAL_OFFICIAL_REFERENCE
IN-DAIRY-0479,479,India,Daman & Diu and D&N Haveli,,,State/UT,2020-21,2020-21,Milk,Milk,1.4,000 tonnes,0.0007,All-India production share (%),0.0,,,,,,,,5,,,Pending local-data join,,,0,Not populated — needs local population/consumption/transactions,Not populated — needs OSM/Overpass or verified business directory,Not populated — government milk price series is separate,NOT LOCAL-MARKET COMPLETE,Cannot calculate until local competitors + local demand + local price are joined,"Join local competitor, population/demand and current price layers before scoring market gap",Official government — DAHD BAHS 2025,Missing,Official — DAHD BAHS 2025 Table 35,Not populated — requires Consumer Affairs price-series extraction,Not populated — Census/OGD layer to be joined,Not populated — OSM/Overpass business layer to be joined,Not populated — market/business geocoding layer to be joined,https://www.dahd.gov.in/schemes/programmes/animal-husbandry-statistics,https://www.data.gov.in/catalog/dailyweekly-retail-prices-milk,https://www.openstreetmap.org/,2026-09-28 web verification of source availability,Derived,Calculated from DAHD BAHS 2025 Table 35 official state and All-India totals,Milk production is official government data; blank market/competition/price fields are intentionally unfilled until their respective source datasets are joined.,61.45,57.6299,3.8201000000000036,All-India average; NOT local market price,2026-09-28,Department of Consumer Affairs - Price Monitoring System,REAL_OFFICIAL_REFERENCE
IN-DAIRY-0480,480,India,Daman & Diu and D&N Haveli,,,State/UT,2021-22,2021-22,Milk,Milk,1.66,000 tonnes,0.0007,All-India production share (%),0.0,,,,,,,,5,,,Pending local-data join,,,0,Not populated — needs local population/consumption/transactions,Not populated — needs OSM/Overpass or verified business directory,Not populated — government milk price series is separate,NOT LOCAL-MARKET COMPLETE,Cannot calculate until local competitors + local demand + local price are joined,"Join local competitor, population/demand and current price layers before scoring market gap",Official government — DAHD BAHS 2025,Missing,Official — DAHD BAHS 2025 Table 35,Not populated — requires Consumer Affairs price-series extraction,Not populated — Census/OGD layer to be joined,Not populated — OSM/Overpass business layer to be joined,Not populated — market/business geocoding layer to be joined,https://www.dahd.gov.in/schemes/programmes/animal-husbandry-statistics,https://www.data.gov.in/catalog/dailyweekly-retail-prices-milk,https://www.openstreetmap.org/,2026-09-28 web verification of source availability,Derived,Calculated from DAHD BAHS 2025 Table 35 official state and All-India totals,Milk production is official government data; blank market/competition/price fields are intentionally unfilled until their respective source datasets are joined.,61.45,57.6299,3.8201000000000036,All-India average; NOT local market price,2026-09-28,Department of Consumer Affairs - Price Monitoring System,REAL_OFFICIAL_REFERENCE
IN-DAIRY-0481,481,India,Daman & Diu and D&N Haveli,,,State/UT,2022-23,2022-23,Milk,Milk,1.8,000 tonnes,0.0008,All-India production share (%),0.0,,,,,,,,5,,,Pending local-data join,,,0,Not populated — needs local population/consumption/transactions,Not populated — needs OSM/Overpass or verified business directory,Not populated — government milk price series is separate,NOT LOCAL-MARKET COMPLETE,Cannot calculate until local competitors + local demand + local price are joined,"Join local competitor, population/demand and current price layers before scoring market gap",Official government — DAHD BAHS 2025,Missing,Official — DAHD BAHS 2025 Table 35,Not populated — requires Consumer Affairs price-series extraction,Not populated — Census/OGD layer to be joined,Not populated — OSM/Overpass business layer to be joined,Not populated — market/business geocoding layer to be joined,https://www.dahd.gov.in/schemes/programmes/animal-husbandry-statistics,https://www.data.gov.in/catalog/dailyweekly-retail-prices-milk,https://www.openstreetmap.org/,2026-09-28 web verification of source availability,Derived,Calculated from DAHD BAHS 2025 Table 35 official state and All-India totals,Milk production is official government data; blank market/competition/price fields are intentionally unfilled until their respective source datasets are joined.,61.45,57.6299,3.8201000000000036,All-India average; NOT local market price,2026-09-28,Department of Consumer Affairs - Price Monitoring System,REAL_OFFICIAL_REFERENCE
IN-DAIRY-0482,482,India,Daman & Diu and D&N Haveli,,,State/UT,2023-24,2023-24,Milk,Milk,1.82,000 tonnes,0.0008,All-India production share (%),0.0,,,,,,,,5,,,Pending local-data join,,,0,Not populated — needs local population/consumption/transactions,Not populated — needs OSM/Overpass or verified business directory,Not populated — government milk price series is separate,NOT LOCAL-MARKET COMPLETE,Cannot calculate until local competitors + local demand + local price are joined,"Join local competitor, population/demand and current price layers before scoring market gap",Official government — DAHD BAHS 2025,Missing,Official — DAHD BAHS 2025 Table 35,Not populated — requires Consumer Affairs price-series extraction,Not populated — Census/OGD layer to be joined,Not populated — OSM/Overpass business layer to be joined,Not populated — market/business geocoding layer to be joined,https://www.dahd.gov.in/schemes/programmes/animal-husbandry-statistics,https://www.data.gov.in/catalog/dailyweekly-retail-prices-milk,https://www.openstreetmap.org/,2026-09-28 web verification of source availability,Derived,Calculated from DAHD BAHS 2025 Table 35 official state and All-India totals,Milk production is official government data; blank market/competition/price fields are intentionally unfilled until their respective source datasets are joined.,61.45,57.6299,3.8201000000000036,All-India average; NOT local market price,2026-09-28,Department of Consumer Affairs - Price Monitoring System,REAL_OFFICIAL_REFERENCE
IN-DAIRY-0483,483,India,Daman & Diu and D&N Haveli,,,State/UT,2024-25,2024-25,Milk,Milk,1.84,000 tonnes,0.0007,All-India production share (%),0.0,,,,,,,,5,,,Pending local-data join,,,0,Not populated — needs local population/consumption/transactions,Not populated — needs OSM/Overpass or verified business directory,Not populated — government milk price series is separate,NOT LOCAL-MARKET COMPLETE,Cannot calculate until local competitors + local demand + local price are joined,"Join local competitor, population/demand and current price layers before scoring market gap",Official government — DAHD BAHS 2025,Missing,Official — DAHD BAHS 2025 Table 35,Not populated — requires Consumer Affairs price-series extraction,Not populated — Census/OGD layer to be joined,Not populated — OSM/Overpass business layer to be joined,Not populated — market/business geocoding layer to be joined,https://www.dahd.gov.in/schemes/programmes/animal-husbandry-statistics,https://www.data.gov.in/catalog/dailyweekly-retail-prices-milk,https://www.openstreetmap.org/,2026-09-28 web verification of source availability,Derived,Calculated from DAHD BAHS 2025 Table 35 official state and All-India totals,Milk production is official government data; blank market/competition/price fields are intentionally unfilled until their respective source datasets are joined.,61.45,57.6299,3.8201000000000036,All-India average; NOT local market price,2026-09-28,Department of Consumer Affairs - Price Monitoring System,REAL_OFFICIAL_REFERENCE
IN-DAIRY-0484,484,India,Delhi,,,State/UT,2018-19,2018-19,Milk,Milk,,000 tonnes,,All-India production share (%),,,,,,,,,5,,,Pending local-data join,,,0,Not populated — needs local population/consumption/transactions,Not populated — needs OSM/Overpass or verified business directory,Not populated — government milk price series is separate,NOT LOCAL-MARKET COMPLETE,Cannot calculate until local competitors + local demand + local price are joined,"Join local competitor, population/demand and current price layers before scoring market gap",Official government — DAHD BAHS 2025,Missing,Official — DAHD BAHS 2025 Table 35,Not populated — requires Consumer Affairs price-series extraction,Not populated — Census/OGD layer to be joined,Not populated — OSM/Overpass business layer to be joined,Not populated — market/business geocoding layer to be joined,https://www.dahd.gov.in/schemes/programmes/animal-husbandry-statistics,https://www.data.gov.in/catalog/dailyweekly-retail-prices-milk,https://www.openstreetmap.org/,2026-09-28 web verification of source availability,Derived,Calculated from DAHD BAHS 2025 Table 35 official state and All-India totals,Milk production is official government data; blank market/competition/price fields are intentionally unfilled until their respective source datasets are joined.,61.45,57.6299,3.8201000000000036,All-India average; NOT local market price,2026-09-28,Department of Consumer Affairs - Price Monitoring System,REAL_OFFICIAL_REFERENCE
IN-DAIRY-0485,485,India,Delhi,,,State/UT,2019-20,2019-20,Milk,Milk,,000 tonnes,,All-India production share (%),,,,,,,,,5,,,Pending local-data join,,,0,Not populated — needs local population/consumption/transactions,Not populated — needs OSM/Overpass or verified business directory,Not populated — government milk price series is separate,NOT LOCAL-MARKET COMPLETE,Cannot calculate until local competitors + local demand + local price are joined,"Join local competitor, population/demand and current price layers before scoring market gap",Official government — DAHD BAHS 2025,Missing,Official — DAHD BAHS 2025 Table 35,Not populated — requires Consumer Affairs price-series extraction,Not populated — Census/OGD layer to be joined,Not populated — OSM/Overpass business layer to be joined,Not populated — market/business geocoding layer to be joined,https://www.dahd.gov.in/schemes/programmes/animal-husbandry-statistics,https://www.data.gov.in/catalog/dailyweekly-retail-prices-milk,https://www.openstreetmap.org/,2026-09-28 web verification of source availability,Derived,Calculated from DAHD BAHS 2025 Table 35 official state and All-India totals,Milk production is official government data; blank market/competition/price fields are intentionally unfilled until their respective source datasets are joined.,61.45,57.6299,3.8201000000000036,All-India average; NOT local market price,2026-09-28,Department of Consumer Affairs - Price Monitoring System,REAL_OFFICIAL_REFERENCE
IN-DAIRY-0486,486,India,Delhi,,,State/UT,2020-21,2020-21,Milk,Milk,,000 tonnes,,All-India production share (%),,,,,,,,,5,,,Pending local-data join,,,0,Not populated — needs local population/consumption/transactions,Not populated — needs OSM/Overpass or verified business directory,Not populated — government milk price series is separate,NOT LOCAL-MARKET COMPLETE,Cannot calculate until local competitors + local demand + local price are joined,"Join local competitor, population/demand and current price layers before scoring market gap",Official government — DAHD BAHS 2025,Missing,Official — DAHD BAHS 2025 Table 35,Not populated — requires Consumer Affairs price-series extraction,Not populated — Census/OGD layer to be joined,Not populated — OSM/Overpass business layer to be joined,Not populated — market/business geocoding layer to be joined,https://www.dahd.gov.in/schemes/programmes/animal-husbandry-statistics,https://www.data.gov.in/catalog/dailyweekly-retail-prices-milk,https://www.openstreetmap.org/,2026-09-28 web verification of source availability,Derived,Calculated from DAHD BAHS 2025 Table 35 official state and All-India totals,Milk production is official government data; blank market/competition/price fields are intentionally unfilled until their respective source datasets are joined.,61.45,57.6299,3.8201000000000036,All-India average; NOT local market price,2026-09-28,Department of Consumer Affairs - Price Monitoring System,REAL_OFFICIAL_REFERENCE
IN-DAIRY-0487,487,India,Delhi,,,State/UT,2021-22,2021-22,Milk,Milk,,000 tonnes,,All-India production share (%),,,,,,,,,5,,,Pending local-data join,,,0,Not populated — needs local population/consumption/transactions,Not populated — needs OSM/Overpass or verified business directory,Not populated — government milk price series is separate,NOT LOCAL-MARKET COMPLETE,Cannot calculate until local competitors + local demand + local price are joined,"Join local competitor, population/demand and current price layers before scoring market gap",Official government — DAHD BAHS 2025,Missing,Official — DAHD BAHS 2025 Table 35,Not populated — requires Consumer Affairs price-series extraction,Not populated — Census/OGD layer to be joined,Not populated — OSM/Overpass business layer to be joined,Not populated — market/business geocoding layer to be joined,https://www.dahd.gov.in/schemes/programmes/animal-husbandry-statistics,https://www.data.gov.in/catalog/dailyweekly-retail-prices-milk,https://www.openstreetmap.org/,2026-09-28 web verification of source availability,Derived,Calculated from DAHD BAHS 2025 Table 35 official state and All-India totals,Milk production is official government data; blank market/competition/price fields are intentionally unfilled until their respective source datasets are joined.,61.45,57.6299,3.8201000000000036,All-India average; NOT local market price,2026-09-28,Department of Consumer Affairs - Price Monitoring System,REAL_OFFICIAL_REFERENCE
IN-DAIRY-0488,488,India,Delhi,,,State/UT,2022-23,2022-23,Milk,Milk,487.74,000 tonnes,0.2115,All-India production share (%),1.34,,,,,,,,5,,,Pending local-data join,,,0,Not populated — needs local population/consumption/transactions,Not populated — needs OSM/Overpass or verified business directory,Not populated — government milk price series is separate,NOT LOCAL-MARKET COMPLETE,Cannot calculate until local competitors + local demand + local price are joined,"Join local competitor, population/demand and current price layers before scoring market gap",Official government — DAHD BAHS 2025,Missing,Official — DAHD BAHS 2025 Table 35,Not populated — requires Consumer Affairs price-series extraction,Not populated — Census/OGD layer to be joined,Not populated — OSM/Overpass business layer to be joined,Not populated — market/business geocoding layer to be joined,https://www.dahd.gov.in/schemes/programmes/animal-husbandry-statistics,https://www.data.gov.in/catalog/dailyweekly-retail-prices-milk,https://www.openstreetmap.org/,2026-09-28 web verification of source availability,Derived,Calculated from DAHD BAHS 2025 Table 35 official state and All-India totals,Milk production is official government data; blank market/competition/price fields are intentionally unfilled until their respective source datasets are joined.,61.45,57.6299,3.8201000000000036,All-India average; NOT local market price,2026-09-28,Department of Consumer Affairs - Price Monitoring System,REAL_OFFICIAL_REFERENCE
IN-DAIRY-0489,489,India,Delhi,,,State/UT,2023-24,2023-24,Milk,Milk,487.74,000 tonnes,0.2038,All-India production share (%),1.26,,,,,,,,5,,,Pending local-data join,,,0,Not populated — needs local population/consumption/transactions,Not populated — needs OSM/Overpass or verified business directory,Not populated — government milk price series is separate,NOT LOCAL-MARKET COMPLETE,Cannot calculate until local competitors + local demand + local price are joined,"Join local competitor, population/demand and current price layers before scoring market gap",Official government — DAHD BAHS 2025,Missing,Official — DAHD BAHS 2025 Table 35,Not populated — requires Consumer Affairs price-series extraction,Not populated — Census/OGD layer to be joined,Not populated — OSM/Overpass business layer to be joined,Not populated — market/business geocoding layer to be joined,https://www.dahd.gov.in/schemes/programmes/animal-husbandry-statistics,https://www.data.gov.in/catalog/dailyweekly-retail-prices-milk,https://www.openstreetmap.org/,2026-09-28 web verification of source availability,Derived,Calculated from DAHD BAHS 2025 Table 35 official state and All-India totals,Milk production is official government data; blank market/competition/price fields are intentionally unfilled until their respective source datasets are joined.,61.45,57.6299,3.8201000000000036,All-India average; NOT local market price,2026-09-28,Department of Consumer Affairs - Price Monitoring System,REAL_OFFICIAL_REFERENCE
IN-DAIRY-0490,490,India,Delhi,,,State/UT,2024-25,2024-25,Milk,Milk,413.51,000 tonnes,0.1668,All-India production share (%),1.06,,,,,,,,5,,,Pending local-data join,,,0,Not populated — needs local population/consumption/transactions,Not populated — needs OSM/Overpass or verified business directory,Not populated — government milk price series is separate,NOT LOCAL-MARKET COMPLETE,Cannot calculate until local competitors + local demand + local price are joined,"Join local competitor, population/demand and current price layers before scoring market gap",Official government — DAHD BAHS 2025,Missing,Official — DAHD BAHS 2025 Table 35,Not populated — requires Consumer Affairs price-series extraction,Not populated — Census/OGD layer to be joined,Not populated — OSM/Overpass business layer to be joined,Not populated — market/business geocoding layer to be joined,https://www.dahd.gov.in/schemes/programmes/animal-husbandry-statistics,https://www.data.gov.in/catalog/dailyweekly-retail-prices-milk,https://www.openstreetmap.org/,2026-09-28 web verification of source availability,Derived,Calculated from DAHD BAHS 2025 Table 35 official state and All-India totals,Milk production is official government data; blank market/competition/price fields are intentionally unfilled until their respective source datasets are joined.,61.45,57.6299,3.8201000000000036,All-India average; NOT local market price,2026-09-28,Department of Consumer Affairs - Price Monitoring System,REAL_OFFICIAL_REFERENCE
IN-DAIRY-0491,491,India,Lakshadweep,,,State/UT,2018-19,2018-19,Milk,Milk,3.66,000 tonnes,0.0019,All-India production share (%),0.01,,,,,,,,5,,,Pending local-data join,,,0,Not populated — needs local population/consumption/transactions,Not populated — needs OSM/Overpass or verified business directory,Not populated — government milk price series is separate,NOT LOCAL-MARKET COMPLETE,Cannot calculate until local competitors + local demand + local price are joined,"Join local competitor, population/demand and current price layers before scoring market gap",Official government — DAHD BAHS 2025,Missing,Official — DAHD BAHS 2025 Table 35,Not populated — requires Consumer Affairs price-series extraction,Not populated — Census/OGD layer to be joined,Not populated — OSM/Overpass business layer to be joined,Not populated — market/business geocoding layer to be joined,https://www.dahd.gov.in/schemes/programmes/animal-husbandry-statistics,https://www.data.gov.in/catalog/dailyweekly-retail-prices-milk,https://www.openstreetmap.org/,2026-09-28 web verification of source availability,Derived,Calculated from DAHD BAHS 2025 Table 35 official state and All-India totals,Milk production is official government data; blank market/competition/price fields are intentionally unfilled until their respective source datasets are joined.,61.45,57.6299,3.8201000000000036,All-India average; NOT local market price,2026-09-28,Department of Consumer Affairs - Price Monitoring System,REAL_OFFICIAL_REFERENCE
IN-DAIRY-0492,492,India,Lakshadweep,,,State/UT,2019-20,2019-20,Milk,Milk,3.78,000 tonnes,0.0019,All-India production share (%),0.01,,,,,,,,5,,,Pending local-data join,,,0,Not populated — needs local population/consumption/transactions,Not populated — needs OSM/Overpass or verified business directory,Not populated — government milk price series is separate,NOT LOCAL-MARKET COMPLETE,Cannot calculate until local competitors + local demand + local price are joined,"Join local competitor, population/demand and current price layers before scoring market gap",Official government — DAHD BAHS 2025,Missing,Official — DAHD BAHS 2025 Table 35,Not populated — requires Consumer Affairs price-series extraction,Not populated — Census/OGD layer to be joined,Not populated — OSM/Overpass business layer to be joined,Not populated — market/business geocoding layer to be joined,https://www.dahd.gov.in/schemes/programmes/animal-husbandry-statistics,https://www.data.gov.in/catalog/dailyweekly-retail-prices-milk,https://www.openstreetmap.org/,2026-09-28 web verification of source availability,Derived,Calculated from DAHD BAHS 2025 Table 35 official state and All-India totals,Milk production is official government data; blank market/competition/price fields are intentionally unfilled until their respective source datasets are joined.,61.45,57.6299,3.8201000000000036,All-India average; NOT local market price,2026-09-28,Department of Consumer Affairs - Price Monitoring System,REAL_OFFICIAL_REFERENCE
IN-DAIRY-0493,493,India,Lakshadweep,,,State/UT,2020-21,2020-21,Milk,Milk,3.81,000 tonnes,0.0018,All-India production share (%),0.01,,,,,,,,5,,,Pending local-data join,,,0,Not populated — needs local population/consumption/transactions,Not populated — needs OSM/Overpass or verified business directory,Not populated — government milk price series is separate,NOT LOCAL-MARKET COMPLETE,Cannot calculate until local competitors + local demand + local price are joined,"Join local competitor, population/demand and current price layers before scoring market gap",Official government — DAHD BAHS 2025,Missing,Official — DAHD BAHS 2025 Table 35,Not populated — requires Consumer Affairs price-series extraction,Not populated — Census/OGD layer to be joined,Not populated — OSM/Overpass business layer to be joined,Not populated — market/business geocoding layer to be joined,https://www.dahd.gov.in/schemes/programmes/animal-husbandry-statistics,https://www.data.gov.in/catalog/dailyweekly-retail-prices-milk,https://www.openstreetmap.org/,2026-09-28 web verification of source availability,Derived,Calculated from DAHD BAHS 2025 Table 35 official state and All-India totals,Milk production is official government data; blank market/competition/price fields are intentionally unfilled until their respective source datasets are joined.,61.45,57.6299,3.8201000000000036,All-India average; NOT local market price,2026-09-28,Department of Consumer Affairs - Price Monitoring System,REAL_OFFICIAL_REFERENCE
IN-DAIRY-0494,494,India,Lakshadweep,,,State/UT,2021-22,2021-22,Milk,Milk,0.42,000 tonnes,0.0002,All-India production share (%),0.0,,,,,,,,5,,,Pending local-data join,,,0,Not populated — needs local population/consumption/transactions,Not populated — needs OSM/Overpass or verified business directory,Not populated — government milk price series is separate,NOT LOCAL-MARKET COMPLETE,Cannot calculate until local competitors + local demand + local price are joined,"Join local competitor, population/demand and current price layers before scoring market gap",Official government — DAHD BAHS 2025,Missing,Official — DAHD BAHS 2025 Table 35,Not populated — requires Consumer Affairs price-series extraction,Not populated — Census/OGD layer to be joined,Not populated — OSM/Overpass business layer to be joined,Not populated — market/business geocoding layer to be joined,https://www.dahd.gov.in/schemes/programmes/animal-husbandry-statistics,https://www.data.gov.in/catalog/dailyweekly-retail-prices-milk,https://www.openstreetmap.org/,2026-09-28 web verification of source availability,Derived,Calculated from DAHD BAHS 2025 Table 35 official state and All-India totals,Milk production is official government data; blank market/competition/price fields are intentionally unfilled until their respective source datasets are joined.,61.45,57.6299,3.8201000000000036,All-India average; NOT local market price,2026-09-28,Department of Consumer Affairs - Price Monitoring System,REAL_OFFICIAL_REFERENCE
IN-DAIRY-0495,495,India,Lakshadweep,,,State/UT,2022-23,2022-23,Milk,Milk,0.41,000 tonnes,0.0002,All-India production share (%),0.0,,,,,,,,5,,,Pending local-data join,,,0,Not populated — needs local population/consumption/transactions,Not populated — needs OSM/Overpass or verified business directory,Not populated — government milk price series is separate,NOT LOCAL-MARKET COMPLETE,Cannot calculate until local competitors + local demand + local price are joined,"Join local competitor, population/demand and current price layers before scoring market gap",Official government — DAHD BAHS 2025,Missing,Official — DAHD BAHS 2025 Table 35,Not populated — requires Consumer Affairs price-series extraction,Not populated — Census/OGD layer to be joined,Not populated — OSM/Overpass business layer to be joined,Not populated — market/business geocoding layer to be joined,https://www.dahd.gov.in/schemes/programmes/animal-husbandry-statistics,https://www.data.gov.in/catalog/dailyweekly-retail-prices-milk,https://www.openstreetmap.org/,2026-09-28 web verification of source availability,Derived,Calculated from DAHD BAHS 2025 Table 35 official state and All-India totals,Milk production is official government data; blank market/competition/price fields are intentionally unfilled until their respective source datasets are joined.,61.45,57.6299,3.8201000000000036,All-India average; NOT local market price,2026-09-28,Department of Consumer Affairs - Price Monitoring System,REAL_OFFICIAL_REFERENCE
IN-DAIRY-0496,496,India,Lakshadweep,,,State/UT,2023-24,2023-24,Milk,Milk,0.39,000 tonnes,0.0002,All-India production share (%),0.0,,,,,,,,5,,,Pending local-data join,,,0,Not populated — needs local population/consumption/transactions,Not populated — needs OSM/Overpass or verified business directory,Not populated — government milk price series is separate,NOT LOCAL-MARKET COMPLETE,Cannot calculate until local competitors + local demand + local price are joined,"Join local competitor, population/demand and current price layers before scoring market gap",Official government — DAHD BAHS 2025,Missing,Official — DAHD BAHS 2025 Table 35,Not populated — requires Consumer Affairs price-series extraction,Not populated — Census/OGD layer to be joined,Not populated — OSM/Overpass business layer to be joined,Not populated — market/business geocoding layer to be joined,https://www.dahd.gov.in/schemes/programmes/animal-husbandry-statistics,https://www.data.gov.in/catalog/dailyweekly-retail-prices-milk,https://www.openstreetmap.org/,2026-09-28 web verification of source availability,Derived,Calculated from DAHD BAHS 2025 Table 35 official state and All-India totals,Milk production is official government data; blank market/competition/price fields are intentionally unfilled until their respective source datasets are joined.,61.45,57.6299,3.8201000000000036,All-India average; NOT local market price,2026-09-28,Department of Consumer Affairs - Price Monitoring System,REAL_OFFICIAL_REFERENCE
IN-DAIRY-0497,497,India,Lakshadweep,,,State/UT,2024-25,2024-25,Milk,Milk,0.42,000 tonnes,0.0002,All-India production share (%),0.0,,,,,,,,5,,,Pending local-data join,,,0,Not populated — needs local population/consumption/transactions,Not populated — needs OSM/Overpass or verified business directory,Not populated — government milk price series is separate,NOT LOCAL-MARKET COMPLETE,Cannot calculate until local competitors + local demand + local price are joined,"Join local competitor, population/demand and current price layers before scoring market gap",Official government — DAHD BAHS 2025,Missing,Official — DAHD BAHS 2025 Table 35,Not populated — requires Consumer Affairs price-series extraction,Not populated — Census/OGD layer to be joined,Not populated — OSM/Overpass business layer to be joined,Not populated — market/business geocoding layer to be joined,https://www.dahd.gov.in/schemes/programmes/animal-husbandry-statistics,https://www.data.gov.in/catalog/dailyweekly-retail-prices-milk,https://www.openstreetmap.org/,2026-09-28 web verification of source availability,Derived,Calculated from DAHD BAHS 2025 Table 35 official state and All-India totals,Milk production is official government data; blank market/competition/price fields are intentionally unfilled until their respective source datasets are joined.,61.45,57.6299,3.8201000000000036,All-India average; NOT local market price,2026-09-28,Department of Consumer Affairs - Price Monitoring System,REAL_OFFICIAL_REFERENCE
IN-DAIRY-0498,498,India,Puducherry,,,State/UT,2018-19,2018-19,Milk,Milk,49.2,000 tonnes,0.0262,All-India production share (%),0.16,,,,,,,,5,,,Pending local-data join,,,0,Not populated — needs local population/consumption/transactions,Not populated — needs OSM/Overpass or verified business directory,Not populated — government milk price series is separate,NOT LOCAL-MARKET COMPLETE,Cannot calculate until local competitors + local demand + local price are joined,"Join local competitor, population/demand and current price layers before scoring market gap",Official government — DAHD BAHS 2025,Missing,Official — DAHD BAHS 2025 Table 35,Not populated — requires Consumer Affairs price-series extraction,Not populated — Census/OGD layer to be joined,Not populated — OSM/Overpass business layer to be joined,Not populated — market/business geocoding layer to be joined,https://www.dahd.gov.in/schemes/programmes/animal-husbandry-statistics,https://www.data.gov.in/catalog/dailyweekly-retail-prices-milk,https://www.openstreetmap.org/,2026-09-28 web verification of source availability,Derived,Calculated from DAHD BAHS 2025 Table 35 official state and All-India totals,Milk production is official government data; blank market/competition/price fields are intentionally unfilled until their respective source datasets are joined.,61.45,57.6299,3.8201000000000036,All-India average; NOT local market price,2026-09-28,Department of Consumer Affairs - Price Monitoring System,REAL_OFFICIAL_REFERENCE
IN-DAIRY-0499,499,India,Puducherry,,,State/UT,2019-20,2019-20,Milk,Milk,49.5,000 tonnes,0.0249,All-India production share (%),0.15,,,,,,,,5,,,Pending local-data join,,,0,Not populated — needs local population/consumption/transactions,Not populated — needs OSM/Overpass or verified business directory,Not populated — government milk price series is separate,NOT LOCAL-MARKET COMPLETE,Cannot calculate until local competitors + local demand + local price are joined,"Join local competitor, population/demand and current price layers before scoring market gap",Official government — DAHD BAHS 2025,Missing,Official — DAHD BAHS 2025 Table 35,Not populated — requires Consumer Affairs price-series extraction,Not populated — Census/OGD layer to be joined,Not populated — OSM/Overpass business layer to be joined,Not populated — market/business geocoding layer to be joined,https://www.dahd.gov.in/schemes/programmes/animal-husbandry-statistics,https://www.data.gov.in/catalog/dailyweekly-retail-prices-milk,https://www.openstreetmap.org/,2026-09-28 web verification of source availability,Derived,Calculated from DAHD BAHS 2025 Table 35 official state and All-India totals,Milk production is official government data; blank market/competition/price fields are intentionally unfilled until their respective source datasets are joined.,61.45,57.6299,3.8201000000000036,All-India average; NOT local market price,2026-09-28,Department of Consumer Affairs - Price Monitoring System,REAL_OFFICIAL_REFERENCE
IN-DAIRY-0500,500,India,Puducherry,,,State/UT,2020-21,2020-21,Milk,Milk,49.5,000 tonnes,0.0236,All-India production share (%),0.15,,,,,,,,5,,,Pending local-data join,,,0,Not populated — needs local population/consumption/transactions,Not populated — needs OSM/Overpass or verified business directory,Not populated — government milk price series is separate,NOT LOCAL-MARKET COMPLETE,Cannot calculate until local competitors + local demand + local price are joined,"Join local competitor, population/demand and current price layers before scoring market gap",Official government — DAHD BAHS 2025,Missing,Official — DAHD BAHS 2025 Table 35,Not populated — requires Consumer Affairs price-series extraction,Not populated — Census/OGD layer to be joined,Not populated — OSM/Overpass business layer to be joined,Not populated — market/business geocoding layer to be joined,https://www.dahd.gov.in/schemes/programmes/animal-husbandry-statistics,https://www.data.gov.in/catalog/dailyweekly-retail-prices-milk,https://www.openstreetmap.org/,2026-09-28 web verification of source availability,Derived,Calculated from DAHD BAHS 2025 Table 35 official state and All-India totals,Milk production is official government data; blank market/competition/price fields are intentionally unfilled until their respective source datasets are joined.,61.45,57.6299,3.8201000000000036,All-India average; NOT local market price,2026-09-28,Department of Consumer Affairs - Price Monitoring System,REAL_OFFICIAL_REFERENCE
IN-DAIRY-0501,501,India,Puducherry,,,State/UT,2021-22,2021-22,Milk,Milk,49.97,000 tonnes,0.0225,All-India production share (%),0.15,,,,,,,,5,,,Pending local-data join,,,0,Not populated — needs local population/consumption/transactions,Not populated — needs OSM/Overpass or verified business directory,Not populated — government milk price series is separate,NOT LOCAL-MARKET COMPLETE,Cannot calculate until local competitors + local demand + local price are joined,"Join local competitor, population/demand and current price layers before scoring market gap",Official government — DAHD BAHS 2025,Missing,Official — DAHD BAHS 2025 Table 35,Not populated — requires Consumer Affairs price-series extraction,Not populated — Census/OGD layer to be joined,Not populated — OSM/Overpass business layer to be joined,Not populated — market/business geocoding layer to be joined,https://www.dahd.gov.in/schemes/programmes/animal-husbandry-statistics,https://www.data.gov.in/catalog/dailyweekly-retail-prices-milk,https://www.openstreetmap.org/,2026-09-28 web verification of source availability,Derived,Calculated from DAHD BAHS 2025 Table 35 official state and All-India totals,Milk production is official government data; blank market/competition/price fields are intentionally unfilled until their respective source datasets are joined.,61.45,57.6299,3.8201000000000036,All-India average; NOT local market price,2026-09-28,Department of Consumer Affairs - Price Monitoring System,REAL_OFFICIAL_REFERENCE
IN-DAIRY-0502,502,India,Puducherry,,,State/UT,2022-23,2022-23,Milk,Milk,49.65,000 tonnes,0.0215,All-India production share (%),0.14,,,,,,,,5,,,Pending local-data join,,,0,Not populated — needs local population/consumption/transactions,Not populated — needs OSM/Overpass or verified business directory,Not populated — government milk price series is separate,NOT LOCAL-MARKET COMPLETE,Cannot calculate until local competitors + local demand + local price are joined,"Join local competitor, population/demand and current price layers before scoring market gap",Official government — DAHD BAHS 2025,Missing,Official — DAHD BAHS 2025 Table 35,Not populated — requires Consumer Affairs price-series extraction,Not populated — Census/OGD layer to be joined,Not populated — OSM/Overpass business layer to be joined,Not populated — market/business geocoding layer to be joined,https://www.dahd.gov.in/schemes/programmes/animal-husbandry-statistics,https://www.data.gov.in/catalog/dailyweekly-retail-prices-milk,https://www.openstreetmap.org/,2026-09-28 web verification of source availability,Derived,Calculated from DAHD BAHS 2025 Table 35 official state and All-India totals,Milk production is official government data; blank market/competition/price fields are intentionally unfilled until their respective source datasets are joined.,61.45,57.6299,3.8201000000000036,All-India average; NOT local market price,2026-09-28,Department of Consumer Affairs - Price Monitoring System,REAL_OFFICIAL_REFERENCE
IN-DAIRY-0503,503,India,Puducherry,,,State/UT,2023-24,2023-24,Milk,Milk,49.75,000 tonnes,0.0208,All-India production share (%),0.13,,,,,,,,5,,,Pending local-data join,,,0,Not populated — needs local population/consumption/transactions,Not populated — needs OSM/Overpass or verified business directory,Not populated — government milk price series is separate,NOT LOCAL-MARKET COMPLETE,Cannot calculate until local competitors + local demand + local price are joined,"Join local competitor, population/demand and current price layers before scoring market gap",Official government — DAHD BAHS 2025,Missing,Official — DAHD BAHS 2025 Table 35,Not populated — requires Consumer Affairs price-series extraction,Not populated — Census/OGD layer to be joined,Not populated — OSM/Overpass business layer to be joined,Not populated — market/business geocoding layer to be joined,https://www.dahd.gov.in/schemes/programmes/animal-husbandry-statistics,https://www.data.gov.in/catalog/dailyweekly-retail-prices-milk,https://www.openstreetmap.org/,2026-09-28 web verification of source availability,Derived,Calculated from DAHD BAHS 2025 Table 35 official state and All-India totals,Milk production is official government data; blank market/competition/price fields are intentionally unfilled until their respective source datasets are joined.,61.45,57.6299,3.8201000000000036,All-India average; NOT local market price,2026-09-28,Department of Consumer Affairs - Price Monitoring System,REAL_OFFICIAL_REFERENCE
IN-DAIRY-0504,504,India,Puducherry,,,State/UT,2024-25,2024-25,Milk,Milk,58.05,000 tonnes,0.0234,All-India production share (%),0.15,,,,,,,,5,,,Pending local-data join,,,0,Not populated — needs local population/consumption/transactions,Not populated — needs OSM/Overpass or verified business directory,Not populated — government milk price series is separate,NOT LOCAL-MARKET COMPLETE,Cannot calculate until local competitors + local demand + local price are joined,"Join local competitor, population/demand and current price layers before scoring market gap",Official government — DAHD BAHS 2025,Missing,Official — DAHD BAHS 2025 Table 35,Not populated — requires Consumer Affairs price-series extraction,Not populated — Census/OGD layer to be joined,Not populated — OSM/Overpass business layer to be joined,Not populated — market/business geocoding layer to be joined,https://www.dahd.gov.in/schemes/programmes/animal-husbandry-statistics,https://www.data.gov.in/catalog/dailyweekly-retail-prices-milk,https://www.openstreetmap.org/,2026-09-28 web verification of source availability,Derived,Calculated from DAHD BAHS 2025 Table 35 official state and All-India totals,Milk production is official government data; blank market/competition/price fields are intentionally unfilled until their respective source datasets are joined.,61.45,57.6299,3.8201000000000036,All-India average; NOT local market price,2026-09-28,Department of Consumer Affairs - Price Monitoring System,REAL_OFFICIAL_REFERENCE
